Unnamed: 0,Processing,Ag,Al,B,Be,Bi,Cd,Co,Cr,Cu,Er,Eu,Fe,Ga,Li,Mg,Mn,Ni,Pb,Sc,Si,Sn,Ti,V,Zn,Zr,Elongation (%),Tensile Strength (MPa),Yield Strength (MPa),class
0.0,Solutionised  + Artificially peak aged,0.0,0.8801100000000001,0.0,0.0,0.0,0.0,0.0,0.0,0.0198,0.0,0.0,0.00055,0.0,0.0,0.0212,0.0,0.0,0.0,0.0,0.0003399999999999,0.0,0.0,0.0,0.0768,0.0012,16.8,651.6,583.3,2
1.0,Solutionised + Artificially over aged,0.0,0.8801100000000001,0.0,0.0,0.0,0.0,0.0,0.0,0.0198,0.0,0.0,0.00055,0.0,0.0,0.0212,0.0,0.0,0.0,0.0,0.0003399999999999,0.0,0.0,0.0,0.0768,0.0012,15.4,557.0,513.0,4
2.0,Solutionised  + Artificially peak aged,0.0,0.9945,0.0,0.0,0.0,0.0,0.0,0.0,0.0,0.0,0.0,0.0,0.0,0.0,0.0,0.0,0.0,0.0,0.0055,0.0,0.0,0.0,0.0,0.0,0.0,10.5,320.0,300.0,2
3.0,Solutionised  + Artificially peak aged,0.0,0.9925,0.0,0.0,0.0,0.0,0.0,0.0,0.0,0.0,0.0,0.0,0.0,0.0,0.0,0.0,0.0,0.0,0.0075,0.0,0.0,0.0,0.0,0.0,0.0,4.5,280.0,265.0,2
4.0,Solutionised  + Artificially peak aged,0.0,0.99,0.0,0.0,0.0,0.0,0.0,0.0,0.0,0.0,0.0,0.0,0.0,0.0,0.0,0.0,0.0,0.0,0.01,0.0,0.0,0.0,0.0,0.0,0.0,7.0,325.0,290.0,2
5.0,Solutionised  + Artificially peak aged,0.0,0.9875,0.0,0.0,0.0,0.0,0.0,0.0,0.0,0.0,0.0,0.0,0.0,0.0,0.0,0.0,0.0,0.0,0.0125,0.0,0.0,0.0,0.0,0.0,0.0,7.5,270.0,220.0,2
6.0,Solutionised  + Artificially peak aged,0.0,0.96,0.0,0.0,0.0,0.0,0.0,0.0,0.0,0.0,0.0,0.0,0.0,0.0,0.04,0.0,0.0,0.0,0.0,0.0,0.0,0.0,0.0,0.0,0.0,25.0,190.0,90.0,2
7.0,Solutionised  + Artificially peak aged,0.0,0.955,0.0,0.0,0.0,0.0,0.0,0.0,0.0,0.0,0.0,0.0,0.0,0.0,0.04,0.0,0.0,0.0,0.005,0.0,0.0,0.0,0.0,0.0,0.0,13.0,430.0,350.0,2
8.0,Solutionised  + Artificially peak aged,0.0,0.9545,0.0,0.0,0.0,0.0,0.0,0.0,0.0,0.0,0.0,0.0,0.0,0.0,0.04,0.0,0.0,0.0,0.0055,0.0,0.0,0.0,0.0,0.0,0.0,,460.0,415.0,2
9.0,Solutionised  + Artificially peak aged,0.0,0.95,0.0,0.0,0.0,0.0,0.0,0.0,0.0,0.0,0.0,0.0,0.0,0.0,0.04,0.0,0.0,0.0,0.01,0.0,0.0,0.0,0.0,0.0,0.0,8.0,530.0,410.0,2
10.0,No Processing,0.0007,0.9208,0.0,0.0,0.0,0.0,0.0,0.0,0.0637,0.0,0.0,0.0057,0.0,0.0,0.0001,0.0018,0.0,0.0,0.0,0.0,0.0,0.0006,0.0,0.0066,0.0,1.8,135.0,80.0,1
11.0,No Processing,0.0,0.916,0.0,0.0,0.0,0.0,0.0,0.0,0.0685,0.0,0.0,0.006,0.0,0.0,0.0001,0.002,0.0,0.0,0.0,0.0,0.0,0.0006,0.0,0.0068,0.0,1.8,135.0,85.0,1
12.0,No Processing,0.0003,0.9153,0.0,0.0,0.0,0.0,0.0,0.0,0.0678,0.0,0.0,0.0062,0.0,0.0,0.0001,0.0019,0.0,0.0,0.0,0.0,0.0,0.0008,0.0,0.0076,0.0,2.0,165.0,100.0,1
13.0,No Processing,0.001,0.9151,0.0,0.0,0.0,0.0,0.0,0.0,0.0684,0.0,0.0,0.0061,0.0,0.0,0.0001,0.0018,0.0,0.0,0.0,0.0,0.0,0.0002,0.0,0.0073,0.0,1.8,150.0,90.0,1
14.0,No Processing,0.0,0.9233,0.0,0.0,0.0,0.0,0.0,0.0,0.0,0.0,0.0,0.0012,0.0,0.0,0.0045,0.0,0.0,0.0,0.0,0.071,0.0,0.0,0.0,0.0,0.0,4.2,183.0,,1
15.0,No Processing,0.0,0.9223,0.0,0.0,0.0,0.0,0.0,0.0,0.0,0.001,0.0,0.0012,0.0,0.0,0.0045,0.0,0.0,0.0,0.0,0.071,0.0,0.0,0.0,0.0,0.0,3.5,189.0,,1
16.0,No Processing,0.0,0.9213,0.0,0.0,0.0,0.0,0.0,0.0,0.0,0.002,0.0,0.0012,0.0,0.0,0.0045,0.0,0.0,0.0,0.0,0.071,0.0,0.0,0.0,0.0,0.0,3.2,191.0,,1
17.0,No Processing,0.0,0.9203,0.0,0.0,0.0,0.0,0.0,0.0,0.0,0.003,0.0,0.0012,0.0,0.0,0.0045,0.0,0.0,0.0,0.0,0.071,0.0,0.0,0.0,0.0,0.0,2.4,195.3,,1
18.0,No Processing,0.0,0.9193,0.0,0.0,0.0,0.0,0.0,0.0,0.0,0.004,0.0,0.0012,0.0,0.0,0.0045,0.0,0.0,0.0,0.0,0.071,0.0,0.0,0.0,0.0,0.0,2.0,180.0,,1
19.0,No Processing,0.0,0.9003,0.0,0.0,0.0,0.0,0.0,0.0,0.0,0.0,0.0,0.0017,0.0,0.0,0.0289999999999999,0.0,0.0,0.0,0.0,0.069,0.0,0.0,0.0,0.0,0.0,7.4,176.0,,1
20.0,No Processing,0.0,0.89861,0.0,0.0,0.0,0.0,0.0,0.0,0.0,0.0,0.00079,0.0016,0.0,0.0,0.03,0.0,0.0,0.0,0.0,0.069,0.0,0.0,0.0,0.0,0.0,9.2,190.0,,1
21.0,No Processing,0.0,0.89792,0.0,0.0,0.0,0.0,0.0,0.0,0.0,0.0,0.00028,0.0018,0.0,0.0,0.0279999999999999,0.0,0.0,0.0,0.0,0.072,0.0,0.0,0.0,0.0,0.0,7.7,187.0,,1
22.0,No Processing,0.0,0.89745,0.0,0.0,0.0,0.0,0.0,0.0,0.0,0.0,0.00095,0.0016,0.0,0.0,0.0289999999999999,0.0,0.0,0.0,0.0,0.071,0.0,0.0,0.0,0.0,0.0,8.2,204.0,,1
23.0,No Processing,0.0,0.89571,0.0,0.0,0.0,0.0,0.0,0.0,0.0,0.0,0.00069,0.0016,0.0,0.0,0.0279999999999999,0.0,0.0,0.0,0.0,0.074,0.0,0.0,0.0,0.0,0.0,8.9,188.0,,1
24.0,No Processing,0.0,0.8940799999999999,0.0,0.0,0.0,0.0,0.0,0.0,0.0,0.0,0.0001199999999999,0.0018,0.0,0.0,0.031,0.0,0.0,0.0,0.0,0.073,0.0,0.0,0.0,0.0,0.0,7.3,174.0,,1
25.0,Solutionised  + Artificially peak aged,0.0,0.9985,0.0,0.0,0.0,0.0,0.0,0.0,0.0,0.0,0.0,0.0,0.0,0.0,0.0,0.0,0.0,0.0,0.0015,0.0,0.0,0.0,0.0,0.0,0.0,,,110.0,2
26.0,Solutionised  + Artificially peak aged,0.0,0.9975,0.0,0.0,0.0,0.0,0.0,0.0,0.0,0.0,0.0,0.0,0.0,0.0,0.0,0.0,0.0,0.0,0.0025,0.0,0.0,0.0,0.0,0.0,0.0,,,185.0,2
27.0,Solutionised  + Artificially peak aged,0.0,0.996,0.0,0.0,0.0,0.0,0.0,0.0,0.0,0.0,0.0,0.0,0.0,0.0,0.0,0.0,0.0,0.0,0.004,0.0,0.0,0.0,0.0,0.0,0.0,,,220.0,2
28.0,Solutionised  + Artificially peak aged,0.0,0.9945,0.0,0.0,0.0,0.0,0.0,0.0,0.0,0.0,0.0,0.0,0.0,0.0,0.0,0.0,0.0,0.0,0.0055,0.0,0.0,0.0,0.0,0.0,0.0,,,260.0,2
29.0,Solutionised  + Artificially peak aged,0.0,0.9935,0.0,0.0,0.0,0.0,0.0,0.0,0.0,0.0,0.0,0.0,0.0,0.0,0.0,0.0,0.0,0.0,0.0065,0.0,0.0,0.0,0.0,0.0,0.0,,,170.0,2
30.0,Solutionised  + Artificially peak aged,0.0,0.989,0.0,0.0,0.0,0.0,0.0,0.0,0.0,0.0,0.0,0.0,0.0,0.0,0.0,0.0,0.0,0.0,0.011,0.0,0.0,0.0,0.0,0.0,0.0,,,165.0,2
31.0,Solutionised  + Artificially peak aged,0.0,0.9855,0.0,0.0,0.0,0.0,0.0,0.0,0.0,0.0,0.0,0.0,0.0,0.0,0.0,0.0,0.0,0.0,0.0145,0.0,0.0,0.0,0.0,0.0,0.0,,,160.0,2
32.0,Solutionised  + Artificially peak aged,0.0,0.99,0.0,0.0,0.0,0.0,0.0,0.0,0.0,0.0,0.0,0.0,0.0,0.0,0.0,0.0,0.0,0.0,0.01,0.0,0.0,0.0,0.0,0.0,0.0,,,275.0,2
33.0,No Processing,0.0,0.88282,0.0,0.0,0.0,0.0,0.0,0.0018,0.017,0.0,0.0,0.0022,0.0,0.0,0.0275,0.0,0.001,0.0,0.0,0.0006,0.0,0.00028,0.0,0.0668,0.0,,198.0,172.0,1
34.0,Solutionised  + Artificially peak aged,0.0,0.9977,0.0,0.0,0.0,0.0,0.0,0.0,0.0,0.0,0.0,0.0,0.0,0.0,0.0,0.0,0.0,0.0,0.0023,0.0,0.0,0.0,0.0,0.0,0.0,,185.0,159.0,2
35.0,Solutionised  + Artificially peak aged,0.0,0.9962,0.0,0.0,0.0,0.0,0.0,0.0,0.0,0.0,0.0,0.0,0.0,0.0,0.0,0.0,0.0,0.0,0.0038,0.0,0.0,0.0,0.0,0.0,0.0,,220.0,199.0,2
36.0,Artificial aged,0.0,0.998,0.0,0.0,0.0,0.0,0.0,0.0,0.0,0.0,0.0,0.0,0.0,0.0,0.0,0.0,0.0,0.0,0.002,0.0,0.0,0.0,0.0,0.0,0.0,,,138.0,7
37.0,Artificial aged,0.0,0.996,0.0,0.0,0.0,0.0,0.0,0.0,0.0,0.0,0.0,0.0,0.0,0.0,0.0,0.0,0.0,0.0,0.004,0.0,0.0,0.0,0.0,0.0,0.0,,,196.0,7
38.0,Artificial aged,0.0,0.958,0.0,0.0,0.0,0.0,0.0,0.0,0.0,0.0,0.0,0.0,0.0,0.0,0.04,0.0,0.0,0.0,0.002,0.0,0.0,0.0,0.0,0.0,0.0,,,194.0,7
39.0,Artificial aged,0.0,0.997,0.0,0.0,0.0,0.0,0.0,0.0,0.0,0.0,0.0,0.0,0.0,0.0,0.0,0.0,0.0,0.0,0.003,0.0,0.0,0.0,0.0,0.0,0.0,,,209.0,7
40.0,Solutionised,0.0007,0.9208,0.0,0.0,0.0,0.0,0.0,0.0,0.0637,0.0,0.0,0.0057,0.0,0.0,0.0001,0.0018,0.0,0.0,0.0,0.0,0.0,0.0006,0.0,0.0066,0.0,4.0,225.0,130.0,1
41.0,Solutionised,0.0,0.916,0.0,0.0,0.0,0.0,0.0,0.0,0.0685,0.0,0.0,0.006,0.0,0.0,0.0001,0.002,0.0,0.0,0.0,0.0,0.0,0.0006,0.0,0.0068,0.0,6.0,240.0,125.0,1
42.0,Solutionised,0.0003,0.9153,0.0,0.0,0.0,0.0,0.0,0.0,0.0678,0.0,0.0,0.0062,0.0,0.0,0.0001,0.0019,0.0,0.0,0.0,0.0,0.0,0.0008,0.0,0.0076,0.0,4.0,230.0,130.0,1
43.0,Solutionised,0.001,0.9151,0.0,0.0,0.0,0.0,0.0,0.0,0.0684,0.0,0.0,0.0061,0.0,0.0,0.0001,0.0018,0.0,0.0,0.0,0.0,0.0,0.0002,0.0,0.0073,0.0,3.0,220.0,140.0,1
44.0,Solutionised  + Artificially peak aged,0.0,0.9985,0.0,0.0,0.0,0.0,0.0,0.0,0.0,0.0,0.0,0.0,0.0,0.0,0.0,0.0,0.0,0.0,0.0015,0.0,0.0,0.0,0.0,0.0,0.0,,,150.0,2
45.0,Solutionised  + Artificially peak aged,0.0,0.9975,0.0,0.0,0.0,0.0,0.0,0.0,0.0,0.0,0.0,0.0,0.0,0.0,0.0,0.0,0.0,0.0,0.0025,0.0,0.0,0.0,0.0,0.0,0.0,,,210.0,2
46.0,Solutionised  + Artificially peak aged,0.0,0.996,0.0,0.0,0.0,0.0,0.0,0.0,0.0,0.0,0.0,0.0,0.0,0.0,0.0,0.0,0.0,0.0,0.004,0.0,0.0,0.0,0.0,0.0,0.0,,,265.0,2
47.0,Solutionised  + Artificially peak aged,0.0,0.9935,0.0,0.0,0.0,0.0,0.0,0.0,0.0,0.0,0.0,0.0,0.0,0.0,0.0,0.0,0.0,0.0,0.0065,0.0,0.0,0.0,0.0,0.0,0.0,,,200.0,2
48.0,Solutionised  + Artificially peak aged,0.0,0.989,0.0,0.0,0.0,0.0,0.0,0.0,0.0,0.0,0.0,0.0,0.0,0.0,0.0,0.0,0.0,0.0,0.011,0.0,0.0,0.0,0.0,0.0,0.0,,,195.0,2
49.0,Solutionised  + Artificially peak aged,0.0,0.9855,0.0,0.0,0.0,0.0,0.0,0.0,0.0,0.0,0.0,0.0,0.0,0.0,0.0,0.0,0.0,0.0,0.0145,0.0,0.0,0.0,0.0,0.0,0.0,,,190.0,2
50.0,Solutionised  + Artificially peak aged,0.0,0.947,0.0,0.0,0.0,0.0,0.0,0.0,0.0,0.0,0.0,0.0,0.0,0.0,0.053,0.0,0.0,0.0,0.0,0.0,0.0,0.0,0.0,0.0,0.0,,259.0,147.0,2
51.0,Solutionised  + Artificially peak aged,0.0,0.944,0.0,0.0,0.0,0.0,0.0,0.0,0.0,0.0,0.0,0.0,0.0,0.0,0.053,0.0,0.0,0.0,0.003,0.0,0.0,0.0,0.0,0.0,0.0,,401.0,368.0,2
52.0,Solutionised  + Artificially peak aged,0.0,0.95,0.0,0.0,0.0,0.0,0.0,0.0,0.0,0.0,0.0,0.0,0.0,0.0,0.04,0.0,0.0,0.0,0.01,0.0,0.0,0.0,0.0,0.0,0.0,,525.0,420.0,2
53.0,Solutionised  + Artificially peak aged,0.0,0.9977,0.0,0.0,0.0,0.0,0.0,0.0,0.0,0.0,0.0,0.0,0.0,0.0,0.0,0.0,0.0,0.0,0.0023,0.0,0.0,0.0,0.0,0.0,0.0,,208.0,198.0,2
54.0,Solutionised  + Artificially peak aged,0.0,0.9962,0.0,0.0,0.0,0.0,0.0,0.0,0.0,0.0,0.0,0.0,0.0,0.0,0.0,0.0,0.0,0.0,0.0038,0.0,0.0,0.0,0.0,0.0,0.0,,264.0,240.0,2
55.0,Solutionised  + Artificially peak aged,0.0,0.99,0.0,0.0,0.0,0.0,0.0,0.0,0.0,0.0,0.0,0.0,0.0,0.0,0.01,0.0,0.0,0.0,0.0,0.0,0.0,0.0,0.0,0.0,0.0,,111.0,43.0,2
56.0,Solutionised  + Artificially peak aged,0.0,0.9885,0.0,0.0,0.0,0.0,0.0,0.0,0.0,0.0,0.0,0.0,0.0,0.0,0.0,0.01,0.0,0.0,0.0015,0.0,0.0,0.0,0.0,0.0,0.0,,221.0,216.0,2
57.0,Solutionised  + Artificially peak aged,0.0,0.987,0.0,0.0,0.0,0.0,0.0,0.0,0.0,0.0,0.0,0.0,0.0,0.0,0.01,0.0,0.0,0.0,0.003,0.0,0.0,0.0,0.0,0.0,0.0,,303.0,288.0,2
58.0,Solutionised  + Artificially peak aged,0.0,0.985,0.0,0.0,0.0,0.0,0.0,0.0,0.0,0.0,0.0,0.0,0.0,0.0,0.0,0.01,0.0,0.0,0.005,0.0,0.0,0.0,0.0,0.0,0.0,,323.0,309.0,2
59.0,Solutionised  + Artificially peak aged,0.0,0.9977,0.0,0.0,0.0,0.0,0.0,0.0,0.0,0.0,0.0,0.0,0.0,0.0,0.0,0.0,0.0,0.0,0.0023,0.0,0.0,0.0,0.0,0.0,0.0,,157.0,147.0,2
60.0,Solutionised  + Artificially peak aged,0.0,0.9962,0.0,0.0,0.0,0.0,0.0,0.0,0.0,0.0,0.0,0.0,0.0,0.0,0.0,0.0,0.0,0.0,0.0038,0.0,0.0,0.0,0.0,0.0,0.0,,199.0,193.0,2
61.0,Solutionised  + Artificially peak aged,0.0,0.9925,0.0,0.0,0.0,0.0,0.0,0.0,0.0,0.0,0.0,0.0,0.0,0.0,0.0,0.0,0.0,0.0,0.0075,0.0,0.0,0.0,0.0,0.0,0.0,,,265.0,2
62.0,Solutionised  + Artificially peak aged,0.0,0.99,0.0,0.0,0.0,0.0,0.0,0.0,0.0,0.0,0.0,0.0,0.0,0.0,0.0,0.0,0.0,0.0,0.01,0.0,0.0,0.0,0.0,0.0,0.0,,,280.0,2
63.0,Solutionised  + Artificially peak aged,0.0,0.9875,0.0,0.0,0.0,0.0,0.0,0.0,0.0,0.0,0.0,0.0,0.0,0.0,0.0,0.0,0.0,0.0,0.0125,0.0,0.0,0.0,0.0,0.0,0.0,,,220.0,2
64.0,Solutionised  + Artificially peak aged,0.0,0.9889,0.0,0.0,0.0,0.0,0.0,0.0,0.0,0.0,0.0,0.0,0.0,0.0,0.002,0.005,0.0,0.0,0.0026,0.0,0.0,0.0,0.0,0.0,0.0015,,201.0,162.0,2
65.0,Solutionised  + Artificially peak aged,0.0,0.995,0.0,0.0,0.0,0.0,0.0,0.0,0.0,0.0,0.0,0.0,0.0,0.0,0.0,0.0,0.0,0.0,0.005,0.0,0.0,0.0,0.0,0.0,0.0,,,160.0,2
66.0,Strain hardened,0.0,0.969484742,0.0,0.0,0.0,0.0,0.0,0.0,0.001250625,0.0,0.0,0.0035017509999999,0.0,0.0,0.010505253,0.012506253,0.0,0.0,0.0,0.00150075,0.0,0.0,0.0,0.001250625,0.0,20.0,166.0,58.6,7
67.0,Strain hardened,0.0,0.967725794,0.0,0.0,0.0,0.0,0.0,0.002501876,0.000500375,0.0,0.0,0.002001501,0.0,0.0,0.025018764,0.000500375,0.0,0.0,0.0,0.001250938,0.0,0.0,0.0,0.000500375,0.0,15.0,191.5,106.0,7
68.0,Strain hardened,0.0,0.989,0.0,0.0,0.0,0.0,0.0,0.0,0.0,0.0,0.0,0.0,0.0,0.0,0.006,0.0,0.0,0.0,0.0,0.005,0.0,0.0,0.0,0.0,0.0,,95.0,75.0,7
69.0,Strain hardened,0.0,0.971,0.0,0.0,0.0,0.0,0.0,0.0012,0.0,0.0,0.0,0.0,0.0,0.0,0.027,0.0008,0.0,0.0,0.0,0.0,0.0,0.0,0.0,0.0,0.0,14.0,260.0,180.0,7
70.0,Strain hardened,0.0,0.958197747,0.0,0.0,0.0,0.0,0.0,0.001251564,0.000500626,0.0,0.0,0.002002503,0.0,0.0,0.027033792,0.0075093869999999,0.0,0.0,0.0,0.001251564,0.0,0.001001252,0.0,0.001251564,0.0,12.95,240.0,138.0,7
71.0,Strain hardened,0.0,0.946946947,0.0,0.0,0.0,0.0,0.0,0.001501502,0.000500501,0.0,0.0,0.0025025029999999,0.0,0.0,0.04004004,0.004504505,0.0,0.0,0.0,0.002002002,0.0,0.000750751,0.0,0.001251251,0.0,12.95,261.0,152.5,7
72.0,Strain hardened,0.0,0.940470235,0.0,0.0,0.0,0.0,0.0,0.00150075,0.00050025,0.0,0.0,0.002001001,0.0,0.0,0.0445222609999999,0.0070035019999999,0.0,0.0,0.0,0.002001001,0.0,0.000750375,0.0,0.001250625,0.0,12.95,248.5,148.0,7
73.0,Strain hardened,0.0,0.934233558,0.0,0.0,0.0,0.0,0.0,0.001250313,0.000500125,0.0,0.0,0.0020005,0.0,0.0,0.051012753,0.007501875,0.0,0.0,0.0,0.001250313,0.0,0.00100025,0.0,0.001250313,0.0,12.95,305.5,188.5,7
74.0,Strain hardened,0.0,0.98075,0.0,0.0,0.0,0.0,0.0,0.001,0.001,0.0,0.0,0.0035,0.0,0.0,0.00675,0.001,0.0,0.0,0.0,0.004,0.0,0.001,0.0,0.001,0.0,20.0,150.0,,7
75.0,Strain hardened,0.0,0.971,0.0,0.0,0.0,0.0,0.0,0.0012,0.0,0.0,0.0,0.0,0.0,0.0,0.027,0.0008,0.0,0.0,0.0,0.0,0.0,0.0,0.0,0.0,0.0,18.0,250.0,125.0,7
76.0,Strain hardened,0.0,0.9635,0.0,0.0,0.0,0.0,0.0,0.001,0.0,0.0,0.0,0.0,0.0,0.0,0.0275,0.008,0.0,0.0,0.0,0.0,0.0,0.0,0.0,0.0,0.0,18.0,248.211252,124.105626,7
77.0,Strain hardened,0.0,0.9625,0.0,0.0,0.0,0.0,0.0,0.0025,0.0,0.0,0.0,0.0,0.0,0.0,0.035,0.0,0.0,0.0,0.0,0.0,0.0,0.0,0.0,0.0,0.0,25.0,240.0,115.0,7
78.0,Strain hardened,0.0,0.9625,0.0,0.0,0.0,0.0,0.0,0.0025,0.0,0.0,0.0,0.0,0.0,0.0,0.035,0.0,0.0,0.0,0.0,0.0,0.0,0.0,0.0,0.0,0.0,25.0,240.0,115.0,7
79.0,Strain hardened,0.0,0.9625,0.0,0.0,0.0,0.0,0.0,0.0025,0.0,0.0,0.0,0.0,0.0,0.0,0.035,0.0,0.0,0.0,0.0,0.0,0.0,0.0,0.0,0.0,0.0,25.0,241.31649500000003,117.210869,7
80.0,Strain hardened,0.0,0.958197747,0.0,0.0,0.0,0.0,0.0,0.001251564,0.000500626,0.0,0.0,0.002002503,0.0,0.0,0.027033792,0.0075093869999999,0.0,0.0,0.0,0.001251564,0.0,0.001001252,0.0,0.001251564,0.0,13.0,225.5,103.5,7
81.0,Strain hardened,0.0,0.9545,0.0,0.0,0.0,0.0,0.0,0.001,0.0,0.0,0.0,0.0,0.0,0.0,0.04,0.0045,0.0,0.0,0.0,0.0,0.0,0.0,0.0,0.0,0.0,14.0,268.895523,131.000383,7
82.0,Strain hardened,0.0,0.954,0.0,0.0,0.0,0.0,0.0,0.0015,0.0,0.0,0.0,0.0,0.0,0.0,0.04,0.0045,0.0,0.0,0.0,0.0,0.0,0.0,0.0,0.0,0.0,14.0,270.0,130.0,7
83.0,Strain hardened,0.0,0.946946947,0.0,0.0,0.0,0.0,0.0,0.001501502,0.000500501,0.0,0.0,0.0025025029999999,0.0,0.0,0.04004004,0.004504505,0.0,0.0,0.0,0.002002002,0.0,0.000750751,0.0,0.001251251,0.0,11.0,246.5,110.5,7
84.0,Strain hardened,0.0,0.9465,0.0,0.0,0.0,0.0,0.0,0.001,0.0,0.0,0.0,0.0,0.0,0.0,0.0445,0.008,0.0,0.0,0.0,0.0,0.0,0.0,0.0,0.0,0.0,20.0,296.474551,158.57941100000005,7
85.0,Strain hardened,0.0,0.940470235,0.0,0.0,0.0,0.0,0.0,0.00150075,0.00050025,0.0,0.0,0.002001001,0.0,0.0,0.0445222609999999,0.0070035019999999,0.0,0.0,0.0,0.002001001,0.0,0.000750375,0.0,0.001250625,0.0,12.95,283.0,117.0,7
86.0,Strain hardened,0.0,0.9385,0.0,0.0,0.0,0.0,0.0,0.001,0.0,0.0,0.0,0.0,0.0,0.0,0.0525,0.008,0.0,0.0,0.0,0.0,0.0,0.0,0.0,0.0,0.0,22.0,310.264065,165.474168,7
87.0,Strain hardened,0.0,0.934233558,0.0,0.0,0.0,0.0,0.0,0.001250313,0.000500125,0.0,0.0,0.0020005,0.0,0.0,0.051012753,0.007501875,0.0,0.0,0.0,0.001250313,0.0,0.00100025,0.0,0.001250313,0.0,12.95,298.0,130.5,7
88.0,Strain hardened,0.0,0.79,0.0,0.0,0.0,0.0,0.0,0.0,0.01,0.0,0.0,0.0,0.0,0.0,0.0,0.0,0.0,0.0,0.0,0.0,0.2,0.0,0.0,0.0,0.0,10.0,193.053196,172.368925,7
89.0,Strain hardened,0.0,0.954,0.0,0.0,0.0,0.0,0.0,0.0015,0.0,0.0,0.0,0.0,0.0,0.0,0.04,0.0045,0.0,0.0,0.0,0.0,0.0,0.0,0.0,0.0,0.0,12.0,290.0,205.0,7
90.0,Strain hardened,0.0,0.9475,0.0,0.0,0.0,0.0,0.0,0.0015,0.0,0.0,0.0,0.0,0.0,0.0,0.044,0.0069999999999999,0.0,0.0,0.0,0.0,0.0,0.0,0.0,0.0,0.0,,315.0,230.0,7
91.0,Strain hardened,0.0,0.947,0.0,0.0,0.0,0.0,0.0,0.0012,0.0,0.0,0.0,0.0,0.0,0.0,0.051,0.0008,0.0,0.0,0.0,0.0,0.0,0.0,0.0,0.0,0.0,,350.0,255.0,7
92.0,Strain hardened,0.0,0.9988,0.0,0.0,0.0,0.0,0.0,0.0,0.0012,0.0,0.0,0.0,0.0,0.0,0.0,0.0,0.0,0.0,0.0,0.0,0.0,0.0,0.0,0.0,0.0,12.0,110.0,105.0,7
93.0,Strain hardened,0.0,0.992,0.0,0.0,0.0,0.0,0.0,0.0,0.0,0.0,0.0,0.0,0.0,0.0,0.008,0.0,0.0,0.0,0.0,0.0,0.0,0.0,0.0,0.0,0.0,10.0,140.0,130.0,7
94.0,Strain hardened,0.0,0.989,0.0,0.0,0.0,0.0,0.0,0.0,0.0,0.0,0.0,0.0,0.0,0.0,0.005,0.006,0.0,0.0,0.0,0.0,0.0,0.0,0.0,0.0,0.0,7.0,150.0,130.0,7
95.0,Strain hardened,0.0,0.9868,0.0,0.0,0.0,0.0,0.0,0.0,0.0012,0.0,0.0,0.0,0.0,0.0,0.0,0.012,0.0,0.0,0.0,0.0,0.0,0.0,0.0,0.0,0.0,10.0,130.0,125.0,7
96.0,Strain hardened,0.0,0.969484742,0.0,0.0,0.0,0.0,0.0,0.0,0.001250625,0.0,0.0,0.0035017509999999,0.0,0.0,0.010505253,0.012506253,0.0,0.0,0.0,0.00150075,0.0,0.0,0.0,0.001250625,0.0,11.25,185.5,157.5,7
97.0,Strain hardened,0.0,0.958719039,0.0,0.0,0.0,0.0,0.0,0.001501126,0.000500375,0.0,0.0,0.002001501,0.0,0.0,0.031023267,0.002501876,0.0,0.0,0.0,0.002001501,0.0,0.000750563,0.0,0.001000751,0.0,14.5,232.5,166.0,7
98.0,Strain hardened,0.0,0.958197747,0.0,0.0,0.0,0.0,0.0,0.001251564,0.000500626,0.0,0.0,0.002002503,0.0,0.0,0.027033792,0.0075093869999999,0.0,0.0,0.0,0.001251564,0.0,0.001001252,0.0,0.001251564,0.0,14.05,265.0,205.0,7
99.0,Strain hardened,0.0,0.95623906,0.0,0.0,0.0,0.0,0.0,0.002500625,0.000500125,0.0,0.0,0.0020005,0.0,0.0,0.035008752,0.000500125,0.0,0.0,0.0,0.001250313,0.0,0.00100025,0.0,0.00100025,0.0,13.0,265.0,205.0,7
100.0,Strain hardened,0.0,0.945709282,0.0,0.0,0.0,0.0,0.0,0.000500375,0.000750563,0.0,0.0,0.0017513129999999,0.0,0.0,0.045033775,0.003502627,0.0,0.0,0.0,0.001000751,0.0,0.000500375,0.0,0.001250938,0.0,12.0,317.0,234.0,7
101.0,Strain hardened,0.0,0.953,0.0,0.0,0.0,0.0,0.0,0.0,0.0,0.0,0.0,0.0,0.0,0.006,0.0409999999999999,0.0,0.0,0.0,0.0,0.0,0.0,0.0,0.0,0.0,0.0,23.0,287.5,145.0,7
102.0,Strain hardened,0.0,0.953,0.0,0.0,0.0,0.0,0.0,0.0,0.0,0.0,0.0,0.0,0.0,0.006,0.0409999999999999,0.0,0.0,0.0,0.0,0.0,0.0,0.0,0.0,0.0,0.0,23.0,287.5,145.0,7
103.0,Strain hardened,0.0,0.948,0.0,0.0,0.0,0.0,0.0,0.0,0.0,0.0,0.0,0.0,0.0,0.011,0.0409999999999999,0.0,0.0,0.0,0.0,0.0,0.0,0.0,0.0,0.0,0.0,17.1,350.0,220.0,7
104.0,Strain hardened,0.0,0.948,0.0,0.0,0.0,0.0,0.0,0.0,0.0,0.0,0.0,0.0,0.0,0.011,0.0409999999999999,0.0,0.0,0.0,0.0,0.0,0.0,0.0,0.0,0.0,0.0,17.1,350.0,220.0,7
105.0,Strain hardened,0.0,0.942,0.0,0.0,0.0,0.0,0.0,0.0,0.0,0.0,0.0,0.0,0.0,0.017,0.0409999999999999,0.0,0.0,0.0,0.0,0.0,0.0,0.0,0.0,0.0,0.0,9.3,427.5,315.0,7
106.0,Strain hardened,0.0,0.942,0.0,0.0,0.0,0.0,0.0,0.0,0.0,0.0,0.0,0.0,0.0,0.017,0.0409999999999999,0.0,0.0,0.0,0.0,0.0,0.0,0.0,0.0,0.0,0.0,9.3,427.5,315.0,7
107.0,Strain Harderned (Hard),0.0,0.9988,0.0,0.0,0.0,0.0,0.0,0.0,0.0012,0.0,0.0,0.0,0.0,0.0,0.0,0.0,0.0,0.0,0.0,0.0,0.0,0.0,0.0,0.0,0.0,9.0,125.0,115.0,5
108.0,Strain Harderned (Hard),0.0,0.998749062,0.0,0.0,0.0,0.0,0.0,0.0,0.000250188,0.0,0.0,0.0,0.0,0.0,0.0,0.000250188,0.0,0.0,0.0,0.0,0.0,0.000250188,0.0,0.000500375,0.0,8.0,125.0,115.0,5
109.0,Strain Harderned (Hard),0.0,0.996,0.0,0.0,0.0,0.0,0.0,0.0,0.0,0.0,0.0,0.003,0.0,0.0,0.0,0.0,0.0,0.0,0.0,0.001,0.0,0.0,0.0,0.0,0.0,12.0,96.526598,89.63184100000002,5
110.0,Strain Harderned (Hard),0.0,0.992,0.0,0.0,0.0,0.0,0.0,0.0,0.0002,0.0,0.0,0.0002,0.0,0.0,0.0,0.0002,0.0,0.0,0.0,0.0069999999999999,0.0,0.0002,0.0,0.0002,0.0,9.0,124.105626,117.210869,5
111.0,Strain Harderned (Hard),0.0,0.992,0.0,0.0,0.0,0.0,0.0,0.0,0.0,0.0,0.0,0.0,0.0,0.0,0.008,0.0,0.0,0.0,0.0,0.0,0.0,0.0,0.0,0.0,0.0,6.0,160.0,150.0,5
112.0,Strain Harderned (Hard),0.0,0.992,0.0,0.0,0.0,0.0,0.0,0.0,0.0,0.0,0.0,0.0,0.0,0.0,0.008,0.0,0.0,0.0,0.0,0.0,0.0,0.0,0.0,0.0,0.0,6.0,158.57941100000005,151.684654,5
113.0,Strain Harderned (Hard),0.0,0.989,0.0,0.0,0.0,0.0,0.0,0.0,0.0,0.0,0.0,0.0,0.0,0.0,0.005,0.006,0.0,0.0,0.0,0.0,0.0,0.0,0.0,0.0,0.0,5.0,170.0,150.0,5
114.0,Strain Harderned (Hard),0.0,0.988,0.0,0.0,0.0,0.0,0.0,0.0,0.0,0.0,0.0,0.0,0.0,0.0,0.0,0.012,0.0,0.0,0.0,0.0,0.0,0.0,0.0,0.0,0.0,8.0,151.684654,144.789897,5
115.0,Strain Harderned (Hard),0.0,0.9868,0.0,0.0,0.0,0.0,0.0,0.0,0.0012,0.0,0.0,0.0,0.0,0.0,0.0,0.012,0.0,0.0,0.0,0.0,0.0,0.0,0.0,0.0,0.0,8.0,150.0,145.0,5
116.0,Strain Harderned (Hard),0.0,0.983237428,0.0,0.0,0.0,0.0,0.0,0.000500375,0.001000751,0.0,0.0,0.003502627,0.0,0.0,0.008006005,0.001000751,0.0,0.0,0.0,0.001501126,0.0,0.0,0.0,0.001250938,0.0,11.0,160.0,145.0,5
117.0,Strain Harderned (Hard),0.0,0.978478478,0.0,0.0,0.0,0.0,0.0,0.000500501,0.000500501,0.0,0.0,0.003503504,0.0,0.0,0.001501502,0.0120120119999999,0.0,0.0,0.0,0.0025025029999999,0.0,0.0,0.0,0.001001001,0.0,9.0,155.0,140.0,5
118.0,Strain Harderned (Hard),0.0,0.977988994,0.0,0.0,0.0,0.0,0.0,0.0010005,0.00150075,0.0,0.0,0.0035017509999999,0.0,0.0,0.0050025009999999,0.005502751,0.0,0.0,0.0,0.0030015009999999,0.0,0.00050025,0.0,0.002001001,0.0,2.05,180.0,150.5,5
119.0,Strain Harderned (Hard),0.0,0.968968969,0.0,0.0,0.0,0.0,0.0,0.000750751,0.000750751,0.0,0.0,0.0025025029999999,0.0,0.0,0.020520521,0.0030030029999999,0.0,0.0,0.0,0.002002002,0.0,0.000750751,0.0,0.000750751,0.0,12.0,230.5,190.5,5
120.0,Strain Harderned (Hard),0.0,0.958719039,0.0,0.0,0.0,0.0,0.0,0.001501126,0.000500375,0.0,0.0,0.002001501,0.0,0.0,0.031023267,0.002501876,0.0,0.0,0.0,0.002001501,0.0,0.000750563,0.0,0.001000751,0.0,12.0,255.0,189.0,5
121.0,Strain Harderned (Hard),0.0,0.958197747,0.0,0.0,0.0,0.0,0.0,0.001251564,0.000500626,0.0,0.0,0.002002503,0.0,0.0,0.027033792,0.0075093869999999,0.0,0.0,0.0,0.001251564,0.0,0.001001252,0.0,0.001251564,0.0,12.0,290.5,235.0,5
122.0,Strain Harderned (Hard),0.0,0.95623906,0.0,0.0,0.0,0.0,0.0,0.002500625,0.000500125,0.0,0.0,0.0020005,0.0,0.0,0.035008752,0.000500125,0.0,0.0,0.0,0.001250313,0.0,0.00100025,0.0,0.00100025,0.0,12.0,290.5,235.0,5
123.0,Strain Harderned (Hard),0.0,0.934,0.0,0.0,0.0,0.0,0.0,0.0,0.0,0.0,0.0,0.0,0.0,0.0,0.06,0.006,0.0,0.0,0.0,0.0,0.0,0.0,0.0,0.0,0.0,7.0,400.0,310.0,5
124.0,Strain Harderned (Hard),0.0,0.9988,0.0,0.0,0.0,0.0,0.0,0.0,0.0012,0.0,0.0,0.0,0.0,0.0,0.0,0.0,0.0,0.0,0.0,0.0,0.0,0.0,0.0,0.0,0.0,6.0,145.0,140.0,5
125.0,Strain Harderned (Hard),0.0,0.992,0.0,0.0,0.0,0.0,0.0,0.0,0.0,0.0,0.0,0.0,0.0,0.0,0.008,0.0,0.0,0.0,0.0,0.0,0.0,0.0,0.0,0.0,0.0,5.0,180.0,170.0,5
126.0,Strain Harderned (Hard),0.0,0.989,0.0,0.0,0.0,0.0,0.0,0.0,0.0,0.0,0.0,0.0,0.0,0.0,0.005,0.006,0.0,0.0,0.0,0.0,0.0,0.0,0.0,0.0,0.0,4.0,195.0,170.0,5
127.0,Strain Harderned (Hard),0.0,0.9868,0.0,0.0,0.0,0.0,0.0,0.0,0.0012,0.0,0.0,0.0,0.0,0.0,0.0,0.012,0.0,0.0,0.0,0.0,0.0,0.0,0.0,0.0,0.0,5.0,175.0,170.0,5
128.0,Strain Harderned (Hard),0.0,0.983237428,0.0,0.0,0.0,0.0,0.0,0.000500375,0.001000751,0.0,0.0,0.003502627,0.0,0.0,0.008006005,0.001000751,0.0,0.0,0.0,0.001501126,0.0,0.0,0.0,0.001250938,0.0,8.0,180.0,165.0,5
129.0,Strain Harderned (Hard),0.0,0.958719039,0.0,0.0,0.0,0.0,0.0,0.001501126,0.000500375,0.0,0.0,0.002001501,0.0,0.0,0.031023267,0.002501876,0.0,0.0,0.0,0.002001501,0.0,0.000750563,0.0,0.001000751,0.0,8.5,277.5,212.0,5
130.0,Strain Harderned (Hard),0.0,0.945709282,0.0,0.0,0.0,0.0,0.0,0.000500375,0.000750563,0.0,0.0,0.0017513129999999,0.0,0.0,0.045033775,0.003502627,0.0,0.0,0.0,0.001000751,0.0,0.000500375,0.0,0.001250938,0.0,8.0,339.0,251.5,5
131.0,Strain Harderned (Hard),0.0,0.9999,0.0,0.0,0.0,0.0,0.0,0.0,0.0,0.0,0.0,0.0001,0.0,0.0,0.0,0.0,0.0,0.0,0.0,0.0,0.0,0.0,0.0,0.0,0.0,5.0,117.210869,110.31611200000002,5
132.0,Strain Harderned (Hard),0.0,0.999714,0.0,0.0,0.0,0.0,0.0,0.0,6e-05,0.0,0.0,6e-05,0.0,0.0,6e-05,2e-05,0.0,0.0,0.0,6e-05,0.0,2e-05,0.0,6e-06,0.0,5.0,115.0,,5
133.0,Strain Harderned (Hard),0.0,0.9988,0.0,0.0,0.0,0.0,0.0,0.0,0.0012,0.0,0.0,0.0,0.0,0.0,0.0,0.0,0.0,0.0,0.0,0.0,0.0,0.0,0.0,0.0,0.0,5.0,165.0,150.0,5
134.0,Strain Harderned (Hard),0.0,0.998,0.0,0.0,0.0,0.0,0.0,0.0,0.0005,0.0,0.0,0.0001,0.0,0.0,0.0,0.0,0.0,0.0,0.0,0.001,0.0,0.0004,0.0,0.0,0.0,5.0,124.105626,117.210869,5
135.0,Strain Harderned (Hard),0.0,0.99769954,0.0,0.0,0.0,0.0,0.0,0.0,0.00015003,0.0,0.0,0.00075015,0.00015003,0.0,0.0,0.00010002,0.0,0.0,0.0,0.00075015,0.0,0.00015003,0.00025005,0.0,0.0,5.0,138.0,50.5,5
136.0,Strain Harderned (Hard),0.0,0.996,0.0,0.0,0.0,0.0,0.0,0.0,0.0,0.0,0.0,0.003,0.0,0.0,0.0,0.0,0.0,0.0,0.0,0.001,0.0,0.0,0.0,0.0,0.0,6.0,131.000383,124.105626,5
137.0,Strain Harderned (Hard),0.0,0.995,0.0,0.0,0.0,0.0,0.0,0.0,0.0005,0.0,0.0,0.0002,0.0,0.0,0.0003,0.0003,0.0,0.0,0.0,0.0002,0.0,0.0002,0.003,0.0003,0.0,5.0,144.789897,117.210869,5
138.0,Strain Harderned (Hard),0.0,0.9922,0.0,0.0,0.0,0.0,0.0,0.0,0.0005,0.0,0.0,0.0,0.0,0.0,0.0005,0.0005,0.0,0.0,0.0,0.0055,0.0,0.0003,0.0,0.0005,0.0,5.0,145.0,,5
139.0,Strain Harderned (Hard),0.0,0.992,0.0,0.0,0.0,0.0,0.0,0.0,0.0002,0.0,0.0,0.0002,0.0,0.0,0.0,0.0002,0.0,0.0,0.0,0.0069999999999999,0.0,0.0002,0.0,0.0002,0.0,5.0,165.474168,151.684654,5
140.0,Strain Harderned (Hard),0.0,0.992,0.0,0.0,0.0,0.0,0.0,0.0,0.0,0.0,0.0,0.0,0.0,0.0,0.008,0.0,0.0,0.0,0.0,0.0,0.0,0.0,0.0,0.0,0.0,4.0,199.947953,193.053196,5
141.0,Strain Harderned (Hard),0.0,0.992,0.0,0.0,0.0,0.0,0.0,0.0,0.0,0.0,0.0,0.0,0.0,0.0,0.008,0.0,0.0,0.0,0.0,0.0,0.0,0.0,0.0,0.0,0.0,4.0,200.0,195.0,5
142.0,Strain Harderned (Hard),0.0,0.989,0.0,0.0,0.0,0.0,0.0,0.0,0.0,0.0,0.0,0.0,0.0,0.0,0.005,0.006,0.0,0.0,0.0,0.0,0.0,0.0,0.0,0.0,0.0,3.0,215.0,195.0,5
143.0,Strain Harderned (Hard),0.0,0.988,0.0,0.0,0.0,0.0,0.0,0.0,0.0,0.0,0.0,0.0,0.0,0.0,0.0,0.012,0.0,0.0,0.0,0.0,0.0,0.0,0.0,0.0,0.0,4.0,199.947953,186.158439,5
144.0,Strain Harderned (Hard),0.0,0.98725,0.0,0.0,0.0,0.0,0.0,0.0,0.00125,0.0,0.0,0.0,0.0,0.0,0.0,0.0005,0.0,0.0,0.0,0.01,0.0,0.0,0.0,0.001,0.0,5.0,165.0,,5
145.0,Strain Harderned (Hard),0.0,0.9868,0.0,0.0,0.0,0.0,0.0,0.0,0.0012,0.0,0.0,0.0,0.0,0.0,0.0,0.012,0.0,0.0,0.0,0.0,0.0,0.0,0.0,0.0,0.0,4.0,200.0,185.0,5
146.0,Strain Harderned (Hard),0.0,0.9845,0.0,0.0,0.0,0.0,0.0,0.0,0.0,0.0,0.0,0.0,0.0,0.0,0.0035,0.012,0.0,0.0,0.0,0.0,0.0,0.0,0.0,0.0,0.0,4.0,241.31649500000003,227.526981,5
147.0,Strain Harderned (Hard),0.0,0.9836,0.0,0.0,0.0,0.0,0.0,0.0005,0.0015,0.0,0.0,0.00575,0.0,0.0,0.0,0.0,0.00695,0.0,0.0,0.0017,0.0,0.0,0.0,0.0,0.0,4.0,200.0,,5
148.0,Strain Harderned (Hard),0.0,0.983,0.0,0.0,0.0,0.0,0.0,0.0,0.0,0.0,0.0,0.006,0.0,0.0,0.0,0.0,0.011,0.0,0.0,0.0,0.0,0.0,0.0,0.0,0.0,4.0,199.947953,186.158439,5
149.0,Strain Harderned (Hard),0.0,0.983,0.0,0.0,0.0,0.0,0.0,0.0,0.0,0.0,0.0,0.006,0.0,0.0,0.0,0.011,0.0,0.0,0.0,0.0,0.0,0.0,0.0,0.0,0.0,,250.0,230.0,5
150.0,Strain Harderned (Hard),0.0,0.978478478,0.0,0.0,0.0,0.0,0.0,0.000500501,0.000500501,0.0,0.0,0.003503504,0.0,0.0,0.001501502,0.0120120119999999,0.0,0.0,0.0,0.0025025029999999,0.0,0.0,0.0,0.001001001,0.0,6.05,200.0,180.0,5
151.0,Strain Harderned (Hard),0.0,0.977988994,0.0,0.0,0.0,0.0,0.0,0.0010005,0.00150075,0.0,0.0,0.0035017509999999,0.0,0.0,0.0050025009999999,0.005502751,0.0,0.0,0.0,0.0030015009999999,0.0,0.00050025,0.0,0.002001001,0.0,2.05,225.0,195.0,5
152.0,Strain Harderned (Hard),0.0,0.9745,0.0,0.0,0.0,0.0,0.0,0.001,0.002,0.0,0.0,0.0069999999999999,0.0,0.0,0.008,0.002,0.0,0.0,0.0,0.003,0.0,0.0,0.0,0.0025,0.0,4.0,200.0,,5
153.0,Strain Harderned (Hard),0.0,0.974,0.0,0.0,0.0,0.0,0.0,0.002,0.0,0.0,0.0,0.0,0.0,0.0,0.013,0.011,0.0,0.0,0.0,0.0,0.0,0.0,0.0,0.0,0.0,7.0,282.685037,262.000766,5
154.0,Strain Harderned (Hard),0.0,0.97225,0.0,0.0,0.0,0.0,0.0,0.0,0.00125,0.0,0.0,0.0069999999999999,0.0,0.0,0.0,0.0125,0.0,0.0,0.0,0.006,0.0,0.0,0.0,0.001,0.0,4.0,200.0,,5
155.0,Strain Harderned (Hard),0.0,0.968968969,0.0,0.0,0.0,0.0,0.0,0.000750751,0.000750751,0.0,0.0,0.0025025029999999,0.0,0.0,0.020520521,0.0030030029999999,0.0,0.0,0.0,0.002002002,0.0,0.000750751,0.0,0.000750751,0.0,7.0,280.0,240.0,5
156.0,Strain Harderned (Hard),0.0,0.9665,0.0,0.0,0.0,0.0,0.0,0.002,0.003,0.0,0.0,0.0069999999999999,0.0,0.0,0.005,0.0055,0.0,0.0,0.0,0.006,0.0,0.001,0.0,0.004,0.0,3.0,215.0,,5
157.0,Strain Harderned (Hard),0.0,0.964,0.0,0.0,0.0,0.0,0.0,0.001,0.003,0.0,0.0,0.0069999999999999,0.0,0.0,0.004,0.0125,0.0,0.0,0.0,0.006,0.0,0.0,0.0,0.0025,0.0,4.0,240.0,,5
158.0,Strain Harderned (Hard),0.0,0.958719039,0.0,0.0,0.0,0.0,0.0,0.001501126,0.000500375,0.0,0.0,0.002001501,0.0,0.0,0.031023267,0.002501876,0.0,0.0,0.0,0.002001501,0.0,0.000750563,0.0,0.001000751,0.0,6.0,302.5,238.0,5
159.0,Strain Harderned (Hard),0.0,0.9476,0.0,0.0,0.0,0.0,0.0,0.0012,0.0,0.0,0.0,0.0,0.0,0.0,0.05,0.0012,0.0,0.0,0.0,0.0,0.0,0.0,0.0,0.0,0.0,,435.0,405.0,5
160.0,Strain Harderned (Hard),0.0,0.946,0.0,0.0,0.0,0.0,0.0,0.001,0.0,0.0,0.0,0.0,0.0,0.0,0.052,0.001,0.0,0.0,0.0,0.0,0.0,0.0,0.0,0.0,0.0,10.0,434.369691,406.790663,5
161.0,Strain Harderned (Hard),0.0,0.945709282,0.0,0.0,0.0,0.0,0.0,0.000500375,0.000750563,0.0,0.0,0.0017513129999999,0.0,0.0,0.045033775,0.003502627,0.0,0.0,0.0,0.001000751,0.0,0.000500375,0.0,0.001250938,0.0,7.5,352.5,264.5,5
162.0,Strain Harderned (Hard),0.0,0.9075,0.0,0.0,0.0,0.0,0.0,0.0,0.01,0.0,0.0,0.0,0.0,0.0,0.0,0.0,0.005,0.0,0.0,0.015,0.0625,0.0,0.0,0.0,0.0,4.0,220.63222400000004,206.84271,5
163.0,Strain Harderned (Hard),0.0,0.998749062,0.0,0.0,0.0,0.0,0.0,0.0,0.000250188,0.0,0.0,0.0,0.0,0.0,0.0,0.000250188,0.0,0.0,0.0,0.0,0.0,0.000250188,0.0,0.000500375,0.0,3.0,190.5,180.0,5
164.0,Strain Harderned (Hard),0.0,0.995848547,0.0,0.0,0.0,0.0,0.0,0.0,0.000250088,0.0,0.0,0.0020007,0.0,0.0,0.0,0.000250088,0.0,0.0,0.0,0.001250438,0.0,0.0001500529999999,0.000250088,0.0,0.0,3.0,175.0,165.0,5
165.0,Strain Harderned (Hard),0.0,0.995,0.0,0.0,0.0,0.0,0.0,0.0,0.0005,0.0,0.0,0.0002,0.0,0.0,0.0003,0.0003,0.0,0.0,0.0,0.0002,0.0,0.0002,0.003,0.0003,0.0,2.5,165.474168,144.789897,5
166.0,Strain Harderned (Hard),0.0,0.992,0.0,0.0,0.0,0.0,0.0,0.0,0.0002,0.0,0.0,0.0002,0.0,0.0,0.0,0.0002,0.0,0.0,0.0,0.0069999999999999,0.0,0.0002,0.0,0.0002,0.0,3.0,206.84271,165.474168,5
167.0,Strain Harderned (Hard),0.0,0.988,0.0,0.0,0.0,0.0,0.0,0.0,0.0,0.0,0.0,0.0,0.0,0.0,0.0,0.012,0.0,0.0,0.0,0.0,0.0,0.0,0.0,0.0,0.0,3.5,248.211252,220.63222400000004,5
168.0,Strain Harderned (Hard),0.0,0.9725,0.0,0.0,0.0,0.0,0.0,0.0025,0.0,0.0,0.0,0.0,0.0,0.0,0.025,0.0,0.0,0.0,0.0,0.0,0.0,0.0,0.0,0.0,0.0,4.0,330.948336,324.053579,5
169.0,Strain Harderned (Hard),0.0,0.969484742,0.0,0.0,0.0,0.0,0.0,0.0,0.001250625,0.0,0.0,0.0035017509999999,0.0,0.0,0.010505253,0.012506253,0.0,0.0,0.0,0.00150075,0.0,0.0,0.0,0.001250625,0.0,4.0,320.0,256.0,5
170.0,Strain Harderned (Hard),0.0,0.967725794,0.0,0.0,0.0,0.0,0.0,0.002501876,0.000500375,0.0,0.0,0.002001501,0.0,0.0,0.025018764,0.000500375,0.0,0.0,0.0,0.001250938,0.0,0.0,0.0,0.000500375,0.0,5.005,310.5,246.0,5
171.0,Strain Harderned (Hard),0.0,0.958719039,0.0,0.0,0.0,0.0,0.0,0.001501126,0.000500375,0.0,0.0,0.002001501,0.0,0.0,0.031023267,0.002501876,0.0,0.0,0.0,0.002001501,0.0,0.000750563,0.0,0.001000751,0.0,5.005,340.0,276.5,5
172.0,Strain Harderned (Hard),0.0,0.955,0.0,0.0,0.0,0.0,0.0,0.0,0.0,0.0,0.0,0.0,0.0,0.0,0.045,0.0,0.0,0.0,0.0,0.0,0.0,0.0,0.0,0.0,0.0,4.0,393.001149,372.316878,5
173.0,Strain Harderned (Hard),0.0,0.9535,0.0,0.0,0.0,0.0,0.0,0.0,0.0,0.0,0.0,0.003,0.0,0.0,0.04,0.0035,0.0,0.0,0.0,0.0,0.0,0.0,0.0,0.0,0.0,,420.0,395.0,5
174.0,Strain Harderned (Hard),0.0,0.945709282,0.0,0.0,0.0,0.0,0.0,0.000500375,0.000750563,0.0,0.0,0.0017513129999999,0.0,0.0,0.045033775,0.003502627,0.0,0.0,0.0,0.001000751,0.0,0.000500375,0.0,0.001250938,0.0,4.0,421.0,393.0,5
175.0,Strain Harderned (Hard),0.0,0.946,0.0,0.0,0.0,0.0,0.0,0.001,0.0,0.0,0.0,0.0,0.0,0.0,0.052,0.001,0.0,0.0,0.0,0.0,0.0,0.0,0.0,0.0,0.0,3.5,448.159205,434.369691,5
176.0,Strain Harderned (Hard),0.0,0.9991,0.0,0.0,0.0,0.0,0.0,0.0,0.0,0.0,0.0,0.0,0.0,0.0,0.0,0.0,0.0,0.0,0.0,0.0009,0.0,0.0,0.0,0.0,0.0,15.0,160.0,95.0,5
177.0,Strain Harderned (Hard),0.0,0.9385,0.0,0.0,0.0,0.0,0.0,0.001,0.0,0.0,0.0,0.0,0.0,0.0,0.0525,0.008,0.0,0.0,0.0,0.0,0.0,0.0,0.0,0.0,0.0,12.0,372.316878,282.685037,5
178.0,Strain Harderned (Hard),0.0,0.92825,0.0,0.0,0.0,0.0,0.0,0.00125,0.001,0.0,0.0,0.004,0.0,0.0,0.051,0.0075,0.0,0.0,0.0,0.0025,0.0,0.002,0.0,0.0025,0.0,12.0,370.0,,5
179.0,Strain Harderned (Hard),0.0,0.9973,0.0,0.0,0.0,0.0,0.0,0.0,0.0,0.0,0.0,0.0,0.0,0.0,0.0012,0.0015,0.0,0.0,0.0,0.0,0.0,0.0,0.0,0.0,0.0,9.0,158.57941100000005,144.789897,5
180.0,Strain Harderned (Hard),0.0,0.996,0.0,0.0,0.0,0.0,0.0,0.0,0.0,0.0,0.0,0.0,0.0,0.0,0.004,0.0,0.0,0.0,0.0,0.0,0.0,0.0,0.0,0.0,0.0,14.0,131.000383,110.31611200000002,5
181.0,Strain Harderned (Hard),0.0,0.9925,0.0,0.0,0.0,0.0,0.0,0.0,0.0,0.0,0.0,0.0,0.0,0.0,0.0075,0.0,0.0,0.0,0.0,0.0,0.0,0.0,0.0,0.0,0.0,18.0,137.89514,110.31611200000002,5
182.0,Strain Harderned (Hard),0.0,0.992,0.0,0.0,0.0,0.0,0.0,0.0,0.0,0.0,0.0,0.0,0.0,0.0,0.008,0.0,0.0,0.0,0.0,0.0,0.0,0.0,0.0,0.0,0.0,12.0,158.57941100000005,137.89514,5
183.0,Strain Harderned (Hard),0.0,0.992,0.0,0.0,0.0,0.0,0.0,0.0,0.0,0.0,0.0,0.0,0.0,0.0,0.008,0.0,0.0,0.0,0.0,0.0,0.0,0.0,0.0,0.0,0.0,12.0,160.0,140.0,5
184.0,Strain Harderned (Hard),0.0,0.991,0.0,0.0,0.0,0.0,0.0,0.0,0.001,0.0,0.0,0.0,0.0,0.0,0.006,0.002,0.0,0.0,0.0,0.0,0.0,0.0,0.0,0.0,0.0,12.0,158.57941100000005,137.89514,5
185.0,Strain Harderned (Hard),0.0,0.989,0.0,0.0,0.0,0.0,0.0,0.0,0.0,0.0,0.0,0.0,0.0,0.0,0.005,0.006,0.0,0.0,0.0,0.0,0.0,0.0,0.0,0.0,0.0,8.0,180.0,160.0,5
186.0,Strain Harderned (Hard),0.0,0.987,0.0,0.0,0.0,0.0,0.0,0.0,0.0,0.0,0.0,0.0,0.0,0.0,0.01,0.003,0.0,0.0,0.0,0.0,0.0,0.0,0.0,0.0,0.0,10.0,186.158439,158.57941100000005,5
187.0,Strain Harderned (Hard),0.0,0.987,0.0,0.0,0.0,0.0,0.0,0.0,0.0,0.0,0.0,0.0,0.0,0.0,0.01,0.003,0.0,0.0,0.0,0.0,0.0,0.0,0.0,0.0,0.0,12.0,180.0,160.0,5
188.0,Strain Harderned (Hard),0.0,0.986,0.0,0.0,0.0,0.0,0.0,0.0,0.0,0.0,0.0,0.0,0.0,0.0,0.005,0.009,0.0,0.0,0.0,0.0,0.0,0.0,0.0,0.0,0.0,8.0,179.26368200000005,165.474168,5
189.0,Strain Harderned (Hard),0.0,0.986,0.0,0.0,0.0,0.0,0.0,0.0,0.001,0.0,0.0,0.0,0.0,0.0,0.01,0.003,0.0,0.0,0.0,0.0,0.0,0.0,0.0,0.0,0.0,12.0,179.26368200000005,158.57941100000005,5
190.0,Strain Harderned (Hard),0.0,0.975,0.0,0.0,0.0,0.0,0.0,0.0,0.0,0.0,0.0,0.0,0.0,0.0,0.025,0.0,0.0,0.0,0.0,0.0,0.0,0.0,0.0,0.0,0.0,11.0,235.0,170.0,5
191.0,Strain Harderned (Hard),0.0,0.973,0.0,0.0,0.0,0.0,0.0,0.0,0.001,0.0,0.0,0.0,0.0,0.0,0.025,0.001,0.0,0.0,0.0,0.0,0.0,0.0,0.0,0.0,0.0,11.0,234.421738,172.368925,5
192.0,Strain Harderned (Hard),0.0,0.964,0.0,0.0,0.0,0.0,0.0,0.0,0.0005,0.0,0.0,0.0,0.0,0.0,0.035,0.0005,0.0,0.0,0.0,0.0,0.0,0.0,0.0,0.0,0.0,12.0,275.79028,199.947953,5
193.0,Strain Harderned (Hard),0.0,0.947,0.0,0.0,0.0,0.0,0.0,0.0012,0.0,0.0,0.0,0.0,0.0,0.0,0.051,0.0008,0.0,0.0,0.0,0.0,0.0,0.0,0.0,0.0,0.0,,310.0,165.0,5
194.0,Strain Harderned (Hard),0.0,0.79,0.0,0.0,0.0,0.0,0.0,0.0,0.01,0.0,0.0,0.0,0.0,0.0,0.0,0.0,0.0,0.0,0.0,0.0,0.2,0.0,0.0,0.0,0.0,13.0,165.474168,144.789897,5
195.0,Strain Harderned (Hard),0.0,0.991,0.0,0.0,0.0,0.0,0.0,0.0,0.001,0.0,0.0,0.0,0.0,0.0,0.006,0.002,0.0,0.0,0.0,0.0,0.0,0.0,0.0,0.0,0.0,10.0,186.158439,158.57941100000005,5
196.0,Strain Harderned (Hard),0.0,0.987,0.0,0.0,0.0,0.0,0.0,0.0,0.0,0.0,0.0,0.0,0.0,0.0,0.01,0.003,0.0,0.0,0.0,0.0,0.0,0.0,0.0,0.0,0.0,12.0,199.947953,165.474168,5
197.0,Strain Harderned (Hard),0.0,0.986,0.0,0.0,0.0,0.0,0.0,0.0,0.001,0.0,0.0,0.0,0.0,0.0,0.01,0.003,0.0,0.0,0.0,0.0,0.0,0.0,0.0,0.0,0.0,10.0,199.947953,165.474168,5
198.0,Strain Harderned (Hard),0.0,0.974,0.0,0.0,0.0,0.0,0.0,0.002,0.0,0.0,0.0,0.0,0.0,0.0,0.013,0.011,0.0,0.0,0.0,0.0,0.0,0.0,0.0,0.0,0.0,6.0,282.685037,255.106009,5
199.0,Strain Harderned (Hard),0.0,0.996,0.0,0.0,0.0,0.0,0.0,0.0,0.0,0.0,0.0,0.0,0.0,0.0,0.004,0.0,0.0,0.0,0.0,0.0,0.0,0.0,0.0,0.0,0.0,8.0,158.57941100000005,131.000383,5
200.0,Strain Harderned (Hard),0.0,0.992,0.0,0.0,0.0,0.0,0.0,0.0,0.0,0.0,0.0,0.0,0.0,0.0,0.008,0.0,0.0,0.0,0.0,0.0,0.0,0.0,0.0,0.0,0.0,7.0,195.0,165.0,5
201.0,Strain Harderned (Hard),0.0,0.992,0.0,0.0,0.0,0.0,0.0,0.0,0.0,0.0,0.0,0.0,0.0,0.0,0.008,0.0,0.0,0.0,0.0,0.0,0.0,0.0,0.0,0.0,0.0,7.0,193.053196,165.474168,5
202.0,Strain Harderned (Hard),0.0,0.987,0.0,0.0,0.0,0.0,0.0,0.0,0.0,0.0,0.0,0.0,0.0,0.0,0.01,0.003,0.0,0.0,0.0,0.0,0.0,0.0,0.0,0.0,0.0,6.0,205.0,185.0,5
203.0,Strain Harderned (Hard),0.0,0.986,0.0,0.0,0.0,0.0,0.0,0.0,0.001,0.0,0.0,0.0,0.0,0.0,0.01,0.003,0.0,0.0,0.0,0.0,0.0,0.0,0.0,0.0,0.0,6.0,206.84271,186.158439,5
204.0,Strain Harderned (Hard),0.0,0.975,0.0,0.0,0.0,0.0,0.0,0.0,0.0,0.0,0.0,0.0,0.0,0.0,0.025,0.0,0.0,0.0,0.0,0.0,0.0,0.0,0.0,0.0,0.0,5.0,285.0,240.0,5
205.0,Strain Harderned (Hard),0.0,0.973,0.0,0.0,0.0,0.0,0.0,0.0,0.001,0.0,0.0,0.0,0.0,0.0,0.025,0.001,0.0,0.0,0.0,0.0,0.0,0.0,0.0,0.0,0.0,5.0,282.685037,241.31649500000003,5
206.0,Strain Harderned (Hard),0.0,0.964,0.0,0.0,0.0,0.0,0.0,0.0,0.0005,0.0,0.0,0.0,0.0,0.0,0.035,0.0005,0.0,0.0,0.0,0.0,0.0,0.0,0.0,0.0,0.0,8.0,317.1588220000001,262.000766,5
207.0,Strain Harderned (Hard),0.0,0.9635,0.0,0.0,0.0,0.0,0.0,0.001,0.0,0.0,0.0,0.0,0.0,0.0,0.0275,0.008,0.0,0.0,0.0,0.0,0.0,0.0,0.0,0.0,0.0,14.0,262.000766,179.26368200000005,5
208.0,Strain Harderned (Hard),0.0,0.9385,0.0,0.0,0.0,0.0,0.0,0.001,0.0,0.0,0.0,0.0,0.0,0.0,0.0525,0.008,0.0,0.0,0.0,0.0,0.0,0.0,0.0,0.0,0.0,18.0,324.053579,227.526981,5
209.0,Strain Harderned (Hard),0.0,0.992,0.0,0.0,0.0,0.0,0.0,0.0,0.0,0.0,0.0,0.0,0.0,0.0,0.008,0.0,0.0,0.0,0.0,0.0,0.0,0.0,0.0,0.0,0.0,11.0,140.0,115.0,5
210.0,Strain Harderned (Hard),0.0,0.986,0.0,0.0,0.0,0.0,0.0,0.0,0.0,0.0,0.0,0.0,0.0,0.0,0.0139999999999999,0.0,0.0,0.0,0.0,0.0,0.0,0.0,0.0,0.0,0.0,9.0,170.0,145.0,5
211.0,Strain Harderned (Hard),0.0,0.978,0.0,0.0,0.0,0.0,0.0,0.0,0.0,0.0,0.0,0.0,0.0,0.0,0.01,0.012,0.0,0.0,0.0,0.0,0.0,0.0,0.0,0.0,0.0,10.0,215.0,170.0,5
212.0,Strain Harderned (Hard),0.0,0.9725,0.0,0.0,0.0,0.0,0.0,0.0025,0.0,0.0,0.0,0.0,0.0,0.0,0.025,0.0,0.0,0.0,0.0,0.0,0.0,0.0,0.0,0.0,0.0,12.0,230.0,195.0,5
213.0,Strain Harderned (Hard),0.0,0.9725,0.0,0.0,0.0,0.0,0.0,0.0025,0.0,0.0,0.0,0.0,0.0,0.0,0.025,0.0,0.0,0.0,0.0,0.0,0.0,0.0,0.0,0.0,0.0,12.0,230.0,195.0,5
214.0,Strain Harderned (Hard),0.0,0.971,0.0,0.0,0.0,0.0,0.0,0.0012,0.0,0.0,0.0,0.0,0.0,0.0,0.027,0.0008,0.0,0.0,0.0,0.0,0.0,0.0,0.0,0.0,0.0,10.0,275.0,205.0,5
215.0,Strain Harderned (Hard),0.0,0.967725794,0.0,0.0,0.0,0.0,0.0,0.002501876,0.000500375,0.0,0.0,0.002001501,0.0,0.0,0.025018764,0.000500375,0.0,0.0,0.0,0.001250938,0.0,0.0,0.0,0.000500375,0.0,8.0,225.5,162.0,5
216.0,Strain Harderned (Hard),0.0,0.9625,0.0,0.0,0.0,0.0,0.0,0.0025,0.0,0.0,0.0,0.0,0.0,0.0,0.035,0.0,0.0,0.0,0.0,0.0,0.0,0.0,0.0,0.0,0.0,15.0,270.0,205.0,5
217.0,Strain Harderned (Hard),0.0,0.9625,0.0,0.0,0.0,0.0,0.0,0.0025,0.0,0.0,0.0,0.0,0.0,0.0,0.035,0.0,0.0,0.0,0.0,0.0,0.0,0.0,0.0,0.0,0.0,15.0,270.0,205.0,5
218.0,Strain Harderned (Hard),0.0,0.958197747,0.0,0.0,0.0,0.0,0.0,0.001251564,0.000500626,0.0,0.0,0.002002503,0.0,0.0,0.027033792,0.0075093869999999,0.0,0.0,0.0,0.001251564,0.0,0.001001252,0.0,0.001251564,0.0,8.5,261.0,175.5,5
219.0,Strain Harderned (Hard),0.0,0.9545,0.0,0.0,0.0,0.0,0.0,0.001,0.0,0.0,0.0,0.0,0.0,0.0,0.04,0.0045,0.0,0.0,0.0,0.0,0.0,0.0,0.0,0.0,0.0,12.0,289.579794,206.84271,5
220.0,Strain Harderned (Hard),0.0,0.954,0.0,0.0,0.0,0.0,0.0,0.0015,0.0,0.0,0.0,0.0,0.0,0.0,0.04,0.0045,0.0,0.0,0.0,0.0,0.0,0.0,0.0,0.0,0.0,15.9,312.7,215.4,5
221.0,Strain Harderned (Hard),0.0,0.954,0.0,0.0,0.0,0.0,0.0,0.0015,0.0,0.0,0.0,0.0,0.0,0.0,0.04,0.0045,0.0,0.0,0.0,0.0,0.0,0.0,0.0,0.0,0.0,15.9,312.7,215.4,5
222.0,Strain Harderned (Hard),0.0,0.954,0.0,0.0,0.0,0.0,0.0,0.0015,0.0,0.0,0.0,0.0,0.0,0.0,0.04,0.0045,0.0,0.0,0.0,0.0,0.0,0.0,0.0,0.0,0.0,12.0,290.0,205.0,5
223.0,Strain Harderned (Hard),0.0,0.946946947,0.0,0.0,0.0,0.0,0.0,0.001501502,0.000500501,0.0,0.0,0.0025025029999999,0.0,0.0,0.04004004,0.004504505,0.0,0.0,0.0,0.002002002,0.0,0.000750751,0.0,0.001251251,0.0,9.0,290.5,193.0,5
224.0,Strain Harderned (Hard),0.0,0.9475,0.0,0.0,0.0,0.0,0.0,0.0015,0.0,0.0,0.0,0.0,0.0,0.0,0.044,0.0069999999999999,0.0,0.0,0.0,0.0,0.0,0.0,0.0,0.0,0.0,,315.0,230.0,5
225.0,Strain Harderned (Hard),0.0,0.947,0.0,0.0,0.0,0.0,0.0,0.0012,0.0,0.0,0.0,0.0,0.0,0.0,0.051,0.0008,0.0,0.0,0.0,0.0,0.0,0.0,0.0,0.0,0.0,,350.0,255.0,5
226.0,Strain Harderned (Hard),0.0,0.9465,0.0,0.0,0.0,0.0,0.0,0.001,0.0,0.0,0.0,0.0,0.0,0.0,0.0445,0.008,0.0,0.0,0.0,0.0,0.0,0.0,0.0,0.0,0.0,16.0,317.1588220000001,227.526981,5
227.0,Strain Harderned (Hard),0.0,0.940470235,0.0,0.0,0.0,0.0,0.0,0.00150075,0.00050025,0.0,0.0,0.002001001,0.0,0.0,0.0445222609999999,0.0070035019999999,0.0,0.0,0.0,0.002001001,0.0,0.000750375,0.0,0.001250625,0.0,12.95,300.0,207.0,5
228.0,Strain Harderned (Hard),0.0,0.9385,0.0,0.0,0.0,0.0,0.0,0.001,0.0,0.0,0.0,0.0,0.0,0.0,0.0525,0.008,0.0,0.0,0.0,0.0,0.0,0.0,0.0,0.0,0.0,16.0,351.632607,255.106009,5
229.0,Strain Harderned (Hard),0.0,0.934233558,0.0,0.0,0.0,0.0,0.0,0.001250313,0.000500125,0.0,0.0,0.0020005,0.0,0.0,0.051012753,0.007501875,0.0,0.0,0.0,0.001250313,0.0,0.00100025,0.0,0.001250313,0.0,12.95,300.0,210.5,5
230.0,Strain Harderned (Hard),0.0,0.9465,0.0,0.0,0.0,0.0,0.0,0.001,0.0,0.0,0.0,0.0,0.0,0.0,0.0445,0.008,0.0,0.0,0.0,0.0,0.0,0.0,0.0,0.0,0.0,10.0,324.053579,248.211252,5
231.0,Strain Harderned (Hard),0.0,0.940470235,0.0,0.0,0.0,0.0,0.0,0.00150075,0.00050025,0.0,0.0,0.002001001,0.0,0.0,0.0445222609999999,0.0070035019999999,0.0,0.0,0.0,0.002001001,0.0,0.000750375,0.0,0.001250625,0.0,9.0,326.5,246.5,5
232.0,Strain Harderned (Hard),0.0,0.9385,0.0,0.0,0.0,0.0,0.0,0.001,0.0,0.0,0.0,0.0,0.0,0.0,0.0525,0.008,0.0,0.0,0.0,0.0,0.0,0.0,0.0,0.0,0.0,10.0,351.632607,262.000766,5
233.0,Strain Harderned (Hard),0.0,0.992,0.0,0.0,0.0,0.0,0.0,0.0,0.0,0.0,0.0,0.0,0.0,0.0,0.008,0.0,0.0,0.0,0.0,0.0,0.0,0.0,0.0,0.0,0.0,8.0,158.57941100000005,137.89514,5
234.0,Strain Harderned (Hard),0.0,0.992,0.0,0.0,0.0,0.0,0.0,0.0,0.0,0.0,0.0,0.0,0.0,0.0,0.008,0.0,0.0,0.0,0.0,0.0,0.0,0.0,0.0,0.0,0.0,8.0,160.0,140.0,5
235.0,Strain Harderned (Hard),0.0,0.986,0.0,0.0,0.0,0.0,0.0,0.0,0.0,0.0,0.0,0.0,0.0,0.0,0.0139999999999999,0.0,0.0,0.0,0.0,0.0,0.0,0.0,0.0,0.0,0.0,8.0,190.0,165.0,5
236.0,Strain Harderned (Hard),0.0,0.986,0.0,0.0,0.0,0.0,0.0,0.0,0.0,0.0,0.0,0.0,0.0,0.0,0.0139999999999999,0.0,0.0,0.0,0.0,0.0,0.0,0.0,0.0,0.0,0.0,8.0,193.053196,165.474168,5
237.0,Strain Harderned (Hard),0.0,0.978,0.0,0.0,0.0,0.0,0.0,0.0,0.0,0.0,0.0,0.0,0.0,0.0,0.01,0.012,0.0,0.0,0.0,0.0,0.0,0.0,0.0,0.0,0.0,9.0,241.31649500000003,199.947953,5
238.0,Strain Harderned (Hard),0.0,0.978,0.0,0.0,0.0,0.0,0.0,0.0,0.0,0.0,0.0,0.0,0.0,0.0,0.01,0.012,0.0,0.0,0.0,0.0,0.0,0.0,0.0,0.0,0.0,9.0,240.0,200.0,5
239.0,Strain Harderned (Hard),0.0,0.9725,0.0,0.0,0.0,0.0,0.0,0.0025,0.0,0.0,0.0,0.0,0.0,0.0,0.025,0.0,0.0,0.0,0.0,0.0,0.0,0.0,0.0,0.0,0.0,10.0,262.000766,213.737467,5
240.0,Strain Harderned (Hard),0.0,0.9725,0.0,0.0,0.0,0.0,0.0,0.0025,0.0,0.0,0.0,0.0,0.0,0.0,0.025,0.0,0.0,0.0,0.0,0.0,0.0,0.0,0.0,0.0,0.0,10.0,260.0,215.0,5
241.0,Strain Harderned (Hard),0.0,0.9725,0.0,0.0,0.0,0.0,0.0,0.0025,0.0,0.0,0.0,0.0,0.0,0.0,0.025,0.0,0.0,0.0,0.0,0.0,0.0,0.0,0.0,0.0,0.0,10.0,260.0,215.0,5
242.0,Strain Harderned (Hard),0.0,0.971,0.0,0.0,0.0,0.0,0.0,0.0012,0.0,0.0,0.0,0.0,0.0,0.0,0.027,0.0008,0.0,0.0,0.0,0.0,0.0,0.0,0.0,0.0,0.0,10.0,305.0,240.0,5
243.0,Strain Harderned (Hard),0.0,0.969484742,0.0,0.0,0.0,0.0,0.0,0.0,0.001250625,0.0,0.0,0.0035017509999999,0.0,0.0,0.010505253,0.012506253,0.0,0.0,0.0,0.00150075,0.0,0.0,0.0,0.001250625,0.0,8.8,216.0,186.0,5
244.0,Strain Harderned (Hard),0.0,0.967725794,0.0,0.0,0.0,0.0,0.0,0.002501876,0.000500375,0.0,0.0,0.002001501,0.0,0.0,0.025018764,0.000500375,0.0,0.0,0.0,0.001250938,0.0,0.0,0.0,0.000500375,0.0,6.5,246.5,181.0,5
245.0,Strain Harderned (Hard),0.0,0.9635,0.0,0.0,0.0,0.0,0.0,0.001,0.0,0.0,0.0,0.0,0.0,0.0,0.0275,0.008,0.0,0.0,0.0,0.0,0.0,0.0,0.0,0.0,0.0,10.0,303.369308,241.31649500000003,5
246.0,Strain Harderned (Hard),0.0,0.9625,0.0,0.0,0.0,0.0,0.0,0.0025,0.0,0.0,0.0,0.0,0.0,0.0,0.035,0.0,0.0,0.0,0.0,0.0,0.0,0.0,0.0,0.0,0.0,13.0,289.579794,227.526981,5
247.0,Strain Harderned (Hard),0.0,0.9625,0.0,0.0,0.0,0.0,0.0,0.0025,0.0,0.0,0.0,0.0,0.0,0.0,0.035,0.0,0.0,0.0,0.0,0.0,0.0,0.0,0.0,0.0,0.0,13.0,290.0,230.0,5
248.0,Strain Harderned (Hard),0.0,0.9625,0.0,0.0,0.0,0.0,0.0,0.0025,0.0,0.0,0.0,0.0,0.0,0.0,0.035,0.0,0.0,0.0,0.0,0.0,0.0,0.0,0.0,0.0,0.0,13.0,290.0,230.0,5
249.0,Strain Harderned (Hard),0.0,0.958197747,0.0,0.0,0.0,0.0,0.0,0.001251564,0.000500626,0.0,0.0,0.002002503,0.0,0.0,0.027033792,0.0075093869999999,0.0,0.0,0.0,0.001251564,0.0,0.001001252,0.0,0.001251564,0.0,7.0,283.0,203.0,5
250.0,Strain Harderned (Hard),0.0,0.9545,0.0,0.0,0.0,0.0,0.0,0.001,0.0,0.0,0.0,0.0,0.0,0.0,0.04,0.0045,0.0,0.0,0.0,0.0,0.0,0.0,0.0,0.0,0.0,10.0,324.053579,255.106009,5
251.0,Strain Harderned (Hard),0.0,0.954,0.0,0.0,0.0,0.0,0.0,0.0015,0.0,0.0,0.0,0.0,0.0,0.0,0.04,0.0045,0.0,0.0,0.0,0.0,0.0,0.0,0.0,0.0,0.0,10.0,325.0,255.0,5
252.0,Strain Harderned (Hard),0.0,0.95225,0.0,0.0,0.0,0.0,0.0,0.00125,0.001,0.0,0.0,0.004,0.0,0.0,0.027,0.0075,0.0,0.0,0.0,0.0025,0.0,0.002,0.0,0.0025,0.0,10.0,305.0,,5
253.0,Strain Harderned (Hard),0.0,0.946946947,0.0,0.0,0.0,0.0,0.0,0.001501502,0.000500501,0.0,0.0,0.0025025029999999,0.0,0.0,0.04004004,0.004504505,0.0,0.0,0.0,0.002002002,0.0,0.000750751,0.0,0.001251251,0.0,7.0,319.0,240.0,5
254.0,Strain Harderned (Hard),0.0,0.945709282,0.0,0.0,0.0,0.0,0.0,0.000500375,0.000750563,0.0,0.0,0.0017513129999999,0.0,0.0,0.045033775,0.003502627,0.0,0.0,0.0,0.001000751,0.0,0.000500375,0.0,0.001250938,0.0,10.025,338.0,283.0,5
255.0,Strain Harderned (Hard),0.0,0.94,0.0,0.0,0.0,0.0,0.0,0.0015,0.001,0.0,0.0,0.005,0.0,0.0,0.04,0.0045,0.0,0.0,0.0,0.004,0.0,0.0015,0.0,0.0025,0.0,10.0,325.0,,5
256.0,Strain Harderned (Hard),0.0,0.9465,0.0,0.0,0.0,0.0,0.0,0.001,0.0,0.0,0.0,0.0,0.0,0.0,0.0445,0.008,0.0,0.0,0.0,0.0,0.0,0.0,0.0,0.0,0.0,8.0,358.5273640000001,282.685037,5
257.0,Strain Harderned (Hard),0.0,0.940470235,0.0,0.0,0.0,0.0,0.0,0.00150075,0.00050025,0.0,0.0,0.002001001,0.0,0.0,0.0445222609999999,0.0070035019999999,0.0,0.0,0.0,0.002001001,0.0,0.000750375,0.0,0.001250625,0.0,7.0,363.0,283.0,5
258.0,Strain Harderned (Hard),0.0,0.9385,0.0,0.0,0.0,0.0,0.0,0.001,0.0,0.0,0.0,0.0,0.0,0.0,0.0525,0.008,0.0,0.0,0.0,0.0,0.0,0.0,0.0,0.0,0.0,8.0,386.106392,296.474551,5
259.0,Strain Harderned (Hard),0.0,0.934,0.0,0.0,0.0,0.0,0.0,0.0015,0.001,0.0,0.0,0.004,0.0,0.0,0.0445,0.0069999999999999,0.0,0.0,0.0,0.004,0.0,0.0015,0.0,0.0025,0.0,8.0,360.0,,5
260.0,Strain Harderned (Hard),0.0,0.992,0.0,0.0,0.0,0.0,0.0,0.0,0.0,0.0,0.0,0.0,0.0,0.0,0.008,0.0,0.0,0.0,0.0,0.0,0.0,0.0,0.0,0.0,0.0,6.0,180.0,165.0,5
261.0,Strain Harderned (Hard),0.0,0.986,0.0,0.0,0.0,0.0,0.0,0.0,0.0,0.0,0.0,0.0,0.0,0.0,0.0139999999999999,0.0,0.0,0.0,0.0,0.0,0.0,0.0,0.0,0.0,0.0,7.0,205.0,180.0,5
262.0,Strain Harderned (Hard),0.0,0.978,0.0,0.0,0.0,0.0,0.0,0.0,0.0,0.0,0.0,0.0,0.0,0.0,0.01,0.012,0.0,0.0,0.0,0.0,0.0,0.0,0.0,0.0,0.0,5.0,260.0,230.0,5
263.0,Strain Harderned (Hard),0.0,0.9725,0.0,0.0,0.0,0.0,0.0,0.0025,0.0,0.0,0.0,0.0,0.0,0.0,0.025,0.0,0.0,0.0,0.0,0.0,0.0,0.0,0.0,0.0,0.0,8.0,275.0,240.0,5
264.0,Strain Harderned (Hard),0.0,0.9725,0.0,0.0,0.0,0.0,0.0,0.0025,0.0,0.0,0.0,0.0,0.0,0.0,0.025,0.0,0.0,0.0,0.0,0.0,0.0,0.0,0.0,0.0,0.0,8.0,275.0,240.0,5
265.0,Strain Harderned (Hard),0.0,0.969484742,0.0,0.0,0.0,0.0,0.0,0.0,0.001250625,0.0,0.0,0.0035017509999999,0.0,0.0,0.010505253,0.012506253,0.0,0.0,0.0,0.00150075,0.0,0.0,0.0,0.001250625,0.0,6.5,230.5,230.5,5
266.0,Strain Harderned (Hard),0.0,0.967725794,0.0,0.0,0.0,0.0,0.0,0.002501876,0.000500375,0.0,0.0,0.002001501,0.0,0.0,0.025018764,0.000500375,0.0,0.0,0.0,0.001250938,0.0,0.0,0.0,0.000500375,0.0,3.0,268.5,210.5,5
267.0,Strain Harderned (Hard),0.0,0.9625,0.0,0.0,0.0,0.0,0.0,0.0025,0.0,0.0,0.0,0.0,0.0,0.0,0.035,0.0,0.0,0.0,0.0,0.0,0.0,0.0,0.0,0.0,0.0,12.0,310.0,250.0,5
268.0,Strain Harderned (Hard),0.0,0.9625,0.0,0.0,0.0,0.0,0.0,0.0025,0.0,0.0,0.0,0.0,0.0,0.0,0.035,0.0,0.0,0.0,0.0,0.0,0.0,0.0,0.0,0.0,0.0,12.0,310.0,250.0,5
269.0,Strain Harderned (Hard),0.0,0.946946947,0.0,0.0,0.0,0.0,0.0,0.001501502,0.000500501,0.0,0.0,0.0025025029999999,0.0,0.0,0.04004004,0.004504505,0.0,0.0,0.0,0.002002002,0.0,0.000750751,0.0,0.001251251,0.0,4.5,341.0,268.5,5
270.0,Strain Harderned (Hard),0.0,0.996,0.0,0.0,0.0,0.0,0.0,0.0,0.0,0.0,0.0,0.0,0.0,0.0,0.004,0.0,0.0,0.0,0.0,0.0,0.0,0.0,0.0,0.0,0.0,8.0,158.57941100000005,131.000383,5
271.0,Strain Harderned (Hard),0.0,0.9925,0.0,0.0,0.0,0.0,0.0,0.0,0.0,0.0,0.0,0.0,0.0,0.0,0.0075,0.0,0.0,0.0,0.0,0.0,0.0,0.0,0.0,0.0,0.0,12.0,172.368925,158.57941100000005,5
272.0,Strain Harderned (Hard),0.0,0.992,0.0,0.0,0.0,0.0,0.0,0.0,0.0,0.0,0.0,0.0,0.0,0.0,0.008,0.0,0.0,0.0,0.0,0.0,0.0,0.0,0.0,0.0,0.0,5.0,200.0,185.0,5
273.0,Strain Harderned (Hard),0.0,0.992,0.0,0.0,0.0,0.0,0.0,0.0,0.0,0.0,0.0,0.0,0.0,0.0,0.008,0.0,0.0,0.0,0.0,0.0,0.0,0.0,0.0,0.0,0.0,5.0,199.947953,186.158439,5
274.0,Strain Harderned (Hard),0.0,0.992,0.0,0.0,0.0,0.0,0.0,0.0,0.0,0.0,0.0,0.0,0.0,0.0,0.008,0.0,0.0,0.0,0.0,0.0,0.0,0.0,0.0,0.0,0.0,7.0,195.0,165.0,5
275.0,Strain Harderned (Hard),0.0,0.992,0.0,0.0,0.0,0.0,0.0,0.0,0.0,0.0,0.0,0.0,0.0,0.0,0.008,0.0,0.0,0.0,0.0,0.0,0.0,0.0,0.0,0.0,0.0,7.0,193.053196,165.474168,5
276.0,Strain Harderned (Hard),0.0,0.991,0.0,0.0,0.0,0.0,0.0,0.0,0.001,0.0,0.0,0.0,0.0,0.0,0.006,0.002,0.0,0.0,0.0,0.0,0.0,0.0,0.0,0.0,0.0,7.0,193.053196,165.474168,5
277.0,Strain Harderned (Hard),0.0,0.987,0.0,0.0,0.0,0.0,0.0,0.0,0.0,0.0,0.0,0.0,0.0,0.0,0.01,0.003,0.0,0.0,0.0,0.0,0.0,0.0,0.0,0.0,0.0,6.0,205.0,185.0,5
278.0,Strain Harderned (Hard),0.0,0.987,0.0,0.0,0.0,0.0,0.0,0.0,0.0,0.0,0.0,0.0,0.0,0.0,0.01,0.003,0.0,0.0,0.0,0.0,0.0,0.0,0.0,0.0,0.0,6.0,220.63222400000004,206.84271,5
279.0,Strain Harderned (Hard),0.0,0.986,0.0,0.0,0.0,0.0,0.0,0.0,0.001,0.0,0.0,0.0,0.0,0.0,0.01,0.003,0.0,0.0,0.0,0.0,0.0,0.0,0.0,0.0,0.0,6.0,206.84271,186.158439,5
280.0,Strain Harderned (Hard),0.0,0.986,0.0,0.0,0.0,0.0,0.0,0.0,0.0,0.0,0.0,0.0,0.0,0.0,0.0139999999999999,0.0,0.0,0.0,0.0,0.0,0.0,0.0,0.0,0.0,0.0,6.0,220.63222400000004,199.947953,5
281.0,Strain Harderned (Hard),0.0,0.986,0.0,0.0,0.0,0.0,0.0,0.0,0.0,0.0,0.0,0.0,0.0,0.0,0.0139999999999999,0.0,0.0,0.0,0.0,0.0,0.0,0.0,0.0,0.0,0.0,6.0,220.0,200.0,5
282.0,Strain Harderned (Hard),0.0,0.978,0.0,0.0,0.0,0.0,0.0,0.0,0.0,0.0,0.0,0.0,0.0,0.0,0.01,0.012,0.0,0.0,0.0,0.0,0.0,0.0,0.0,0.0,0.0,5.0,282.685037,248.211252,5
283.0,Strain Harderned (Hard),0.0,0.978,0.0,0.0,0.0,0.0,0.0,0.0,0.0,0.0,0.0,0.0,0.0,0.0,0.01,0.012,0.0,0.0,0.0,0.0,0.0,0.0,0.0,0.0,0.0,5.0,285.0,250.0,5
284.0,Strain Harderned (Hard),0.0,0.975,0.0,0.0,0.0,0.0,0.0,0.0,0.0,0.0,0.0,0.0,0.0,0.0,0.025,0.0,0.0,0.0,0.0,0.0,0.0,0.0,0.0,0.0,0.0,5.0,285.0,240.0,5
285.0,Strain Harderned (Hard),0.0,0.9745,0.0,0.0,0.0,0.0,0.0,0.001,0.002,0.0,0.0,0.0069999999999999,0.0,0.0,0.008,0.002,0.0,0.0,0.0,0.003,0.0,0.0,0.0,0.0025,0.0,5.0,200.0,,5
286.0,Strain Harderned (Hard),0.0,0.973,0.0,0.0,0.0,0.0,0.0,0.0,0.001,0.0,0.0,0.0,0.0,0.0,0.025,0.001,0.0,0.0,0.0,0.0,0.0,0.0,0.0,0.0,0.0,5.0,282.685037,241.31649500000003,5
287.0,Strain Harderned (Hard),0.0,0.9725,0.0,0.0,0.0,0.0,0.0,0.0025,0.0,0.0,0.0,0.0,0.0,0.0,0.025,0.0,0.0,0.0,0.0,0.0,0.0,0.0,0.0,0.0,0.0,7.0,290.0,255.0,5
288.0,Strain Harderned (Hard),0.0,0.9725,0.0,0.0,0.0,0.0,0.0,0.0025,0.0,0.0,0.0,0.0,0.0,0.0,0.025,0.0,0.0,0.0,0.0,0.0,0.0,0.0,0.0,0.0,0.0,7.0,290.0,255.0,5
289.0,Strain Harderned (Hard),0.0,0.9725,0.0,0.0,0.0,0.0,0.0,0.0025,0.0,0.0,0.0,0.0,0.0,0.0,0.025,0.0,0.0,0.0,0.0,0.0,0.0,0.0,0.0,0.0,0.0,7.0,289.579794,255.106009,5
290.0,Strain Harderned (Hard),0.0,0.969484742,0.0,0.0,0.0,0.0,0.0,0.0,0.001250625,0.0,0.0,0.0035017509999999,0.0,0.0,0.010505253,0.012506253,0.0,0.0,0.0,0.00150075,0.0,0.0,0.0,0.001250625,0.0,4.8,261.0,250.5,5
291.0,Strain Harderned (Hard),0.0,0.968,0.0,0.0,0.0,0.0,0.0,0.001,0.002,0.0,0.0,0.0069999999999999,0.0,0.0,0.0145,0.001,0.0,0.0,0.0,0.004,0.0,0.0,0.0,0.0025,0.0,6.0,220.0,,5
292.0,Strain Harderned (Hard),0.0,0.967725794,0.0,0.0,0.0,0.0,0.0,0.002501876,0.000500375,0.0,0.0,0.002001501,0.0,0.0,0.025018764,0.000500375,0.0,0.0,0.0,0.001250938,0.0,0.0,0.0,0.000500375,0.0,3.0,283.0,232.5,5
293.0,Strain Harderned (Hard),0.0,0.964,0.0,0.0,0.0,0.0,0.0,0.0,0.0005,0.0,0.0,0.0,0.0,0.0,0.035,0.0005,0.0,0.0,0.0,0.0,0.0,0.0,0.0,0.0,0.0,7.0,317.1588220000001,268.895523,5
294.0,Strain Harderned (Hard),0.0,0.963,0.0,0.0,0.0,0.0,0.0,0.0025,0.001,0.0,0.0,0.004,0.0,0.0,0.025,0.001,0.0,0.0,0.0,0.0025,0.0,0.0,0.0,0.001,0.0,7.0,270.0,,5
295.0,Strain Harderned (Hard),0.0,0.9625,0.0,0.0,0.0,0.0,0.0,0.0025,0.0,0.0,0.0,0.0,0.0,0.0,0.035,0.0,0.0,0.0,0.0,0.0,0.0,0.0,0.0,0.0,0.0,10.0,330.948336,268.895523,5
296.0,Strain Harderned (Hard),0.0,0.9625,0.0,0.0,0.0,0.0,0.0,0.0025,0.0,0.0,0.0,0.0,0.0,0.0,0.035,0.0,0.0,0.0,0.0,0.0,0.0,0.0,0.0,0.0,0.0,10.0,330.0,270.0,5
297.0,Strain Harderned (Hard),0.0,0.9625,0.0,0.0,0.0,0.0,0.0,0.0025,0.0,0.0,0.0,0.0,0.0,0.0,0.035,0.0,0.0,0.0,0.0,0.0,0.0,0.0,0.0,0.0,0.0,10.0,330.0,270.0,5
298.0,Strain Harderned (Hard),0.0,0.962,0.0,0.0,0.0,0.0,0.0,0.0,0.0025,0.0,0.0,0.0069999999999999,0.0,0.0,0.0105,0.0125,0.0,0.0,0.0,0.003,0.0,0.0,0.0,0.0025,0.0,5.0,280.0,,5
299.0,Strain Harderned (Hard),0.0,0.9476,0.0,0.0,0.0,0.0,0.0,0.0012,0.0,0.0,0.0,0.0,0.0,0.0,0.05,0.0012,0.0,0.0,0.0,0.0,0.0,0.0,0.0,0.0,0.0,,415.0,345.0,5
300.0,Strain Harderned (Hard),0.0,0.946946947,0.0,0.0,0.0,0.0,0.0,0.001501502,0.000500501,0.0,0.0,0.0025025029999999,0.0,0.0,0.04004004,0.004504505,0.0,0.0,0.0,0.002002002,0.0,0.000750751,0.0,0.001251251,0.0,3.245,363.0,298.0,5
301.0,Strain Harderned (Hard),0.0,0.946,0.0,0.0,0.0,0.0,0.0,0.001,0.0,0.0,0.0,0.0,0.0,0.0,0.052,0.001,0.0,0.0,0.0,0.0,0.0,0.0,0.0,0.0,0.0,15.0,413.68542,344.73785,5
302.0,Solutionised  + Artificially peak aged,0.0,0.995,0.0,0.0,0.0,0.0,0.0,0.0,0.0,0.0,0.0,0.0,0.0,0.0,0.0,0.0,0.0,0.0,0.005,0.0,0.0,0.0,0.0,0.0,0.0,,,165.0,2
303.0,Solutionised  + Artificially peak aged,0.0,0.999,0.0,0.0,0.0,0.0,0.0,0.0,0.0,0.0,0.0,0.0,0.0,0.0,0.0,0.0,0.0,0.0,0.001,0.0,0.0,0.0,0.0,0.0,0.0,,166.0,132.0,2
304.0,Solutionised  + Artificially peak aged,0.0,0.995,0.0,0.0,0.0,0.0,0.0,0.0,0.0,0.0,0.0,0.0,0.0,0.0,0.0,0.0,0.0,0.0,0.005,0.0,0.0,0.0,0.0,0.0,0.0,,319.0,298.0,2
305.0,Solutionised  + Artificially peak aged,0.0,0.975,0.0,0.0,0.0,0.0,0.0,0.0,0.0,0.0,0.0,0.0,0.0,0.0,0.02,0.0,0.0,0.0,0.005,0.0,0.0,0.0,0.0,0.0,0.0,,401.0,376.0,2
306.0,No Processing,0.0,0.964534,0.0,0.0,0.0,0.0,0.0,1.4e-05,2e-05,0.0,0.0,0.0016,0.0,0.0,0.0297,3.2e-05,0.0,0.0,0.0016,0.0008,0.0,0.0002399999999999,0.0,6e-05,0.0014,10.5,265.0,172.0,1
307.0,No Processing,0.0,0.963397,0.0,0.0,0.0,0.0,0.0,1.3e-05,2e-05,0.0,0.0,0.0015,0.0,0.0,0.0295,3e-05,0.0,0.0,0.0029,0.0009,0.0,0.0002399999999999,0.0,0.0001,0.0014,9.1,322.0,242.0,1
308.0,No Processing,0.0,0.95991,0.0,0.0,0.0,0.0,0.0,1e-05,2e-05,0.0,0.0,0.0016,0.0,0.0,0.0296,3e-05,0.0,0.0,0.0062,0.001,0.0,0.00021,0.0,2e-05,0.0014,9.1,325.0,240.0,1
309.0,No Processing,0.0,0.95785,0.0,0.0,0.0,0.0,0.0,1e-05,3e-05,0.0,0.0,0.0016,0.0,0.0,0.0287,4e-05,0.0,0.0,0.0091,0.0009199999999999,0.0,0.00028,0.0,7e-05,0.0014,10.4,320.0,220.0,1
310.0,No Processing,0.0,0.9999,0.0,0.0,0.0,0.0,0.0,0.0,0.0,0.0,0.0,0.0001,0.0,0.0,0.0,0.0,0.0,0.0,0.0,0.0,0.0,0.0,0.0,0.0,0.0,50.0,44.8159205,10.3421355,1
311.0,No Processing,0.0,0.999714,0.0,0.0,0.0,0.0,0.0,0.0,6e-05,0.0,0.0,6e-05,0.0,0.0,6e-05,2e-05,0.0,0.0,0.0,6e-05,0.0,2e-05,0.0,6e-06,0.0,50.0,45.0,,1
312.0,No Processing,0.0,0.9988,0.0,0.0,0.0,0.0,0.0,0.0,0.0012,0.0,0.0,0.0,0.0,0.0,0.0,0.0,0.0,0.0,0.0,0.0,0.0,0.0,0.0,0.0,0.0,35.0,90.0,35.0,1
313.0,No Processing,0.0,0.998749062,0.0,0.0,0.0,0.0,0.0,0.0,0.000250188,0.0,0.0,0.0,0.0,0.0,0.0,0.000250188,0.0,0.0,0.0,0.0,0.0,0.000250188,0.0,0.000500375,0.0,35.0,90.5,40.0,1
314.0,No Processing,0.0,0.998,0.0,0.0,0.0,0.0,0.0,0.0,0.0005,0.0,0.0,0.0001,0.0,0.0,0.0,0.0,0.0,0.0,0.0,0.001,0.0,0.0004,0.0,0.0,0.0,45.0,62.052813,20.684271,1
315.0,No Processing,0.0,0.99769954,0.0,0.0,0.0,0.0,0.0,0.0,0.00015003,0.0,0.0,0.00075015,0.00015003,0.0,0.0,0.00010002,0.0,0.0,0.0,0.00075015,0.0,0.00015003,0.00025005,0.0,0.0,32.0,75.0,50.5,1
316.0,No Processing,0.0,0.9973,0.0,0.0,0.0,0.0,0.0,0.0,0.0,0.0,0.0,0.0,0.0,0.0,0.0012,0.0015,0.0,0.0,0.0,0.0,0.0,0.0,0.0,0.0,0.0,35.0,89.63184100000002,34.473785,1
317.0,No Processing,0.0,0.996,0.0,0.0,0.0,0.0,0.0,0.0,0.0,0.0,0.0,0.0,0.0,0.0,0.004,0.0,0.0,0.0,0.0,0.0,0.0,0.0,0.0,0.0,0.0,27.0,89.63184100000002,34.473785,1
318.0,No Processing,0.0,0.996,0.0,0.0,0.0,0.0,0.0,0.0,0.0,0.0,0.0,0.003,0.0,0.0,0.0,0.0,0.0,0.0,0.0,0.001,0.0,0.0,0.0,0.0,0.0,43.0,68.94757,27.579028000000005,1
319.0,No Processing,0.0,0.995848547,0.0,0.0,0.0,0.0,0.0,0.0,0.000250088,0.0,0.0,0.0020007,0.0,0.0,0.0,0.000250088,0.0,0.0,0.0,0.001250438,0.0,0.0001500529999999,0.000250088,0.0,0.0,38.05,80.0,35.0,1
320.0,No Processing,0.0,0.995,0.0,0.0,0.0,0.0,0.0,0.0,0.0005,0.0,0.0,0.0002,0.0,0.0,0.0003,0.0003,0.0,0.0,0.0,0.0002,0.0,0.0002,0.003,0.0003,0.0,2.4,75.842327,27.579028000000005,1
321.0,No Processing,0.0,0.995,0.0,0.0,0.0,0.0,0.0,0.0,0.0005,0.0,0.0,0.0002,0.0,0.0,0.0003,0.0003,0.0,0.0,0.0,0.0002,0.0,0.0002,0.003,0.0003,0.0,40.0,75.842327,34.473785,1
322.0,No Processing,0.0,0.9925,0.0,0.0,0.0,0.0,0.0,0.0,0.0,0.0,0.0,0.0,0.0,0.0,0.0075,0.0,0.0,0.0,0.0,0.0,0.0,0.0,0.0,0.0,0.0,32.0,89.63184100000002,27.579028000000005,1
323.0,No Processing,0.0,0.9922,0.0,0.0,0.0,0.0,0.0,0.0,0.0005,0.0,0.0,0.0,0.0,0.0,0.0005,0.0005,0.0,0.0,0.0,0.0055,0.0,0.0003,0.0,0.0005,0.0,40.0,75.0,,1
324.0,No Processing,0.0,0.992,0.0,0.0,0.0,0.0,0.0,0.0,0.0002,0.0,0.0,0.0002,0.0,0.0,0.0,0.0002,0.0,0.0,0.0,0.0069999999999999,0.0,0.0002,0.0,0.0002,0.0,35.0,89.63184100000002,34.473785,1
325.0,No Processing,0.0,0.992,0.0,0.0,0.0,0.0,0.0,0.0,0.0,0.0,0.0,0.0,0.0,0.0,0.008,0.0,0.0,0.0,0.0,0.0,0.0,0.0,0.0,0.0,0.0,25.0,125.0,40.0,1
326.0,No Processing,0.0,0.992,0.0,0.0,0.0,0.0,0.0,0.0,0.0,0.0,0.0,0.0,0.0,0.0,0.008,0.0,0.0,0.0,0.0,0.0,0.0,0.0,0.0,0.0,0.0,25.0,110.31611200000002,41.368542,1
327.0,No Processing,0.0,0.992,0.0,0.0,0.0,0.0,0.0,0.0,0.0,0.0,0.0,0.0,0.0,0.0,0.008,0.0,0.0,0.0,0.0,0.0,0.0,0.0,0.0,0.0,0.0,30.0,124.105626,41.368542,1
328.0,No Processing,0.0,0.991,0.0,0.0,0.0,0.0,0.0,0.0,0.001,0.0,0.0,0.0,0.0,0.0,0.006,0.002,0.0,0.0,0.0,0.0,0.0,0.0,0.0,0.0,0.0,25.0,110.31611200000002,41.368542,1
329.0,No Processing,0.0,0.989,0.0,0.0,0.0,0.0,0.0,0.0,0.0,0.0,0.0,0.0,0.0,0.0,0.0069999999999999,0.0,0.0,0.0,0.0,0.004,0.0,0.0,0.0,0.0,0.0,,89.63184100000002,48.263299,1
330.0,No Processing,0.0,0.989,0.0,0.0,0.0,0.0,0.0,0.0,0.0,0.0,0.0,0.0,0.0,0.0,0.0069999999999999,0.0,0.0,0.0,0.0,0.004,0.0,0.0,0.0,0.0,0.0,,89.63184100000002,48.263299,1
331.0,No Processing,0.0,0.989,0.0,0.0,0.0,0.0,0.0,0.0,0.0,0.0,0.0,0.0,0.0,0.0,0.005,0.006,0.0,0.0,0.0,0.0,0.0,0.0,0.0,0.0,0.0,24.0,115.0,55.0,1
332.0,No Processing,0.0,0.989,0.0,0.0,0.0,0.0,0.0,0.0,0.0,0.0,0.0,0.0,0.0,0.0,0.0069999999999999,0.0,0.0,0.0,0.0,0.004,0.0,0.0,0.0,0.0,0.0,,90.0,50.0,1
333.0,No Processing,0.0,0.9885,0.0,0.0,0.0,0.0,0.0,0.0,0.0025,0.0,0.0,0.0,0.0,0.0,0.006,0.0,0.0,0.0,0.0,0.003,0.0,0.0,0.0,0.0,0.0,30.0,110.31611200000002,41.368542,1
334.0,No Processing,0.0,0.988,0.0,0.0,0.0,0.0,0.0,0.0,0.0,0.0,0.0,0.0,0.0,0.0,0.0,0.012,0.0,0.0,0.0,0.0,0.0,0.0,0.0,0.0,0.0,30.0,110.31611200000002,41.368542,1
335.0,No Processing,0.0,0.98725,0.0,0.0,0.0,0.0,0.0,0.0,0.00125,0.0,0.0,0.0,0.0,0.0,0.0,0.0005,0.0,0.0,0.0,0.01,0.0,0.0,0.0,0.001,0.0,35.0,90.0,,1
336.0,No Processing,0.0,0.987,0.0,0.0,0.0,0.0,0.0,0.0,0.0,0.0,0.0,0.0,0.0,0.0,0.01,0.003,0.0,0.0,0.0,0.0,0.0,0.0,0.0,0.0,0.0,22.0,131.000383,48.263299,1
337.0,No Processing,0.0,0.987,0.0,0.0,0.0,0.0,0.0,0.0,0.0,0.0,0.0,0.0,0.0,0.0,0.01,0.003,0.0,0.0,0.0,0.0,0.0,0.0,0.0,0.0,0.0,22.0,130.0,50.0,1
338.0,No Processing,0.0,0.9868,0.0,0.0,0.0,0.0,0.0,0.0,0.0012,0.0,0.0,0.0,0.0,0.0,0.0,0.012,0.0,0.0,0.0,0.0,0.0,0.0,0.0,0.0,0.0,30.0,110.0,40.0,1
339.0,No Processing,0.0,0.986,0.0,0.0,0.0,0.0,0.0,0.0,0.001,0.0,0.0,0.0,0.0,0.0,0.01,0.003,0.0,0.0,0.0,0.0,0.0,0.0,0.0,0.0,0.0,22.0,131.000383,48.263299,1
340.0,No Processing,0.0,0.986,0.0,0.0,0.0,0.0,0.0,0.0,0.0,0.0,0.0,0.0,0.0,0.0,0.0139999999999999,0.0,0.0,0.0,0.0,0.0,0.0,0.0,0.0,0.0,0.0,24.0,145.0,55.0,1
341.0,No Processing,0.0,0.986,0.0,0.0,0.0,0.0,0.0,0.0,0.0,0.0,0.0,0.0,0.0,0.0,0.0139999999999999,0.0,0.0,0.0,0.0,0.0,0.0,0.0,0.0,0.0,0.0,24.0,144.789897,55.15805600000001,1
342.0,No Processing,0.0,0.984992496,0.0,0.0,0.0,0.0,0.0,0.00050025,0.00050025,0.0,0.0,0.001750875,0.0,0.0,0.006753377,0.00050025,0.0,0.0,0.0,0.004002001,0.0,0.00050025,0.0,0.00050025,0.0,21.95,120.5,50.15,1
343.0,No Processing,0.0,0.9845,0.0,0.0,0.0,0.0,0.0,0.0,0.0,0.0,0.0,0.0,0.0,0.0,0.0035,0.012,0.0,0.0,0.0,0.0,0.0,0.0,0.0,0.0,0.0,25.0,131.000383,55.15805600000001,1
344.0,No Processing,0.0,0.9836,0.0,0.0,0.0,0.0,0.0,0.0005,0.0015,0.0,0.0,0.00575,0.0,0.0,0.0,0.0,0.00695,0.0,0.0,0.0017,0.0,0.0,0.0,0.0,0.0,30.0,110.0,,1
345.0,No Processing,0.0,0.983237428,0.0,0.0,0.0,0.0,0.0,0.000500375,0.001000751,0.0,0.0,0.003502627,0.0,0.0,0.008006005,0.001000751,0.0,0.0,0.0,0.001501126,0.0,0.0,0.0,0.001250938,0.0,26.05,120.0,45.0,1
346.0,No Processing,0.0,0.983,0.0,0.0,0.0,0.0,0.0,0.0,0.0,0.0,0.0,0.006,0.0,0.0,0.0,0.0,0.011,0.0,0.0,0.0,0.0,0.0,0.0,0.0,0.0,30.0,110.31611200000002,41.368542,1
347.0,No Processing,0.0,0.98075,0.0,0.0,0.0,0.0,0.0,0.001,0.001,0.0,0.0,0.0035,0.0,0.0,0.00675,0.001,0.0,0.0,0.0,0.004,0.0,0.001,0.0,0.001,0.0,30.0,90.0,,1
348.0,No Processing,0.0,0.9795,0.0,0.0,0.0,0.0,0.0,0.002,0.0025,0.0,0.0,0.0,0.0,0.0,0.01,0.0,0.0,0.0,0.0,0.006,0.0,0.0,0.0,0.0,0.0,25.0,124.105626,55.15805600000001,1
349.0,No Processing,0.0,0.9792,0.0,0.0,0.0,0.0,0.0,0.002,0.0028,0.0,0.0,0.0,0.0,0.0,0.01,0.0,0.0,0.0,0.0,0.006,0.0,0.0,0.0,0.0,0.0,25.0,125.0,55.0,1
350.0,No Processing,0.0,0.978478478,0.0,0.0,0.0,0.0,0.0,0.000500501,0.000500501,0.0,0.0,0.003503504,0.0,0.0,0.001501502,0.0120120119999999,0.0,0.0,0.0,0.0025025029999999,0.0,0.0,0.0,0.001001001,0.0,25.0,105.0,45.0,1
351.0,No Processing,0.0,0.978,0.0,0.0,0.0,0.0,0.0,0.0,0.0,0.0,0.0,0.0,0.0,0.0,0.01,0.012,0.0,0.0,0.0,0.0,0.0,0.0,0.0,0.0,0.0,20.0,179.26368200000005,68.94757,1
352.0,No Processing,0.0,0.978,0.0,0.0,0.0,0.0,0.0,0.0,0.0,0.0,0.0,0.0,0.0,0.0,0.01,0.012,0.0,0.0,0.0,0.0,0.0,0.0,0.0,0.0,0.0,20.0,180.0,70.0,1
353.0,No Processing,0.0,0.977988994,0.0,0.0,0.0,0.0,0.0,0.0010005,0.00150075,0.0,0.0,0.0035017509999999,0.0,0.0,0.0050025009999999,0.005502751,0.0,0.0,0.0,0.0030015009999999,0.0,0.00050025,0.0,0.002001001,0.0,18.05,110.5,90.5,1
354.0,No Processing,0.0,0.9775,0.0,0.0,0.0,0.0,0.0,0.0025,0.0,0.0,0.0,0.0,0.0,0.0,0.013,0.0,0.0,0.0,0.0,0.0069999999999999,0.0,0.0,0.0,0.0,0.0,35.0,110.31611200000002,55.15805600000001,1
355.0,No Processing,0.0,0.976488244,0.0,0.0,0.0,0.0,0.0,0.00050025,0.0010005,0.0,0.0,0.002501251,0.0,0.0,0.004252126,0.0010005,0.0,0.0,0.0,0.012506253,0.0,0.000750375,0.0,0.0010005,0.0,27.0,100.3,50.15,1
356.0,No Processing,0.0,0.9745,0.0,0.0,0.0,0.0,0.0,0.001,0.002,0.0,0.0,0.0069999999999999,0.0,0.0,0.008,0.002,0.0,0.0,0.0,0.003,0.0,0.0,0.0,0.0025,0.0,30.0,125.0,,1
357.0,No Processing,0.0,0.974,0.0,0.0,0.0,0.0,0.0,0.002,0.0,0.0,0.0,0.0,0.0,0.0,0.013,0.011,0.0,0.0,0.0,0.0,0.0,0.0,0.0,0.0,0.0,18.0,186.158439,75.842327,1
358.0,No Processing,0.0,0.973,0.0,0.0,0.0,0.0,0.0,0.0,0.001,0.0,0.0,0.0,0.0,0.0,0.025,0.001,0.0,0.0,0.0,0.0,0.0,0.0,0.0,0.0,0.0,23.0,179.26368200000005,82.737084,1
359.0,No Processing,0.0,0.9725,0.0,0.0,0.0,0.0,0.0,0.0025,0.0,0.0,0.0,0.0,0.0,0.0,0.025,0.0,0.0,0.0,0.0,0.0,0.0,0.0,0.0,0.0,0.0,25.0,193.053196,89.63184100000002,1
360.0,No Processing,0.0,0.9725,0.0,0.0,0.0,0.0,0.0,0.0025,0.0,0.0,0.0,0.0,0.0,0.0,0.025,0.0,0.0,0.0,0.0,0.0,0.0,0.0,0.0,0.0,0.0,25.0,195.0,90.0,1
361.0,No Processing,0.0,0.9725,0.0,0.0,0.0,0.0,0.0,0.0025,0.0,0.0,0.0,0.0,0.0,0.0,0.025,0.0,0.0,0.0,0.0,0.0,0.0,0.0,0.0,0.0,0.0,25.0,195.0,90.0,1
362.0,No Processing,0.0,0.972472472,0.0,0.0,0.0,0.0,0.0,0.000500501,0.003753754,0.0,0.0,0.0025025029999999,0.0,0.0,0.0060060059999999,0.005005005,0.0,0.0,0.0,0.008008008,0.0,0.000500501,0.0,0.001251251,0.0,26.0,121.5,58.0,1
363.0,No Processing,0.0,0.97225,0.0,0.0,0.0,0.0,0.0,0.0,0.00125,0.0,0.0,0.0069999999999999,0.0,0.0,0.0,0.0125,0.0,0.0,0.0,0.006,0.0,0.0,0.0,0.001,0.0,30.0,110.0,,1
364.0,No Processing,0.0,0.971,0.0,0.0,0.0,0.0,0.0,0.0012,0.0,0.0,0.0,0.0,0.0,0.0,0.027,0.0008,0.0,0.0,0.0,0.0,0.0,0.0,0.0,0.0,0.0,22.0,250.0,115.0,1
365.0,No Processing,0.0,0.9695,0.0,0.0,0.0,0.0,0.0,0.0,0.0025,0.0,0.0,0.0,0.0,0.0,0.008,0.0069999999999999,0.0,0.0,0.0,0.013,0.0,0.0,0.0,0.0,0.0,20.0,144.789897,68.94757,1
366.0,No Processing,0.0,0.969484742,0.0,0.0,0.0,0.0,0.0,0.0,0.001250625,0.0,0.0,0.0035017509999999,0.0,0.0,0.010505253,0.012506253,0.0,0.0,0.0,0.00150075,0.0,0.0,0.0,0.001250625,0.0,25.5,152.5,62.1,1
367.0,No Processing,0.0,0.968968969,0.0,0.0,0.0,0.0,0.0,0.000750751,0.000750751,0.0,0.0,0.0025025029999999,0.0,0.0,0.020520521,0.0030030029999999,0.0,0.0,0.0,0.002002002,0.0,0.000750751,0.0,0.000750751,0.0,19.5,180.0,68.0,1
368.0,No Processing,0.0,0.968968969,0.0,0.0,0.0,0.0,0.0,0.000750751,0.000750751,0.0,0.0,0.0025025029999999,0.0,0.0,0.020520521,0.0030030029999999,0.0,0.0,0.0,0.002002002,0.0,0.000750751,0.0,0.000750751,0.0,19.5,180.0,68.0,1
369.0,No Processing,0.0,0.968468468,0.0,0.0,0.0,0.0,0.0,0.000500501,0.003753754,0.0,0.0,0.0025025029999999,0.0,0.0,0.008008008,0.005005005,0.0,0.0,0.0,0.01001001,0.0,0.000500501,0.0,0.001251251,0.0,25.5,129.5,61.0,1
370.0,No Processing,0.0,0.968,0.0,0.0,0.0,0.0,0.0,0.001,0.002,0.0,0.0,0.0069999999999999,0.0,0.0,0.0145,0.001,0.0,0.0,0.0,0.004,0.0,0.0,0.0,0.0025,0.0,24.0,145.0,,1
371.0,No Processing,0.0,0.967725794,0.0,0.0,0.0,0.0,0.0,0.002501876,0.000500375,0.0,0.0,0.002001501,0.0,0.0,0.025018764,0.000500375,0.0,0.0,0.0,0.001250938,0.0,0.0,0.0,0.000500375,0.0,15.15,181.0,69.45,1
372.0,No Processing,0.0,0.9665,0.0,0.0,0.0,0.0,0.0,0.002,0.003,0.0,0.0,0.0069999999999999,0.0,0.0,0.005,0.0055,0.0,0.0,0.0,0.006,0.0,0.001,0.0,0.004,0.0,24.0,120.0,,1
373.0,No Processing,0.0,0.964,0.0,0.0,0.0,0.0,0.0,0.0,0.0005,0.0,0.0,0.0,0.0,0.0,0.035,0.0005,0.0,0.0,0.0,0.0,0.0,0.0,0.0,0.0,0.0,24.0,227.526981,96.526598,1
374.0,No Processing,0.0,0.964,0.0,0.0,0.0,0.0,0.0,0.001,0.003,0.0,0.0,0.0069999999999999,0.0,0.0,0.004,0.0125,0.0,0.0,0.0,0.006,0.0,0.0,0.0,0.0025,0.0,25.0,130.0,,1
375.0,No Processing,0.0,0.9635,0.0,0.0,0.0,0.0,0.0,0.001,0.0,0.0,0.0,0.0,0.0,0.0,0.0275,0.008,0.0,0.0,0.0,0.0,0.0,0.0,0.0,0.0,0.0,22.0,248.211252,117.210869,1
376.0,No Processing,0.0,0.963,0.0,0.0,0.0,0.0,0.0,0.0025,0.001,0.0,0.0,0.004,0.0,0.0,0.025,0.001,0.0,0.0,0.0,0.0025,0.0,0.0,0.0,0.001,0.0,25.0,195.0,,1
377.0,No Processing,0.0,0.9625,0.0,0.0,0.0,0.0,0.0,0.0025,0.0,0.0,0.0,0.0,0.0,0.0,0.035,0.0,0.0,0.0,0.0,0.0,0.0,0.0,0.0,0.0,0.0,27.0,240.0,115.0,1
378.0,No Processing,0.0,0.9625,0.0,0.0,0.0,0.0,0.0,0.0025,0.0,0.0,0.0,0.0,0.0,0.0,0.035,0.0,0.0,0.0,0.0,0.0,0.0,0.0,0.0,0.0,0.0,27.0,240.0,115.0,1
379.0,No Processing,0.0,0.9625,0.0,0.0,0.0,0.0,0.0,0.0025,0.0,0.0,0.0,0.0,0.0,0.0,0.035,0.0,0.0,0.0,0.0,0.0,0.0,0.0,0.0,0.0,0.0,27.0,241.31649500000003,117.210869,1
380.0,No Processing,0.0,0.962,0.0,0.0,0.0,0.0,0.0,0.0,0.0025,0.0,0.0,0.0069999999999999,0.0,0.0,0.0105,0.0125,0.0,0.0,0.0,0.003,0.0,0.0,0.0,0.0025,0.0,20.0,180.0,,1
381.0,No Processing,0.0,0.95947974,0.0,0.0,0.0,0.0,0.0,0.00050025,0.026013007,0.0,0.0,0.002501251,0.0,0.0,0.004502251,0.002501251,0.0,0.0,0.0,0.002501251,0.0,0.000750375,0.0,0.001250625,0.0,26.5,116.0,56.0,1
382.0,No Processing,0.0,0.958719039,0.0,0.0,0.0,0.0,0.0,0.001501126,0.000500375,0.0,0.0,0.002001501,0.0,0.0,0.031023267,0.002501876,0.0,0.0,0.0,0.002001501,0.0,0.000750563,0.0,0.001000751,0.0,23.65,208.5,100.0,1
383.0,No Processing,0.0,0.958197747,0.0,0.0,0.0,0.0,0.0,0.001251564,0.000500626,0.0,0.0,0.002002503,0.0,0.0,0.027033792,0.0075093869999999,0.0,0.0,0.0,0.001251564,0.0,0.001001252,0.0,0.001251564,0.0,15.0,225.5,87.35,1
384.0,No Processing,0.0,0.958,0.0,0.0,0.0,0.0,0.0,0.0,0.009,0.0,0.0,0.0,0.0,0.0,0.011,0.009,0.0,0.0,0.0,0.013,0.0,0.0,0.0,0.0,0.0,18.0,151.684654,82.737084,1
385.0,No Processing,0.0,0.957,0.0,0.0,0.0,0.0,0.0,0.0,0.01,0.0,0.0,0.0,0.0,0.0,0.011,0.008,0.0,0.0,0.0,0.0139999999999999,0.0,0.0,0.0,0.0,0.0,,150.0,85.0,1
386.0,No Processing,0.0,0.95623906,0.0,0.0,0.0,0.0,0.0,0.002500625,0.000500125,0.0,0.0,0.0020005,0.0,0.0,0.035008752,0.000500125,0.0,0.0,0.0,0.001250313,0.0,0.00100025,0.0,0.00100025,0.0,23.0,235.0,110.5,1
387.0,No Processing,0.0,0.9545,0.0,0.0,0.0,0.0,0.0,0.001,0.0,0.0,0.0,0.0,0.0,0.0,0.04,0.0045,0.0,0.0,0.0,0.0,0.0,0.0,0.0,0.0,0.0,22.0,262.000766,117.210869,1
388.0,No Processing,0.0,0.954,0.0,0.0,0.0,0.0,0.0,0.0015,0.0,0.0,0.0,0.0,0.0,0.0,0.04,0.0045,0.0,0.0,0.0,0.0,0.0,0.0,0.0,0.0,0.0,22.0,260.0,115.0,1
389.0,No Processing,0.0,0.95225,0.0,0.0,0.0,0.0,0.0,0.00125,0.001,0.0,0.0,0.004,0.0,0.0,0.027,0.0075,0.0,0.0,0.0,0.0025,0.0,0.002,0.0,0.0025,0.0,22.0,250.0,,1
390.0,No Processing,0.0,0.95,0.0,0.0,0.0,0.0,0.0,0.0,0.04,0.0,0.0,0.0,0.0,0.0,0.005,0.005,0.0,0.0,0.0,0.0,0.0,0.0,0.0,0.0,0.0,22.0,179.26368200000005,68.94757,1
391.0,No Processing,0.0,0.9488,0.0,0.0,0.0,0.0,0.0,0.00025,0.00025,0.0,0.0,0.0031,0.0,0.0,0.0432,0.0034,0.0,0.0,0.0,0.001,0.0,0.0,0.0,0.0,0.0,28.0,275.0,140.0,1
392.0,No Processing,0.0,0.9488,0.0,0.0,0.0,0.0,0.0,0.00025,0.00025,0.0,0.0,0.0031,0.0,0.0,0.0432,0.0034,0.0,0.0,0.0,0.001,0.0,0.0,0.0,0.0,0.0,28.0,275.0,140.0,1
393.0,No Processing,0.0,0.9485,0.0,0.0,0.0,0.0,0.0,0.003,0.001,0.0,0.0,0.004,0.0,0.0,0.031,0.005,0.0,0.0,0.0,0.004,0.0,0.0015,0.0,0.002,0.0,22.6,229.9,105.1,1
394.0,No Processing,0.0,0.9485,0.0,0.0,0.0,0.0,0.0,0.003,0.001,0.0,0.0,0.004,0.0,0.0,0.031,0.005,0.0,0.0,0.0,0.004,0.0,0.0015,0.0,0.002,0.0,23.9,220.2,105.6,1
395.0,No Processing,0.0,0.9485,0.0,0.0,0.0,0.0,0.0,0.003,0.001,0.0,0.0,0.004,0.0,0.0,0.031,0.005,0.0,0.0,0.0,0.004,0.0,0.0015,0.0,0.002,0.0,25.8,219.5,103.2,1
396.0,No Processing,0.0,0.9476,0.0,0.0,0.0,0.0,0.0,0.0012,0.0,0.0,0.0,0.0,0.0,0.0,0.05,0.0012,0.0,0.0,0.0,0.0,0.0,0.0,0.0,0.0,0.0,,290.0,150.0,1
397.0,No Processing,0.0,0.9475,0.0,0.0,0.0,0.0,0.0,0.0015,0.0,0.0,0.0,0.0,0.0,0.0,0.044,0.0069999999999999,0.0,0.0,0.0,0.0,0.0,0.0,0.0,0.0,0.0,16.0,276.0,124.0,1
398.0,No Processing,0.0,0.9475,0.0,0.0,0.0,0.0,0.0,0.0015,0.0,0.0,0.0,0.0,0.0,0.0,0.044,0.0069999999999999,0.0,0.0,0.0,0.0,0.0,0.0,0.0,0.0,0.0,,290.0,145.0,1
399.0,No Processing,0.0,0.9475,0.0,0.0,0.0,0.0,0.0,0.0015,0.0,0.0,0.0,0.0,0.0,0.0,0.044,0.0069999999999999,0.0,0.0,0.0,0.0,0.0,0.0,0.0,0.0,0.0,16.0,276.0,124.0,1
400.0,No Processing,0.0,0.947,0.0,0.0,0.0,0.0,0.0,0.0012,0.0,0.0,0.0,0.0,0.0,0.0,0.051,0.0008,0.0,0.0,0.0,0.0,0.0,0.0,0.0,0.0,0.0,,310.0,160.0,1
401.0,No Processing,0.0,0.946946947,0.0,0.0,0.0,0.0,0.0,0.001501502,0.000500501,0.0,0.0,0.0025025029999999,0.0,0.0,0.04004004,0.004504505,0.0,0.0,0.0,0.002002002,0.0,0.000750751,0.0,0.001251251,0.0,16.0,253.5,102.0,1
402.0,No Processing,0.0,0.9465,0.0,0.0,0.0,0.0,0.0,0.001,0.0,0.0,0.0,0.0,0.0,0.0,0.0445,0.008,0.0,0.0,0.0,0.0,0.0,0.0,0.0,0.0,0.0,22.0,289.579794,144.789897,1
403.0,No Processing,0.0,0.946,0.0,0.0,0.0,0.0,0.0,0.001,0.0,0.0,0.0,0.0,0.0,0.0,0.052,0.001,0.0,0.0,0.0,0.0,0.0,0.0,0.0,0.0,0.0,35.0,289.579794,151.684654,1
404.0,No Processing,0.0,0.945709282,0.0,0.0,0.0,0.0,0.0,0.000500375,0.000750563,0.0,0.0,0.0017513129999999,0.0,0.0,0.045033775,0.003502627,0.0,0.0,0.0,0.001000751,0.0,0.000500375,0.0,0.001250938,0.0,25.0,280.0,143.0,1
405.0,No Processing,0.0,0.942,0.0,0.0,0.0,0.0,0.0,0.0,0.04,0.0,0.0,0.0,0.0,0.0,0.006,0.0069999999999999,0.0,0.0,0.0,0.005,0.0,0.0,0.0,0.0,0.0,,180.0,70.0,1
406.0,No Processing,0.0,0.940470235,0.0,0.0,0.0,0.0,0.0,0.00150075,0.00050025,0.0,0.0,0.002001001,0.0,0.0,0.0445222609999999,0.0070035019999999,0.0,0.0,0.0,0.002001001,0.0,0.000750375,0.0,0.001250625,0.0,14.0,265.5,120.5,1
407.0,No Processing,0.0,0.94,0.0,0.0,0.0,0.0,0.0,0.0015,0.001,0.0,0.0,0.005,0.0,0.0,0.04,0.0045,0.0,0.0,0.0,0.004,0.0,0.0015,0.0,0.0025,0.0,22.0,260.0,,1
408.0,No Processing,0.0,0.9385,0.0,0.0,0.0,0.0,0.0,0.001,0.0,0.0,0.0,0.0,0.0,0.0,0.0525,0.008,0.0,0.0,0.0,0.0,0.0,0.0,0.0,0.0,0.0,24.0,310.264065,158.57941100000005,1
409.0,No Processing,0.0,0.937,0.0,0.0,0.0,0.002,0.0,0.0,0.045,0.0,0.0,0.0,0.0,0.011,0.0,0.005,0.0,0.0,0.0,0.0,0.0,0.0,0.0,0.0,0.0,19.0,199.947953,82.737084,1
410.0,No Processing,0.0,0.935,0.0,0.0,0.0,0.0,0.0,0.0,0.044,0.0,0.0,0.0,0.0,0.0,0.015,0.006,0.0,0.0,0.0,0.0,0.0,0.0,0.0,0.0,0.0,20.0,185.0,75.0,1
411.0,No Processing,0.0,0.935,0.0,0.0,0.0,0.0,0.0,0.0,0.044,0.0,0.0,0.0,0.0,0.0,0.005,0.008,0.0,0.0,0.0,0.008,0.0,0.0,0.0,0.0,0.0,,185.0,95.0,1
412.0,No Processing,0.0,0.934233558,0.0,0.0,0.0,0.0,0.0,0.001250313,0.000500125,0.0,0.0,0.0020005,0.0,0.0,0.051012753,0.007501875,0.0,0.0,0.0,0.001250313,0.0,0.00100025,0.0,0.001250313,0.0,14.0,276.0,117.0,1
413.0,No Processing,0.0,0.934,0.0,0.0,0.0,0.0,0.0,0.0015,0.001,0.0,0.0,0.004,0.0,0.0,0.0445,0.0069999999999999,0.0,0.0,0.0,0.004,0.0,0.0015,0.0,0.0025,0.0,22.0,290.0,,1
414.0,No Processing,0.0,0.934,0.0,0.0,0.0,0.0,0.0,0.0,0.044,0.0,0.0,0.0,0.0,0.0,0.005,0.008,0.0,0.0,0.0,0.009,0.0,0.0,0.0,0.0,0.0,18.0,186.158439,96.526598,1
415.0,No Processing,0.0,0.934,0.0,0.0,0.0,0.0,0.0,0.0,0.045,0.0,0.0,0.0,0.0,0.0,0.015,0.006,0.0,0.0,0.0,0.0,0.0,0.0,0.0,0.0,0.0,20.0,186.158439,75.842327,1
416.0,No Processing,0.0,0.934,0.0,0.0,0.0,0.0,0.0,0.0,0.0,0.0,0.0,0.0,0.0,0.0,0.06,0.006,0.0,0.0,0.0,0.0,0.0,0.0,0.0,0.0,0.0,20.0,345.0,170.0,1
417.0,No Processing,0.0,0.9334,0.0,0.0,0.0,0.0,0.0,0.0,0.063,0.0,0.0,0.0,0.0,0.0,0.0,0.003,0.0,0.0,0.0,0.0,0.0,0.0006,0.0,0.0,0.0,18.0,170.0,75.0,1
418.0,No Processing,0.0,0.9315,0.0,0.0,0.0,0.0,0.0,0.0,0.063,0.0,0.0,0.0,0.0,0.0,0.0,0.003,0.0,0.0,0.0,0.0,0.0,0.0,0.001,0.0,0.0015,20.0,172.368925,68.94757,1
419.0,No Processing,0.0,0.92825,0.0,0.0,0.0,0.0,0.0,0.00125,0.001,0.0,0.0,0.004,0.0,0.0,0.051,0.0075,0.0,0.0,0.0,0.0025,0.0,0.002,0.0,0.0025,0.0,24.0,310.0,,1
420.0,No Processing,0.0,0.927963982,0.0,0.0,0.0,0.0,0.0,0.00050025,0.043521761,0.0,0.0,0.002501251,0.0,0.0,0.015007504,0.0060030019999999,0.0,0.0,0.0,0.002501251,0.0,0.000750375,0.0,0.001250625,0.0,20.0,185.0,75.0,1
421.0,No Processing,0.0,0.9075,0.0,0.0,0.0,0.0,0.0,0.0,0.01,0.0,0.0,0.0,0.0,0.0,0.0,0.0,0.005,0.0,0.0,0.015,0.0625,0.0,0.0,0.0,0.0,28.0,117.210869,48.263299,1
422.0,No Processing,0.0,0.9007,0.0,0.0,0.0,0.0,0.0,0.0023,0.016,0.0,0.0,0.0,0.0,0.0,0.025,0.0,0.0,0.0,0.0,0.0,0.0,0.0,0.0,0.0559999999999999,0.0,17.0,230.0,105.0,1
423.0,No Processing,0.0,0.9,0.0,0.0,0.0,0.0,0.0,0.003,0.016,0.0,0.0,0.0,0.0,0.0,0.025,0.0,0.0,0.0,0.0,0.0,0.0,0.0,0.0,0.0559999999999999,0.0,17.0,227.526981,103.421355,1
424.0,No Processing,0.0,0.893625538,0.0,0.0,0.0,0.0,0.0,0.002301611,0.016011208,0.0,0.0,0.002501751,0.0,0.0,0.025017512,0.001501051,0.0,0.0,0.0,0.002001401,0.0,0.0010007,0.0,0.056039227,0.0,15.0,225.0,105.0,1
425.0,No Processing,0.0,0.882,0.0,0.0,0.0,0.0,0.0,0.003,0.02,0.0,0.0,0.0,0.0,0.0,0.027,0.0,0.0,0.0,0.0,0.0,0.0,0.0,0.0,0.068,0.0,15.0,227.526981,103.421355,1
426.0,No Processing,0.0,0.8817,0.0,0.0,0.0,0.0,0.0,0.0023,0.02,0.0,0.0,0.0,0.0,0.0,0.0279999999999999,0.0,0.0,0.0,0.0,0.0,0.0,0.0,0.0,0.068,0.0,15.0,230.0,105.0,1
427.0,No Processing,0.0,0.872,0.0,0.0,0.0,0.0,0.0,0.003,0.021,0.0,0.0,0.0,0.0,0.0,0.03,0.0,0.0,0.0,0.0,0.0,0.0,0.0,0.0,0.074,0.0,14.0,255.106009,151.684654,1
428.0,Solutionised + Artificially over aged,0.0,0.9235,0.0001,0.0,0.0,0.0,0.0,0.0,0.0,0.0,0.0,0.0007,0.0,0.0,0.0041,0.0,0.0,0.0,0.0,0.0702,0.0,0.0014,0.0,0.0,0.0,7.4,95.6,80.3,3
429.0,Solutionised + Artificially over aged,0.0,0.9186,0.0001,0.0,0.0,0.0,0.0,0.0,0.0,0.0041,0.0,0.0008,0.0,0.0,0.0032,0.0,0.0,0.0,0.0,0.0721,0.0,0.0011,0.0,0.0,0.0,8.3,100.0,92.4,3
430.0,Solutionised + Artificially over aged,0.0,0.9181,0.0001,0.0,0.0,0.0,0.0,0.0,0.0,0.0022,0.0,0.0008,0.0,0.0,0.0036,0.0,0.0,0.0,0.0,0.0738,0.0,0.0014,0.0,0.0,0.0,12.7,115.7,104.0,3
431.0,Solutionised + Artificially over aged,0.0,0.9235,0.0001,0.0,0.0,0.0,0.0,0.0,0.0,0.0,0.0,0.0007,0.0,0.0,0.0041,0.0,0.0,0.0,0.0,0.0702,0.0,0.0014,0.0,0.0,0.0,3.7,119.3,108.6,3
432.0,Solutionised + Artificially over aged,0.0,0.9186,0.0001,0.0,0.0,0.0,0.0,0.0,0.0,0.0041,0.0,0.0008,0.0,0.0,0.0032,0.0,0.0,0.0,0.0,0.0721,0.0,0.0011,0.0,0.0,0.0,3.3,139.9,119.3,3
433.0,Solutionised + Artificially over aged,0.0,0.9181,0.0001,0.0,0.0,0.0,0.0,0.0,0.0,0.0022,0.0,0.0008,0.0,0.0,0.0036,0.0,0.0,0.0,0.0,0.0738,0.0,0.0014,0.0,0.0,0.0,5.6,165.8,139.2,3
434.0,Solutionised + Cold Worked + Naturally aged,0.0007,0.9208,0.0,0.0,0.0,0.0,0.0,0.0,0.0637,0.0,0.0,0.0057,0.0,0.0,0.0001,0.0018,0.0,0.0,0.0,0.0,0.0,0.0006,0.0,0.0066,0.0,17.0,190.0,140.0,8
435.0,Solutionised + Cold Worked + Naturally aged,0.0,0.916,0.0,0.0,0.0,0.0,0.0,0.0,0.0685,0.0,0.0,0.006,0.0,0.0,0.0001,0.002,0.0,0.0,0.0,0.0,0.0,0.0006,0.0,0.0068,0.0,15.0,210.0,140.0,8
436.0,Solutionised + Cold Worked + Naturally aged,0.0003,0.9153,0.0,0.0,0.0,0.0,0.0,0.0,0.0678,0.0,0.0,0.0062,0.0,0.0,0.0001,0.0019,0.0,0.0,0.0,0.0,0.0,0.0008,0.0,0.0076,0.0,14.0,180.0,145.0,8
437.0,Solutionised + Cold Worked + Naturally aged,0.001,0.9151,0.0,0.0,0.0,0.0,0.0,0.0,0.0684,0.0,0.0,0.0061,0.0,0.0,0.0001,0.0018,0.0,0.0,0.0,0.0,0.0,0.0002,0.0,0.0073,0.0,14.0,185.0,140.0,8
438.0,Naturally aged,0.0007,0.9208,0.0,0.0,0.0,0.0,0.0,0.0,0.0637,0.0,0.0,0.0057,0.0,0.0,0.0001,0.0018,0.0,0.0,0.0,0.0,0.0,0.0006,0.0,0.0066,0.0,25.0,360.0,130.0,8
439.0,Naturally aged,0.0,0.916,0.0,0.0,0.0,0.0,0.0,0.0,0.0685,0.0,0.0,0.006,0.0,0.0,0.0001,0.002,0.0,0.0,0.0,0.0,0.0,0.0006,0.0,0.0068,0.0,26.0,350.0,140.0,8
440.0,Naturally aged,0.0003,0.9153,0.0,0.0,0.0,0.0,0.0,0.0,0.0678,0.0,0.0,0.0062,0.0,0.0,0.0001,0.0019,0.0,0.0,0.0,0.0,0.0,0.0008,0.0,0.0076,0.0,23.0,360.0,145.0,8
441.0,Naturally aged,0.001,0.9151,0.0,0.0,0.0,0.0,0.0,0.0,0.0684,0.0,0.0,0.0061,0.0,0.0,0.0001,0.0018,0.0,0.0,0.0,0.0,0.0,0.0002,0.0,0.0073,0.0,13.0,350.0,150.0,8
442.0,Solutionised  + Artificially peak aged,0.0007,0.9208,0.0,0.0,0.0,0.0,0.0,0.0,0.0637,0.0,0.0,0.0057,0.0,0.0,0.0001,0.0018,0.0,0.0,0.0,0.0,0.0,0.0006,0.0,0.0066,0.0,12.0,480.0,380.0,2
443.0,Solutionised  + Artificially peak aged,0.0,0.916,0.0,0.0,0.0,0.0,0.0,0.0,0.0685,0.0,0.0,0.006,0.0,0.0,0.0001,0.002,0.0,0.0,0.0,0.0,0.0,0.0006,0.0,0.0068,0.0,8.0,440.0,330.0,2
444.0,Solutionised  + Artificially peak aged,0.0003,0.9153,0.0,0.0,0.0,0.0,0.0,0.0,0.0678,0.0,0.0,0.0062,0.0,0.0,0.0001,0.0019,0.0,0.0,0.0,0.0,0.0,0.0008,0.0,0.0076,0.0,4.0,420.0,360.0,2
445.0,Solutionised  + Artificially peak aged,0.001,0.9151,0.0,0.0,0.0,0.0,0.0,0.0,0.0684,0.0,0.0,0.0061,0.0,0.0,0.0001,0.0018,0.0,0.0,0.0,0.0,0.0,0.0002,0.0,0.0073,0.0,2.0,400.0,360.0,2
446.0,Solutionised + Artificially over aged,0.0,0.88282,0.0,0.0,0.0,0.0,0.0,0.0018,0.017,0.0,0.0,0.0022,0.0,0.0,0.0275,0.0,0.001,0.0,0.0,0.0006,0.0,0.00028,0.0,0.0668,0.0,,545.0,515.0,4
447.0,Solutionised + Artificially over aged,0.0,0.8945,0.0,0.0,0.0,0.0,0.0,0.0,0.0145,0.0,0.0,0.0006,0.0,0.0,0.0175,0.0,0.0,0.0,0.0,0.0002,0.0,0.0,0.0,0.0715,0.0012,12.5,578.0,528.0,4
448.0,Solutionised + Artificially over aged,0.0,0.8945,0.0,0.0,0.0,0.0,0.0,0.0,0.0145,0.0,0.0,0.0006,0.0,0.0,0.0175,0.0,0.0,0.0,0.0,0.0002,0.0,0.0,0.0,0.0715,0.0012,13.0,509.0,430.0,4
449.0,Solutionised + Artificially over aged,0.0,0.8945,0.0,0.0,0.0,0.0,0.0,0.0,0.0145,0.0,0.0,0.0006,0.0,0.0,0.0175,0.0,0.0,0.0,0.0,0.0002,0.0,0.0,0.0,0.0715,0.0012,11.0,578.0,528.0,4
450.0,Solutionised  + Artificially peak aged,0.0,0.8945,0.0,0.0,0.0,0.0,0.0,0.0,0.0145,0.0,0.0,0.0006,0.0,0.0,0.0175,0.0,0.0,0.0,0.0,0.0002,0.0,0.0,0.0,0.0715,0.0012,13.5,582.0,530.0,2
451.0,Solutionised + Artificially over aged,0.0,0.8945,0.0,0.0,0.0,0.0,0.0,0.0,0.0145,0.0,0.0,0.0006,0.0,0.0,0.0175,0.0,0.0,0.0,0.0,0.0002,0.0,0.0,0.0,0.0715,0.0012,10.0,526.0,460.0,4
452.0,Solutionised  + Artificially peak aged,0.0,0.9965,0.0,0.0,0.0,0.0,0.0,0.0,0.0,0.0,0.0,0.0,0.0,0.0,0.0,0.0,0.0,0.0,0.0035,0.0,0.0,0.0,0.0,0.0,0.0,,,190.0,2
453.0,Naturally aged,0.0,0.989,0.0,0.0,0.0,0.0,0.0,0.0,0.0,0.0,0.0,0.0,0.0,0.0,0.0069999999999999,0.0,0.0,0.0,0.0,0.004,0.0,0.0,0.0,0.0,0.0,20.0,151.684654,89.63184100000002,8
454.0,Naturally aged,0.0,0.989,0.0,0.0,0.0,0.0,0.0,0.0,0.0,0.0,0.0,0.0,0.0,0.0,0.0069999999999999,0.0,0.0,0.0,0.0,0.004,0.0,0.0,0.0,0.0,0.0,20.0,151.684654,89.63184100000002,8
455.0,Naturally aged,0.0,0.989,0.0,0.0,0.0,0.0,0.0,0.0,0.0,0.0,0.0,0.0,0.0,0.0,0.0069999999999999,0.0,0.0,0.0,0.0,0.004,0.0,0.0,0.0,0.0,0.0,20.0,150.0,90.0,8
456.0,Naturally aged,0.0,0.989,0.0,0.0,0.0,0.0,0.0,0.0,0.0,0.0,0.0,0.0,0.0,0.0,0.0069999999999999,0.0,0.0,0.0,0.0,0.004,0.0,0.0,0.0,0.0,0.0,20.0,150.0,90.0,8
457.0,Naturally aged,0.0,0.984992496,0.0,0.0,0.0,0.0,0.0,0.00050025,0.00050025,0.0,0.0,0.001750875,0.0,0.0,0.006753377,0.00050025,0.0,0.0,0.0,0.004002001,0.0,0.00050025,0.0,0.00050025,0.0,14.65,124.5,65.0,8
458.0,Naturally aged,0.0,0.983237428,0.0,0.0,0.0,0.0,0.0,0.000500375,0.000500375,0.0,0.0,0.0017513129999999,0.0,0.0,0.005003753,0.000500375,0.0,0.0,0.0,0.007505629,0.0,0.000500375,0.0,0.000500375,0.0,19.5,184.0,113.5,8
459.0,Naturally aged,0.0,0.98075,0.0,0.0,0.0,0.0,0.0,0.001,0.001,0.0,0.0,0.0035,0.0,0.0,0.00675,0.001,0.0,0.0,0.0,0.004,0.0,0.001,0.0,0.001,0.0,20.0,150.0,,8
460.0,Naturally aged,0.0,0.978734051,0.0,0.0,0.0,0.0,0.0,0.001501126,0.001501126,0.0,0.0,0.0017513129999999,0.0,0.0,0.005504128,0.002501876,0.0,0.0,0.0,0.007005254,0.0,0.000500375,0.0,0.001000751,0.0,18.3,184.0,108.5,8
461.0,Naturally aged,0.0,0.976488244,0.0,0.0,0.0,0.0,0.0,0.00050025,0.0010005,0.0,0.0,0.002501251,0.0,0.0,0.004252126,0.0010005,0.0,0.0,0.0,0.012506253,0.0,0.000750375,0.0,0.0010005,0.0,24.5,150.5,90.25,8
462.0,Solutionised  + Artificially peak aged,0.0,0.9297,0.0,0.0,0.0,0.0,0.0,0.0,0.063,0.0,0.0,0.0014,0.0,0.0,0.0,0.0025,0.0,0.0,0.0,0.0008,0.0,0.0007,0.0006,0.0,0.0013,8.2,434.0,346.0,2
463.0,Solutionised  + Artificially peak aged,0.0,0.9297,0.0,0.0,0.0,0.0,0.0,0.0,0.063,0.0,0.0,0.0014,0.0,0.0,0.0,0.0025,0.0,0.0,0.0,0.0008,0.0,0.0007,0.0006,0.0,0.0013,9.1,433.0,342.0,2
464.0,Solutionised  + Artificially peak aged,0.0,0.9297,0.0,0.0,0.0,0.0,0.0,0.0,0.063,0.0,0.0,0.0014,0.0,0.0,0.0,0.0025,0.0,0.0,0.0,0.0008,0.0,0.0007,0.0006,0.0,0.0013,11.8,442.0,334.0,2
465.0,Solutionised  + Artificially peak aged,0.0,0.9297,0.0,0.0,0.0,0.0,0.0,0.0,0.063,0.0,0.0,0.0014,0.0,0.0,0.0,0.0025,0.0,0.0,0.0,0.0008,0.0,0.0007,0.0006,0.0,0.0013,13.1,449.0,343.0,2
466.0,Naturally aged,0.0,0.85462,0.0,0.0,0.0,0.0,0.0,0.0008699999999999,0.0294,0.0,0.0,0.0077,0.0,0.0,0.0022,0.002,0.00072,0.0,0.0,0.09055,0.0,0.0,0.0,0.01194,0.0,5.8,323.0,145.0,8
467.0,Naturally aged,0.0,0.85369,0.0,0.0,0.0,0.0,0.0,0.00119,0.0295,0.0,0.0,0.0074,0.0,0.0,0.0023,0.002,0.00073,0.0,0.0,0.0912,0.0,0.0,0.0,0.01199,0.0,5.95,323.0,145.0,8
468.0,Naturally aged,0.0,0.85359,0.0,0.0,0.0,0.0,0.0,0.00153,0.0296,0.0,0.0,0.0074,0.0,0.0,0.0023,0.0021,0.0009699999999999,0.0,0.0,0.0905,0.0,0.0,0.0,0.01201,0.0,4.6,310.0,149.0,8
469.0,Naturally aged,0.0,0.8527,0.0,0.0,0.0,0.0,0.0,0.00057,0.02996,0.0,0.0,0.0078,0.0,0.0,0.0022,0.0018,0.00074,0.0,0.0,0.0921,0.0,0.0,0.0,0.01213,0.0,6.1,325.0,140.0,8
470.0,Naturally aged,0.0,0.98075,0.0,0.0,0.0,0.0,0.0,0.001,0.001,0.0,0.0,0.0035,0.0,0.0,0.00675,0.001,0.0,0.0,0.0,0.004,0.0,0.001,0.0,0.001,0.0,18.0,160.0,,8
471.0,Solutionised + Artificially over aged,0.0,0.9055,0.0,0.0,0.0,0.0,0.0,0.0,0.012,0.0,0.0,0.0035,0.0,0.0,0.021,0.0012,0.0,0.0,0.0,0.0058,0.0,0.0,0.0,0.051,0.0,8.5,508.0,434.0,4
472.0,Solutionised + Artificially over aged,0.0,0.9055,0.0,0.0,0.0,0.0,0.0,0.0,0.012,0.0,0.0,0.0035,0.0,0.0,0.021,0.0012,0.0,0.0,0.0,0.0058,0.0,0.0,0.0,0.051,0.0,8.6,511.0,442.0,4
473.0,Solutionised + Artificially over aged,0.0,0.9055,0.0,0.0,0.0,0.0,0.0,0.0,0.012,0.0,0.0,0.0035,0.0,0.0,0.021,0.0012,0.0,0.0,0.0,0.0058,0.0,0.0,0.0,0.051,0.0,9.3,512.0,444.0,4
474.0,Solutionised + Artificially over aged,0.0,0.9055,0.0,0.0,0.0,0.0,0.0,0.0,0.012,0.0,0.0,0.0035,0.0,0.0,0.021,0.0012,0.0,0.0,0.0,0.0058,0.0,0.0,0.0,0.051,0.0,9.9,503.0,436.0,4
475.0,Solutionised + Artificially over aged,0.0,0.9055,0.0,0.0,0.0,0.0,0.0,0.0,0.012,0.0,0.0,0.0035,0.0,0.0,0.021,0.0012,0.0,0.0,0.0,0.0058,0.0,0.0,0.0,0.051,0.0,10.0,492.0,426.0,4
476.0,Solutionised + Artificially over aged,0.0,0.9055,0.0,0.0,0.0,0.0,0.0,0.0,0.012,0.0,0.0,0.0035,0.0,0.0,0.021,0.0012,0.0,0.0,0.0,0.0058,0.0,0.0,0.0,0.051,0.0,10.9,506.0,429.0,4
477.0,Solutionised + Cold Worked + Naturally aged,0.0,0.9505,0.0,0.0,0.0,0.0,0.0,0.0,0.026,0.0,0.0,0.0,0.0,0.022,0.0,0.0,0.0,0.0,0.0,0.0,0.0,0.0,0.0,0.0,0.0015,5.5,450.0,375.0,8
478.0,Solutionised + Cold Worked + Naturally aged,0.0,0.945,0.0,0.0,0.0,0.0,0.0,0.0,0.055,0.0,0.0,0.0,0.0,0.0,0.0,0.0,0.0,0.0,0.0,0.0,0.0,0.0,0.0,0.0,0.0,,380.0,295.0,8
479.0,Solutionised + Cold Worked + Naturally aged,0.0,0.94,0.0,0.0,0.0,0.0,0.0,0.0,0.045,0.0,0.0,0.0,0.0,0.0,0.015,0.0,0.0,0.0,0.0,0.0,0.0,0.0,0.0,0.0,0.0,16.0,550.0,360.0,8
480.0,Solutionised + Cold Worked + Naturally aged,0.0,0.93784406,0.0,0.0,0.0,0.0,0.0,0.0,0.041036933,0.0,0.0,0.00060054,0.0,0.0,0.014012611,0.004504054,0.0,0.0,0.0,0.00050045,0.0,0.00050045,0.0,0.001000901,0.0,13.5,408.0,301.0,8
481.0,Solutionised + Cold Worked + Naturally aged,0.0,0.935327365,0.0,0.0,0.0,0.0,0.0,0.000250088,0.04251488,0.0,0.0,0.00060021,0.0,0.0,0.014004902,0.005752013,0.0,0.0,0.0,0.000300105,0.0,0.000500175,0.0,0.000750263,0.0,16.2,428.5,296.5,8
482.0,Solutionised + Cold Worked + Naturally aged,0.0,0.935,0.0,0.0,0.005,0.0,0.0,0.0,0.055,0.0,0.0,0.0,0.0,0.0,0.0,0.0,0.0,0.005,0.0,0.0,0.0,0.0,0.0,0.0,0.0,15.0,379.211635,296.474551,8
483.0,Solutionised + Cold Worked + Naturally aged,0.0,0.935,0.0,0.0,0.0,0.0,0.0,0.0,0.044,0.0,0.0,0.0,0.0,0.0,0.015,0.006,0.0,0.0,0.0,0.0,0.0,0.0,0.0,0.0,0.0,18.0,485.0,345.0,8
484.0,Solutionised + Cold Worked + Naturally aged,0.0,0.934,0.0,0.0,0.0,0.0,0.0,0.0,0.045,0.0,0.0,0.0,0.0,0.0,0.015,0.006,0.0,0.0,0.0,0.0,0.0,0.0,0.0,0.0,0.0,18.0,482.63299000000006,344.73785,8
485.0,Solutionised + Cold Worked + Naturally aged,0.0,0.93295,0.0,0.0,0.0,0.0,0.0,0.0005,0.0425,0.0,0.0,0.0012,0.0,0.0,0.0139999999999999,0.00575,0.0,0.0,0.0,0.0006,0.0,0.001,0.0,0.0015,0.0,24.0,434.0,306.0,8
486.0,Solutionised + Cold Worked + Naturally aged,0.0,0.93295,0.0,0.0,0.0,0.0,0.0,0.0005,0.0425,0.0,0.0,0.0012,0.0,0.0,0.0139999999999999,0.00575,0.0,0.0,0.0,0.0006,0.0,0.001,0.0,0.0015,0.0,24.0,434.0,306.0,8
487.0,Solutionised + Cold Worked + Naturally aged,0.0,0.93295,0.0,0.0,0.0,0.0,0.0,0.0005,0.0425,0.0,0.0,0.0012,0.0,0.0,0.0139999999999999,0.00575,0.0,0.0,0.0,0.0006,0.0,0.001,0.0,0.0015,0.0,24.0,434.0,306.0,8
488.0,Solutionised + Cold Worked + Naturally aged,0.0,0.927963982,0.0,0.0,0.0,0.0,0.0,0.00050025,0.043521761,0.0,0.0,0.002501251,0.0,0.0,0.015007504,0.0060030019999999,0.0,0.0,0.0,0.002501251,0.0,0.000750375,0.0,0.001250625,0.0,11.5,434.5,310.0,8
489.0,Solutionised + Cold Worked + Naturally aged,0.0,0.926,0.0,0.0,0.0,0.0,0.0,0.0,0.042,0.0,0.0,0.005,0.0,0.0,0.016,0.006,0.0,0.0,0.0,0.005,0.0,0.0,0.0,0.0,0.0,18.0,460.0,340.0,8
490.0,Solutionised + Cold Worked + Naturally aged,0.0,0.926,0.0,0.0,0.0,0.0,0.0,0.0,0.042,0.0,0.0,0.005,0.0,0.0,0.016,0.006,0.0,0.0,0.0,0.005,0.0,0.0,0.0,0.0,0.0,18.0,460.0,340.0,8
491.0,Solutionised + Cold Worked + Naturally aged,0.0,0.92155,0.0,0.0,0.0,0.0,0.0,0.001,0.0435,0.0,0.0,0.005,0.0,0.0,0.015,0.00645,0.0,0.0,0.0,0.005,0.0,0.0,0.0,0.0025,0.0,18.0,485.0,345.0,8
492.0,Solutionised + Cold Worked + Naturally aged,0.0,0.92155,0.0,0.0,0.0,0.0,0.0,0.001,0.0435,0.0,0.0,0.005,0.0,0.0,0.015,0.00645,0.0,0.0,0.0,0.005,0.0,0.0,0.0,0.0025,0.0,18.0,485.0,345.0,8
493.0,Solutionised + Cold Worked + Naturally aged,0.0,0.9334,0.0,0.0,0.0,0.0,0.0,0.0,0.063,0.0,0.0,0.0,0.0,0.0,0.0,0.003,0.0,0.0,0.0,0.0,0.0,0.0006,0.0,0.0,0.0,17.0,360.0,250.0,8
494.0,Solutionised + Cold Worked + Naturally aged,0.0,0.9315,0.0,0.0,0.0,0.0,0.0,0.0,0.063,0.0,0.0,0.0,0.0,0.0,0.0,0.003,0.0,0.0,0.0,0.0,0.0,0.0,0.001,0.0,0.0015,17.0,372.316878,248.211252,8
495.0,Solutionised + Cold Worked + Naturally aged,0.0,0.98075,0.0,0.0,0.0,0.0,0.0,0.001,0.001,0.0,0.0,0.0035,0.0,0.0,0.00675,0.001,0.0,0.0,0.0,0.004,0.0,0.001,0.0,0.001,0.0,8.0,205.0,,8
496.0,Solutionised + Cold Worked + Naturally aged,0.0,0.98075,0.0,0.0,0.0,0.0,0.0,0.001,0.001,0.0,0.0,0.0035,0.0,0.0,0.00675,0.001,0.0,0.0,0.0,0.004,0.0,0.001,0.0,0.001,0.0,20.0,260.0,,8
497.0,Solutionised + Cold Worked + Naturally aged,0.0,0.9508,0.0,0.0,0.0,0.0,0.0,0.0,0.013,0.0,0.0,0.002,0.0,0.025,0.0069999999999999,0.0,0.0,0.0,0.0,0.001,0.0,0.0,0.0,0.0,0.0012,17.0,352.0,226.0,8
498.0,Solutionised + Cold Worked + Naturally aged,0.0,0.9508,0.0,0.0,0.0,0.0,0.0,0.0,0.013,0.0,0.0,0.002,0.0,0.025,0.0069999999999999,0.0,0.0,0.0,0.0,0.001,0.0,0.0,0.0,0.0,0.0012,24.0,486.0,256.0,8
499.0,Solutionised + Cold Worked + Naturally aged,0.0,0.9428,0.0,0.0,0.0,0.0,0.0,0.0,0.019,0.0,0.0,0.001,0.0,0.026,0.009,0.0,0.0,0.0,0.0,0.001,0.0,0.0,0.0,0.0,0.0012,11.0,417.0,309.0,8
500.0,Solutionised + Cold Worked + Naturally aged,0.0,0.9428,0.0,0.0,0.0,0.0,0.0,0.0,0.019,0.0,0.0,0.001,0.0,0.026,0.009,0.0,0.0,0.0,0.0,0.001,0.0,0.0,0.0,0.0,0.0012,14.0,572.0,382.0,8
501.0,Solutionised + Cold Worked + Naturally aged,0.0,0.935,0.0,0.0,0.0,0.0,0.0,0.0,0.044,0.0,0.0,0.0,0.0,0.0,0.015,0.006,0.0,0.0,0.0,0.0,0.0,0.0,0.0,0.0,0.0,20.0,472.0,325.0,8
502.0,Solutionised + Cold Worked + Naturally aged,0.0,0.93410717,0.0,0.0,0.0,0.0,0.0,0.000500325,0.041026667,0.0,0.0,0.000750488,0.0,0.0,0.015009756,0.006003903,0.0,0.0,0.0,0.00060039,0.0,0.000750488,0.0,0.001250813,0.0,16.5,496.5,362.5,8
503.0,Solutionised + Cold Worked + Naturally aged,0.0,0.934,0.0,0.0,0.0,0.0,0.0,0.0,0.045,0.0,0.0,0.0,0.0,0.0,0.015,0.006,0.0,0.0,0.0,0.0,0.0,0.0,0.0,0.0,0.0,20.0,468.843476,324.053579,8
504.0,Solutionised + Cold Worked + Naturally aged,0.0,0.934,0.0,0.0,0.0,0.0,0.0,0.0,0.0215,0.0,0.0,0.003,0.0,0.02,0.015,0.0,0.0,0.0,0.0,0.002,0.0,0.001,0.0,0.0025,0.001,10.0,451.0,369.0,8
505.0,Solutionised + Cold Worked + Naturally aged,0.0,0.934,0.0,0.0,0.0,0.0,0.0,0.0,0.0215,0.0,0.0,0.003,0.0,0.02,0.015,0.0,0.0,0.0,0.0,0.002,0.0,0.001,0.0,0.0025,0.001,16.0,596.0,442.0,8
506.0,Solutionised + Cold Worked + Naturally aged,0.0,0.9334,0.0,0.0,0.0,0.0,0.0,0.0,0.063,0.0,0.0,0.0,0.0,0.0,0.0,0.003,0.0,0.0,0.0,0.0,0.0,0.0006,0.0,0.0,0.0,17.0,360.0,250.0,8
507.0,Solutionised + Cold Worked + Naturally aged,0.0,0.9315,0.0,0.0,0.0,0.0,0.0,0.0,0.063,0.0,0.0,0.0,0.0,0.0,0.0,0.003,0.0,0.0,0.0,0.0,0.0,0.0,0.001,0.0,0.0015,17.0,372.316878,248.211252,8
508.0,Solutionised + Cold Worked + Naturally aged,0.0,0.927963982,0.0,0.0,0.0,0.0,0.0,0.00050025,0.043521761,0.0,0.0,0.002501251,0.0,0.0,0.015007504,0.0060030019999999,0.0,0.0,0.0,0.002501251,0.0,0.000750375,0.0,0.001250625,0.0,8.0,396.5,296.5,8
509.0,Solutionised + Cold Worked + Naturally aged,0.0,0.9225,0.0,0.0,0.0,0.0,0.0,0.001,0.044,0.0,0.0,0.005,0.0,0.0,0.015,0.006,0.0,0.0,0.0,0.005,0.0,0.0015,0.0,0.0,0.0,21.0,428.0,324.0,8
510.0,Solutionised + Cold Worked + Naturally aged,0.0,0.9225,0.0,0.0,0.0,0.0,0.0,0.001,0.044,0.0,0.0,0.005,0.0,0.0,0.015,0.006,0.0,0.0,0.0,0.005,0.0,0.0015,0.0,0.0,0.0,21.0,428.0,324.0,8
511.0,Solutionised + Cold Worked + Naturally aged,0.0,0.9225,0.0,0.0,0.0,0.0,0.0,0.001,0.044,0.0,0.0,0.005,0.0,0.0,0.015,0.006,0.0,0.0,0.0,0.005,0.0,0.0015,0.0,0.0,0.0,21.0,428.0,324.0,8
512.0,Solutionised + Cold Worked + Naturally aged,0.0,0.927963982,0.0,0.0,0.0,0.0,0.0,0.00050025,0.043521761,0.0,0.0,0.002501251,0.0,0.0,0.015007504,0.0060030019999999,0.0,0.0,0.0,0.002501251,0.0,0.000750375,0.0,0.001250625,0.0,10.0,434.5,310.0,8
513.0,Solutionised + Cold Worked + Naturally aged,0.0,0.939032936,0.0,0.0,0.0,0.0,0.0,0.0,0.0395434979999999,0.0,0.0,0.000350385,0.0,0.0,0.013014316,0.005506057,0.0,0.0,0.0,0.000250275,0.0,0.00030033,0.0,0.000500551,0.001501652,13.805,478.5,344.5,8
514.0,Solutionised + Cold Worked + Naturally aged,0.0,0.9377,0.0,0.0,0.0,0.0,0.0,0.0,0.0395,0.0,0.0,0.0007,0.0,0.0,0.013,0.0055,0.0,0.0,0.0,0.0005,0.0,0.0006,0.0,0.001,0.0015,11.0,496.0,365.0,8
515.0,Solutionised + Cold Worked + Naturally aged,0.0,0.9377,0.0,0.0,0.0,0.0,0.0,0.0,0.0395,0.0,0.0,0.0007,0.0,0.0,0.013,0.0055,0.0,0.0,0.0,0.0005,0.0,0.0006,0.0,0.001,0.0015,11.0,496.0,365.0,8
516.0,Solutionised + Cold Worked + Naturally aged,0.0,0.9377,0.0,0.0,0.0,0.0,0.0,0.0,0.0395,0.0,0.0,0.0007,0.0,0.0,0.013,0.0055,0.0,0.0,0.0,0.0005,0.0,0.0006,0.0,0.001,0.0015,11.0,496.0,365.0,8
517.0,Solutionised + Cold Worked + Naturally aged,0.0,0.927963982,0.0,0.0,0.0,0.0,0.0,0.00050025,0.043521761,0.0,0.0,0.002501251,0.0,0.0,0.015007504,0.0060030019999999,0.0,0.0,0.0,0.002501251,0.0,0.000750375,0.0,0.001250625,0.0,10.0,434.5,310.0,8
518.0,Solutionised + Cold Worked + Naturally aged,0.0,0.934,0.0,0.0,0.0,0.0,0.0,0.0,0.045,0.0,0.0,0.0,0.0,0.0,0.015,0.006,0.0,0.0,0.0,0.0,0.0,0.0,0.0,0.0,0.0,13.0,496.422504,393.001149,8
519.0,Solutionised + Cold Worked + Naturally aged,0.0,0.927963982,0.0,0.0,0.0,0.0,0.0,0.00050025,0.043521761,0.0,0.0,0.002501251,0.0,0.0,0.015007504,0.0060030019999999,0.0,0.0,0.0,0.002501251,0.0,0.000750375,0.0,0.001250625,0.0,10.8,501.0,378.0,8
520.0,Solutionised + Cold Worked + Naturally aged,0.0,0.935,0.0,0.0,0.0,0.0,0.0,0.0,0.044,0.0,0.0,0.0,0.0,0.0,0.015,0.006,0.0,0.0,0.0,0.0,0.0,0.0,0.0,0.0,0.0,13.0,495.0,395.0,8
521.0,Solutionised + Cold Worked + Naturally aged,0.0,0.927963982,0.0,0.0,0.0,0.0,0.0,0.00050025,0.043521761,0.0,0.0,0.002501251,0.0,0.0,0.015007504,0.0060030019999999,0.0,0.0,0.0,0.002501251,0.0,0.000750375,0.0,0.001250625,0.0,9.0,448.5,355.0,8
522.0,Solutionised + Cold Worked + Naturally aged,0.0,0.9334,0.0,0.0,0.0,0.0,0.0,0.0,0.063,0.0,0.0,0.0,0.0,0.0,0.0,0.003,0.0,0.0,0.0,0.0,0.0,0.0006,0.0,0.0,0.0,11.0,395.0,215.0,8
523.0,Solutionised + Cold Worked + Naturally aged,0.0,0.9315,0.0,0.0,0.0,0.0,0.0,0.0,0.063,0.0,0.0,0.0,0.0,0.0,0.0,0.003,0.0,0.0,0.0,0.0,0.0,0.0,0.001,0.0,0.0015,11.0,393.001149,317.1588220000001,8
524.0,Solutionised + Cold Worked + Naturally aged,0.0,0.9353,0.0,0.0,0.0,0.0,0.0,0.0,0.0409999999999999,0.0,0.0,0.0015,0.0,0.0,0.015,0.006,0.0,0.0,0.0,0.0012,0.0,0.0,0.0,0.0,0.0,10.0,476.0,345.0,8
525.0,Solutionised + Cold Worked + Naturally aged,0.0,0.9353,0.0,0.0,0.0,0.0,0.0,0.0,0.0409999999999999,0.0,0.0,0.0015,0.0,0.0,0.015,0.006,0.0,0.0,0.0,0.0012,0.0,0.0,0.0,0.0,0.0,10.0,476.0,345.0,8
526.0,Solutionised + Cold Worked + Naturally aged,0.0,0.9353,0.0,0.0,0.0,0.0,0.0,0.0,0.0409999999999999,0.0,0.0,0.0015,0.0,0.0,0.015,0.006,0.0,0.0,0.0,0.0012,0.0,0.0,0.0,0.0,0.0,10.0,476.0,345.0,8
527.0,Solutionised + Cold Worked + Naturally aged,0.0,0.9308,0.0,0.0,0.0,0.0,0.0,0.001,0.0409999999999999,0.0,0.0,0.0012,0.0,0.0,0.015,0.006,0.0,0.0,0.0,0.001,0.0,0.0015,0.0,0.0025,0.0,8.0,475.0,370.0,8
528.0,Solutionised + Cold Worked + Naturally aged,0.0,0.9308,0.0,0.0,0.0,0.0,0.0,0.001,0.0409999999999999,0.0,0.0,0.0012,0.0,0.0,0.015,0.006,0.0,0.0,0.0,0.001,0.0,0.0015,0.0,0.0025,0.0,8.0,475.0,370.0,8
529.0,Solutionised + Cold Worked + Naturally aged,0.0,0.9308,0.0,0.0,0.0,0.0,0.0,0.001,0.0409999999999999,0.0,0.0,0.0012,0.0,0.0,0.015,0.006,0.0,0.0,0.0,0.001,0.0,0.0015,0.0,0.0025,0.0,8.0,475.0,370.0,8
530.0,Solutionised + Naturally aged,0.0,0.989,0.0,0.0,0.0,0.0,0.0,0.0,0.0,0.0,0.0,0.0,0.0,0.0,0.0069999999999999,0.0,0.0,0.0,0.0,0.004,0.0,0.0,0.0,0.0,0.0,22.0,172.368925,89.63184100000002,6
531.0,Solutionised + Naturally aged,0.0,0.989,0.0,0.0,0.0,0.0,0.0,0.0,0.0,0.0,0.0,0.0,0.0,0.0,0.0069999999999999,0.0,0.0,0.0,0.0,0.004,0.0,0.0,0.0,0.0,0.0,22.0,172.368925,89.63184100000002,6
532.0,Solutionised + Naturally aged,0.0,0.989,0.0,0.0,0.0,0.0,0.0,0.0,0.0,0.0,0.0,0.0,0.0,0.0,0.0069999999999999,0.0,0.0,0.0,0.0,0.004,0.0,0.0,0.0,0.0,0.0,22.0,170.0,90.0,6
533.0,Solutionised + Naturally aged,0.0,0.986993497,0.0,0.0,0.0,0.0,0.0,0.0,0.0010005,0.0,0.0,0.000750375,0.0,0.0,0.006753377,0.000250125,0.0,0.0,0.0,0.004002001,0.0,0.0,0.0,0.000250125,0.0,19.5,135.5,81.25,6
534.0,Solutionised + Naturally aged,0.0,0.986232791,0.0,0.0,0.0,0.0,0.0,0.000250313,0.000500626,0.0,0.0,0.002002503,0.0,0.0,0.004755945,0.000500626,0.0,0.0,0.0,0.004505632,0.0,0.000500626,0.0,0.000750939,0.0,18.3,141.0,65.0,6
535.0,Solutionised + Naturally aged,0.0,0.984992496,0.0,0.0,0.0,0.0,0.0,0.00050025,0.00050025,0.0,0.0,0.001750875,0.0,0.0,0.006753377,0.00050025,0.0,0.0,0.0,0.004002001,0.0,0.00050025,0.0,0.00050025,0.0,19.5,141.0,75.8,6
536.0,Solutionised + Naturally aged,0.0,0.98342,0.0,0.0,0.0,0.0,0.0,0.00028,0.0012,0.0,0.0,0.0021,0.0,0.0,0.0054,0.0015,0.0,0.0,0.0,0.006,0.0,0.0,0.0,0.0001,0.0,17.0,120.0,60.0,6
537.0,Solutionised + Naturally aged,0.0,0.98342,0.0,0.0,0.0,0.0,0.0,0.00028,0.0012,0.0,0.0,0.0021,0.0,0.0,0.0054,0.0015,0.0,0.0,0.0,0.006,0.0,0.0,0.0,0.0001,0.0,21.0,155.0,65.0,6
538.0,Solutionised + Naturally aged,0.0,0.98075,0.0,0.0,0.0,0.0,0.0,0.001,0.001,0.0,0.0,0.0035,0.0,0.0,0.00675,0.001,0.0,0.0,0.0,0.004,0.0,0.001,0.0,0.001,0.0,22.0,170.0,,6
539.0,Solutionised + Naturally aged,0.0,0.9795,0.0,0.0,0.0,0.0,0.0,0.002,0.0025,0.0,0.0,0.0,0.0,0.0,0.01,0.0,0.0,0.0,0.0,0.006,0.0,0.0,0.0,0.0,0.0,22.0,241.31649500000003,144.789897,6
540.0,Solutionised + Naturally aged,0.0,0.9792,0.0,0.0,0.0,0.0,0.0,0.002,0.0028,0.0,0.0,0.0,0.0,0.0,0.01,0.0,0.0,0.0,0.0,0.006,0.0,0.0,0.0,0.0,0.0,22.0,240.0,145.0,6
541.0,Solutionised + Naturally aged,0.0,0.978734051,0.0,0.0,0.0,0.0,0.0,0.001501126,0.001501126,0.0,0.0,0.0017513129999999,0.0,0.0,0.005504128,0.002501876,0.0,0.0,0.0,0.007005254,0.0,0.000500375,0.0,0.001000751,0.0,16.25,210.5,110.5,6
542.0,Solutionised + Naturally aged,0.0,0.978,0.0,0.0,0.0,0.0,0.0,0.0,0.0,0.0,0.0,0.0,0.0,0.0,0.006,0.006,0.0,0.0,0.0,0.01,0.0,0.0,0.0,0.0,0.0,20.0,250.0,150.0,6
543.0,Solutionised + Naturally aged,0.0,0.978,0.0,0.0,0.0,0.0,0.0,0.0,0.0,0.0,0.0,0.0,0.0,0.0,0.006,0.006,0.0,0.0,0.0,0.01,0.0,0.0,0.0,0.0,0.0,20.0,289.579794,186.158439,6
544.0,Solutionised + Naturally aged,0.0,0.977782226,0.0,0.0,0.0,0.0,0.0,0.0005003999999999,0.00060048,0.0,0.0,0.001251001,0.0,0.0,0.005754604,0.00060048,0.0,0.0,0.0,0.0115092069999999,0.0,0.0007506,0.0,0.001251001,0.0,26.7,240.0,142.0,6
545.0,Solutionised + Naturally aged,0.0,0.976488244,0.0,0.0,0.0,0.0,0.0,0.00050025,0.0010005,0.0,0.0,0.002501251,0.0,0.0,0.004252126,0.0010005,0.0,0.0,0.0,0.012506253,0.0,0.000750375,0.0,0.0010005,0.0,18.3,141.0,70.4,6
546.0,Solutionised + Naturally aged,0.0,0.974731048,0.0,0.0,0.0,0.0,0.0,0.000500375,0.009006755,0.0,0.0,0.002001501,0.0,0.0,0.003752815,0.001501126,0.0,0.0,0.0,0.006504879,0.0,0.000500375,0.000250188,0.001250938,0.0,28.0,250.5,124.5,6
547.0,Solutionised + Naturally aged,0.0,0.973229922,0.0,0.0,0.0,0.0,0.0,0.000750563,0.010007506,0.0,0.0,0.002501876,0.0,0.0,0.007005254,0.002501876,0.0,0.0,0.0,0.002501876,0.0,0.0,0.0,0.001501126,0.0,25.0,240.0,130.5,6
548.0,Solutionised + Naturally aged,0.0,0.973021673,0.0,0.0,0.0,0.0,0.0,0.00195205,0.002752891,0.0,0.0,0.003503679,0.0,0.0,0.010010511,0.000750788,0.0,0.0,0.0,0.006006307,0.0,0.000750788,0.0,0.001251314,0.0,19.5,223.0,100.3,6
549.0,Solutionised + Naturally aged,0.0,0.972472472,0.0,0.0,0.0,0.0,0.0,0.000500501,0.003753754,0.0,0.0,0.0025025029999999,0.0,0.0,0.0060060059999999,0.005005005,0.0,0.0,0.0,0.008008008,0.0,0.000500501,0.0,0.001251251,0.0,24.6,229.5,126.0,6
550.0,Solutionised + Naturally aged,0.0,0.972,0.0,0.0,0.0,0.0,0.0,0.0,0.025,0.0,0.0,0.0,0.0,0.0,0.003,0.0,0.0,0.0,0.0,0.0,0.0,0.0,0.0,0.0,0.0,27.0,296.474551,165.474168,6
551.0,Solutionised + Naturally aged,0.0,0.9705,0.0,0.0,0.0,0.0,0.0,0.0,0.026,0.0,0.0,0.0,0.0,0.0,0.0035,0.0,0.0,0.0,0.0,0.0,0.0,0.0,0.0,0.0,0.0,,295.0,165.0,6
552.0,Solutionised + Naturally aged,0.0,0.97047047,0.0,0.0,0.0,0.0,0.0,0.000500501,0.0070070069999999,0.0,0.0,0.002002002,0.0,0.0,0.007507508,0.0027527529999999,0.0,0.0,0.0,0.008508509,0.0,0.000500501,0.0,0.000750751,0.0,26.75,280.0,154.5,6
553.0,Solutionised + Naturally aged,0.0,0.9692,0.0,0.0,0.0,0.0,0.0,0.0014,0.0008,0.0,0.0,0.0033,0.0,0.0,0.0078,0.005,0.0,0.0,0.0,0.012,0.0,0.0,0.0,0.0005,0.0,25.0,130.0,60.0,6
554.0,Solutionised + Naturally aged,0.0,0.9692,0.0,0.0,0.0,0.0,0.0,0.0014,0.0008,0.0,0.0,0.0033,0.0,0.0,0.0078,0.005,0.0,0.0,0.0,0.012,0.0,0.0,0.0,0.0005,0.0,25.0,170.0,72.0,6
555.0,Solutionised + Naturally aged,0.0,0.968468468,0.0,0.0,0.0,0.0,0.0,0.000500501,0.003753754,0.0,0.0,0.0025025029999999,0.0,0.0,0.008008008,0.005005005,0.0,0.0,0.0,0.01001001,0.0,0.000500501,0.0,0.001251251,0.0,23.65,293.0,177.0,6
556.0,Solutionised + Naturally aged,0.0,0.96822617,0.0,0.0,0.0,0.0,0.0,0.001250938,0.000500375,0.0,0.0,0.002501876,0.0,0.0,0.009006755,0.007005254,0.0,0.0,0.0,0.010007506,0.0,0.000500375,0.0,0.001000751,0.0,18.3,206.0,124.5,6
557.0,Solutionised + Naturally aged,0.0,0.968,0.0,0.0,0.0,0.0,0.0,0.0,0.0,0.0,0.0,0.0006,0.0,0.0278,0.0,0.0032,0.0,0.0,0.0,0.0004,0.0,0.0,0.0,0.0,0.0,10.0,359.0,228.0,6
558.0,Solutionised + Naturally aged,0.0,0.968,0.0,0.0,0.0,0.0,0.0,0.0,0.0,0.0,0.0,0.0006,0.0,0.0278,0.0,0.0032,0.0,0.0,0.0,0.0004,0.0,0.0,0.0,0.0,0.0,10.0,359.0,228.0,6
559.0,Solutionised + Naturally aged,0.0,0.967,0.0,0.0,0.0,0.0,0.0,0.0,0.026,0.0,0.0,0.0,0.0,0.0,0.0045,0.0025,0.0,0.0,0.0,0.0,0.0,0.0,0.0,0.0,0.0,24.0,340.0,195.0,6
560.0,Solutionised + Naturally aged,0.0,0.96675,0.0,0.0,0.0,0.0,0.0,0.001,0.0069999999999999,0.0,0.0,0.004,0.0,0.0,0.0075,0.00275,0.0,0.0,0.0,0.0085,0.0,0.001,0.0,0.0015,0.0,22.7,291.9,164.3,6
561.0,Solutionised + Naturally aged,0.0,0.96675,0.0,0.0,0.0,0.0,0.0,0.001,0.0069999999999999,0.0,0.0,0.004,0.0,0.0,0.0075,0.00275,0.0,0.0,0.0,0.0085,0.0,0.001,0.0,0.0015,0.0,22.7,294.8,170.3,6
562.0,Solutionised + Naturally aged,0.0,0.96675,0.0,0.0,0.0,0.0,0.0,0.001,0.0069999999999999,0.0,0.0,0.004,0.0,0.0,0.0075,0.00275,0.0,0.0,0.0,0.0085,0.0,0.001,0.0,0.0015,0.0,23.0,289.0,163.2,6
563.0,Solutionised + Naturally aged,0.0,0.95947974,0.0,0.0,0.0,0.0,0.0,0.00050025,0.026013007,0.0,0.0,0.002501251,0.0,0.0,0.004502251,0.002501251,0.0,0.0,0.0,0.002501251,0.0,0.000750375,0.0,0.001250625,0.0,24.0,340.0,194.5,6
564.0,Solutionised + Naturally aged,0.0,0.958,0.0,0.0,0.0,0.0,0.0,0.0,0.009,0.0,0.0,0.0,0.0,0.0,0.011,0.009,0.0,0.0,0.0,0.013,0.0,0.0,0.0,0.0,0.0,18.0,358.5273640000001,206.84271,6
565.0,Solutionised + Naturally aged,0.0,0.957,0.0,0.0,0.0,0.0,0.0,0.0,0.01,0.0,0.0,0.0,0.0,0.0,0.011,0.008,0.0,0.0,0.0,0.0139999999999999,0.0,0.0,0.0,0.0,0.0,,360.0,205.0,6
566.0,Solutionised + Naturally aged,0.0,0.952,0.0,0.0,0.0,0.0,0.0,0.001,0.026,0.0,0.0,0.005,0.0,0.0,0.0045,0.0025,0.0,0.0,0.0,0.005,0.0,0.0015,0.0,0.0025,0.0,24.0,340.0,,6
567.0,Solutionised + Naturally aged,0.0,0.95,0.0,0.0,0.0,0.0,0.0,0.0,0.04,0.0,0.0,0.0,0.0,0.0,0.005,0.005,0.0,0.0,0.0,0.0,0.0,0.0,0.0,0.0,0.0,22.0,427.474934,275.79028,6
568.0,Solutionised + Naturally aged,0.0,0.9483,0.0,0.0,0.0,0.0,0.0,0.0411,0.0,0.0,0.0,0.0104,0.0,0.0,0.0,0.0002,0.0,0.0,0.0,0.0,0.0,0.0,0.0,0.0,0.0,20.1,309.8,260.0,6
569.0,Solutionised + Naturally aged,0.0,0.9483,0.0,0.0,0.0,0.0,0.0,0.0411,0.0,0.0,0.0,0.0104,0.0,0.0,0.0,0.0002,0.0,0.0,0.0,0.0,0.0,0.0,0.0,0.0,0.0,20.1,309.8,260.0,6
570.0,Solutionised + Naturally aged,0.0,0.942,0.0,0.0,0.0,0.0,0.0,0.0,0.04,0.0,0.0,0.0,0.0,0.0,0.006,0.0069999999999999,0.0,0.0,0.0,0.005,0.0,0.0,0.0,0.0,0.0,,425.0,275.0,6
571.0,Solutionised + Naturally aged,0.0,0.937015358,0.0,0.0,0.0,0.0,0.0,0.0,0.023012657,0.0,0.0,0.011006053,0.0,0.0,0.01550853,0.0,0.010505778,0.0,0.0,0.001750963,0.0,0.000700385,0.0,0.000500275,0.0,14.05,330.5,280.0,6
572.0,Solutionised + Naturally aged,0.0,0.935967984,0.0,0.0,0.0,0.0,0.0,0.00050025,0.04002001,0.0,0.0,0.0035017509999999,0.0,0.0,0.0060030019999999,0.0070035019999999,0.0,0.0,0.0,0.0050025009999999,0.0,0.000750375,0.0,0.001250625,0.0,12.95,399.0,232.5,6
573.0,Solutionised + Naturally aged,0.0,0.935,0.0,0.0,0.0,0.0,0.0,0.0,0.044,0.0,0.0,0.0,0.0,0.0,0.015,0.006,0.0,0.0,0.0,0.0,0.0,0.0,0.0,0.0,0.0,20.0,472.0,325.0,6
574.0,Solutionised + Naturally aged,0.0,0.935,0.0,0.0,0.0,0.0,0.0,0.0,0.044,0.0,0.0,0.0,0.0,0.0,0.005,0.008,0.0,0.0,0.0,0.008,0.0,0.0,0.0,0.0,0.0,,425.0,290.0,6
575.0,Solutionised + Naturally aged,0.0037,0.9344,0.0,0.0,0.0,0.0,0.0,0.0,0.045,0.0,0.0,0.0003,0.0,0.0116,0.0036,0.0,0.0,0.0,0.0,0.0001,0.0,0.0,0.0,0.0,0.0013,15.5,585.0,438.0,6
576.0,Solutionised + Naturally aged,0.0037,0.9344,0.0,0.0,0.0,0.0,0.0,0.0,0.045,0.0,0.0,0.0003,0.0,0.0116,0.0036,0.0,0.0,0.0,0.0,0.0001,0.0,0.0,0.0,0.0,0.0013,15.5,585.0,438.0,6
577.0,Solutionised + Naturally aged,0.0,0.934,0.0,0.0,0.0,0.0,0.0,0.0,0.044,0.0,0.0,0.0,0.0,0.0,0.005,0.008,0.0,0.0,0.0,0.009,0.0,0.0,0.0,0.0,0.0,20.0,427.474934,289.579794,6
578.0,Solutionised + Naturally aged,0.0,0.934,0.0,0.0,0.0,0.0,0.0,0.0,0.045,0.0,0.0,0.0,0.0,0.0,0.015,0.006,0.0,0.0,0.0,0.0,0.0,0.0,0.0,0.0,0.0,20.0,468.843476,324.053579,6
579.0,Solutionised + Naturally aged,0.0,0.9323,0.0,0.0,0.0,0.0,0.0,0.0001,0.0399,0.0,0.0,0.0012,0.0,0.0234,0.0002,0.0001,0.0001,0.0,0.0,0.0,0.0,0.0001,0.0,0.0005,0.0021,7.41,516.16,456.79,6
580.0,Solutionised + Naturally aged,0.0,0.9323,0.0,0.0,0.0,0.0,0.0,0.0001,0.0399,0.0,0.0,0.0012,0.0,0.0234,0.0002,0.0001,0.0001,0.0,0.0,0.0,0.0,0.0001,0.0,0.0005,0.0021,7.41,516.16,456.79,6
581.0,Solutionised + Naturally aged,0.0,0.932,0.0,0.0,0.0,0.0,0.0,0.0014,0.0,0.0,0.0,0.0012,0.0,0.0,0.0104,0.0022,0.0,0.0,0.0,0.0009,0.0,0.0,0.0,0.0507,0.0012,17.0,378.95,330.72,6
582.0,Solutionised + Naturally aged,0.0,0.932,0.0,0.0,0.0,0.0,0.0,0.0014,0.0,0.0,0.0,0.0012,0.0,0.0,0.0104,0.0022,0.0,0.0,0.0,0.0009,0.0,0.0,0.0,0.0507,0.0012,17.0,378.95,330.72,6
583.0,Solutionised + Naturally aged,0.0,0.927963982,0.0,0.0,0.0,0.0,0.0,0.00050025,0.043521761,0.0,0.0,0.002501251,0.0,0.0,0.015007504,0.0060030019999999,0.0,0.0,0.0,0.002501251,0.0,0.000750375,0.0,0.001250625,0.0,13.0,402.0,289.0,6
584.0,Solutionised + Naturally aged,0.0,0.927927928,0.0,0.0,0.0,0.0,0.0,0.000500501,0.044544545,0.0,0.0,0.003503504,0.0,0.0,0.005005005,0.008008008,0.0,0.0,0.0,0.008508509,0.0,0.000750751,0.0,0.001251251,0.0,12.0,395.0,270.0,6
585.0,Solutionised + Naturally aged,0.0,0.926,0.0,0.0,0.0,0.0,0.0,0.0,0.001,0.0,0.0,0.002,0.0,0.0,0.025,0.002,0.0,0.0,0.0,0.001,0.0,0.0,0.0,0.043,0.0,15.0,460.0,400.0,6
586.0,Solutionised + Naturally aged,0.0,0.926,0.0,0.0,0.0,0.0,0.0,0.0,0.001,0.0,0.0,0.002,0.0,0.0,0.025,0.002,0.0,0.0,0.0,0.001,0.0,0.0,0.0,0.043,0.0,15.0,460.0,400.0,6
587.0,Solutionised + Naturally aged,0.0,0.9251,0.0,0.0,0.0,0.0,0.0,0.0014,0.0,0.0,0.0,0.0014,0.0,0.0,0.0278,0.0023,0.0,0.0,0.0,0.0009,0.0,0.0,0.0,0.0401,0.001,15.4,437.52,378.95,6
588.0,Solutionised + Naturally aged,0.0,0.9251,0.0,0.0,0.0,0.0,0.0,0.0014,0.0,0.0,0.0,0.0014,0.0,0.0,0.0278,0.0023,0.0,0.0,0.0,0.0009,0.0,0.0,0.0,0.0401,0.001,15.4,437.52,378.95,6
589.0,Solutionised + Naturally aged,0.0,0.9248,0.0,0.0,0.0,0.0,0.0,0.0,0.0442,0.0,0.0,0.0053,0.0,0.0,0.0136,0.0071,0.0,0.0,0.0,0.005,0.0,0.0,0.0,0.0,0.0,10.5,390.0,250.0,6
590.0,Solutionised + Naturally aged,0.0,0.9248,0.0,0.0,0.0,0.0,0.0,0.0,0.0442,0.0,0.0,0.0053,0.0,0.0,0.0136,0.0071,0.0,0.0,0.0,0.005,0.0,0.0,0.0,0.0,0.0,10.5,390.0,250.0,6
591.0,Solutionised + Naturally aged,0.0,0.9083,0.0,0.0,0.0,0.0,0.0,0.0,0.0409,0.0,0.0,0.0058,0.0,0.0186,0.0139999999999999,0.0075,0.0,0.0,0.0,0.0049,0.0,0.0,0.0,0.0,0.0,5.0,360.0,240.0,6
592.0,Solutionised + Naturally aged,0.0,0.9083,0.0,0.0,0.0,0.0,0.0,0.0,0.0409,0.0,0.0,0.0058,0.0,0.0186,0.0139999999999999,0.0075,0.0,0.0,0.0,0.0049,0.0,0.0,0.0,0.0,0.0,5.0,360.0,240.0,6
593.0,Solutionised + Naturally aged,0.0,0.9006,0.0,0.0,0.0,0.0,0.0,0.0019,0.0153,0.0,0.0,0.0008,0.0,0.0,0.0224,0.0006,0.0,0.0,0.0,0.0002,0.0,0.0002,0.0,0.0579999999999999,0.0,20.0,569.1,461.5,6
594.0,Solutionised + Naturally aged,0.0,0.893,0.0,0.0,0.0,0.0,0.0,0.0,0.0416,0.0,0.0,0.0046,0.0,0.0382,0.0128,0.0048,0.0,0.0,0.0,0.005,0.0,0.0,0.0,0.0,0.0,4.0,335.0,245.0,6
595.0,Solutionised + Naturally aged,0.0,0.893,0.0,0.0,0.0,0.0,0.0,0.0,0.0416,0.0,0.0,0.0046,0.0,0.0382,0.0128,0.0048,0.0,0.0,0.0,0.005,0.0,0.0,0.0,0.0,0.0,4.0,335.0,245.0,6
596.0,Solutionised + Naturally aged,0.0,0.973229922,0.0,0.0,0.0,0.0,0.0,0.000750563,0.010007506,0.0,0.0,0.002501876,0.0,0.0,0.007005254,0.002501876,0.0,0.0,0.0,0.002501876,0.0,0.0,0.0,0.001501126,0.0,25.0,240.0,130.5,6
597.0,Solutionised + Naturally aged,0.0,0.97047047,0.0,0.0,0.0,0.0,0.0,0.000500501,0.0070070069999999,0.0,0.0,0.002002002,0.0,0.0,0.007507508,0.0027527529999999,0.0,0.0,0.0,0.008508509,0.0,0.000500501,0.0,0.000750751,0.0,26.05,270.5,150.5,6
598.0,Solutionised + Naturally aged,0.0,0.973021673,0.0,0.0,0.0,0.0,0.0,0.00195205,0.002752891,0.0,0.0,0.003503679,0.0,0.0,0.010010511,0.000750788,0.0,0.0,0.0,0.006006307,0.0,0.000750788,0.0,0.001251314,0.0,19.5,223.0,100.3,6
599.0,Solutionised + Naturally aged,0.0,0.935967984,0.0,0.0,0.0,0.0,0.0,0.00050025,0.04002001,0.0,0.0,0.0035017509999999,0.0,0.0,0.0060030019999999,0.0070035019999999,0.0,0.0,0.0,0.0050025009999999,0.0,0.000750375,0.0,0.001250625,0.0,12.95,400.0,232.5,6
600.0,Solutionised + Naturally aged,0.0,0.9334,0.0,0.0,0.0,0.0,0.0,0.0,0.063,0.0,0.0,0.0,0.0,0.0,0.0,0.003,0.0,0.0,0.0,0.0,0.0,0.0006,0.0,0.0,0.0,20.0,360.0,185.0,6
601.0,Solutionised + Naturally aged,0.0,0.927963982,0.0,0.0,0.0,0.0,0.0,0.00050025,0.043521761,0.0,0.0,0.002501251,0.0,0.0,0.015007504,0.0060030019999999,0.0,0.0,0.0,0.002501251,0.0,0.000750375,0.0,0.001250625,0.0,9.5,348.0,231.0,6
602.0,Solutionised + Naturally aged,0.0,0.977782226,0.0,0.0,0.0,0.0,0.0,0.0005003999999999,0.00060048,0.0,0.0,0.001251001,0.0,0.0,0.005754604,0.00060048,0.0,0.0,0.0,0.0115092069999999,0.0,0.0007506,0.0,0.001251001,0.0,27.5,250.5,133.0,6
603.0,Solutionised + Naturally aged,0.0,0.9795,0.0,0.0,0.0,0.0,0.0,0.002,0.0025,0.0,0.0,0.0,0.0,0.0,0.01,0.0,0.0,0.0,0.0,0.006,0.0,0.0,0.0,0.0,0.0,22.0,241.31649500000003,144.789897,6
604.0,Solutionised + Naturally aged,0.0,0.9792,0.0,0.0,0.0,0.0,0.0,0.002,0.0028,0.0,0.0,0.0,0.0,0.0,0.01,0.0,0.0,0.0,0.0,0.006,0.0,0.0,0.0,0.0,0.0,22.0,240.0,145.0,6
605.0,Solutionised + Naturally aged,0.0,0.978,0.0,0.0,0.0,0.0,0.0,0.0,0.0,0.0,0.0,0.0,0.0,0.0,0.006,0.006,0.0,0.0,0.0,0.01,0.0,0.0,0.0,0.0,0.0,20.0,289.579794,186.158439,6
606.0,Solutionised + Naturally aged,0.0,0.973021673,0.0,0.0,0.0,0.0,0.0,0.00195205,0.002752891,0.0,0.0,0.003503679,0.0,0.0,0.010010511,0.000750788,0.0,0.0,0.0,0.006006307,0.0,0.000750788,0.0,0.001251314,0.0,20.35,209.0,119.0,6
607.0,Solutionised + Naturally aged,0.0,0.958,0.0,0.0,0.0,0.0,0.0,0.0,0.009,0.0,0.0,0.0,0.0,0.0,0.011,0.009,0.0,0.0,0.0,0.013,0.0,0.0,0.0,0.0,0.0,18.0,358.5273640000001,206.84271,6
608.0,Solutionised + Naturally aged,0.0,0.957,0.0,0.0,0.0,0.0,0.0,0.0,0.01,0.0,0.0,0.0,0.0,0.0,0.011,0.008,0.0,0.0,0.0,0.0139999999999999,0.0,0.0,0.0,0.0,0.0,,360.0,205.0,6
609.0,Solutionised + Naturally aged,0.0,0.95,0.0,0.0,0.0,0.0,0.0,0.0,0.04,0.0,0.0,0.0,0.0,0.0,0.005,0.005,0.0,0.0,0.0,0.0,0.0,0.0,0.0,0.0,0.0,22.0,427.474934,275.79028,6
610.0,Solutionised + Naturally aged,0.0,0.942,0.0,0.0,0.0,0.0,0.0,0.0,0.04,0.0,0.0,0.0,0.0,0.0,0.006,0.0069999999999999,0.0,0.0,0.0,0.005,0.0,0.0,0.0,0.0,0.0,,425.0,275.0,6
611.0,Solutionised + Naturally aged,0.0,0.935967984,0.0,0.0,0.0,0.0,0.0,0.00050025,0.04002001,0.0,0.0,0.0035017509999999,0.0,0.0,0.0060030019999999,0.0070035019999999,0.0,0.0,0.0,0.0050025009999999,0.0,0.000750375,0.0,0.001250625,0.0,12.95,400.0,232.5,6
612.0,Solutionised + Naturally aged,0.0,0.935,0.0,0.0,0.0,0.0,0.0,0.0,0.044,0.0,0.0,0.0,0.0,0.0,0.005,0.008,0.0,0.0,0.0,0.008,0.0,0.0,0.0,0.0,0.0,,425.0,290.0,6
613.0,Solutionised + Naturally aged,0.0,0.934,0.0,0.0,0.0,0.0,0.0,0.0,0.044,0.0,0.0,0.0,0.0,0.0,0.005,0.008,0.0,0.0,0.0,0.009,0.0,0.0,0.0,0.0,0.0,20.0,427.474934,289.579794,6
614.0,Solutionised + Naturally aged,0.0,0.973021673,0.0,0.0,0.0,0.0,0.0,0.00195205,0.002752891,0.0,0.0,0.003503679,0.0,0.0,0.010010511,0.000750788,0.0,0.0,0.0,0.006006307,0.0,0.000750788,0.0,0.001251314,0.0,20.35,209.0,119.0,6
615.0,Solutionised + Naturally aged,0.0,0.973021673,0.0,0.0,0.0,0.0,0.0,0.00195205,0.002752891,0.0,0.0,0.003503679,0.0,0.0,0.010010511,0.000750788,0.0,0.0,0.0,0.006006307,0.0,0.000750788,0.0,0.001251314,0.0,20.35,209.0,119.0,6
616.0,Artificial aged,0.0,0.989,0.0,0.0,0.0,0.0,0.0,0.0,0.0,0.0,0.0,0.0,0.0,0.0,0.0069999999999999,0.0,0.0,0.0,0.0,0.004,0.0,0.0,0.0,0.0,0.0,12.0,186.158439,144.789897,7
617.0,Artificial aged,0.0,0.989,0.0,0.0,0.0,0.0,0.0,0.0,0.0,0.0,0.0,0.0,0.0,0.0,0.0069999999999999,0.0,0.0,0.0,0.0,0.004,0.0,0.0,0.0,0.0,0.0,12.0,186.158439,144.789897,7
618.0,Artificial aged,0.0,0.989,0.0,0.0,0.0,0.0,0.0,0.0,0.0,0.0,0.0,0.0,0.0,0.0,0.0069999999999999,0.0,0.0,0.0,0.0,0.004,0.0,0.0,0.0,0.0,0.0,12.0,185.0,145.0,7
619.0,Artificial aged,0.0,0.989,0.0,0.0,0.0,0.0,0.0,0.0,0.0,0.0,0.0,0.0,0.0,0.0,0.0069999999999999,0.0,0.0,0.0,0.0,0.004,0.0,0.0,0.0,0.0,0.0,12.0,185.0,145.0,7
620.0,Artificial aged,0.0,0.984992496,0.0,0.0,0.0,0.0,0.0,0.00050025,0.00050025,0.0,0.0,0.001750875,0.0,0.0,0.006753377,0.00050025,0.0,0.0,0.0,0.004002001,0.0,0.00050025,0.0,0.00050025,0.0,9.75,162.5,119.0,7
621.0,Artificial aged,0.0,0.983237428,0.0,0.0,0.0,0.0,0.0,0.000500375,0.000500375,0.0,0.0,0.0017513129999999,0.0,0.0,0.005003753,0.000500375,0.0,0.0,0.0,0.007505629,0.0,0.000500375,0.0,0.000500375,0.0,12.2,281.5,260.0,7
622.0,Artificial aged,0.0,0.978734051,0.0,0.0,0.0,0.0,0.0,0.001501126,0.001501126,0.0,0.0,0.0017513129999999,0.0,0.0,0.005504128,0.002501876,0.0,0.0,0.0,0.007005254,0.0,0.000500375,0.0,0.001000751,0.0,9.75,276.0,216.5,7
623.0,Artificial aged,0.0,0.976488244,0.0,0.0,0.0,0.0,0.0,0.00050025,0.0010005,0.0,0.0,0.002501251,0.0,0.0,0.004252126,0.0010005,0.0,0.0,0.0,0.012506253,0.0,0.000750375,0.0,0.0010005,0.0,13.2,221.0,185.0,7
624.0,Artificial aged,0.0,0.931558935,0.0,0.0,0.0,0.0,0.0,0.002251351,0.0010006,0.0,0.0,0.002001201,0.0,0.0,0.0120072039999999,0.002751651,0.0,0.0,0.0,0.001751051,0.0,0.00025015,0.0,0.0450270159999999,0.001400841,14.05,375.0,315.0,7
625.0,Artificial aged,0.0,0.7995,0.0,0.0,0.0,0.0,0.0,0.0,0.0025,0.0,0.0,0.0025,0.0,0.0,0.0095,0.003,0.0,0.0,0.0,0.18,0.0,0.002,0.0,0.001,0.0,1.0,139.0,125.0,7
626.0,Artificial aged,0.0,0.795,0.0,0.0,0.0,0.0,0.0,0.0,0.0025,0.0,0.0,0.006,0.0,0.0,0.0105,0.003,0.0,0.0,0.0,0.18,0.0,0.002,0.0,0.001,0.0,1.0,167.0,153.0,7
627.0,Artificial aged,0.0,0.789,0.0,0.0,0.0,0.0,0.0,0.0,0.0025,0.0,0.0,0.012,0.0,0.0,0.0105,0.003,0.0,0.0,0.0,0.18,0.0,0.002,0.0,0.001,0.0,1.0,264.0,229.0,7
628.0,Artificial aged,0.0,0.758,0.0,0.0,0.0,0.0,0.0,0.0,0.0025,0.0,0.0,0.0025,0.0,0.0,0.011,0.003,0.0,0.0,0.0,0.22,0.0,0.002,0.0,0.001,0.0,0.5,139.0,139.0,7
629.0,Artificial aged,0.0,0.7545,0.0,0.0,0.0,0.0,0.0,0.0,0.0025,0.0,0.0,0.006,0.0,0.0,0.011,0.003,0.0,0.0,0.0,0.22,0.0,0.002,0.0,0.001,0.0,0.5,160.0,160.0,7
630.0,Artificial aged,0.0,0.7495,0.0,0.0,0.0,0.0,0.0,0.0,0.0025,0.0,0.0,0.011,0.0,0.0,0.011,0.003,0.0,0.0,0.0,0.22,0.0,0.002,0.0,0.001,0.0,0.5,236.0,236.0,7
631.0,Artificial aged,0.0,0.98075,0.0,0.0,0.0,0.0,0.0,0.001,0.001,0.0,0.0,0.0035,0.0,0.0,0.00675,0.001,0.0,0.0,0.0,0.004,0.0,0.001,0.0,0.001,0.0,12.0,220.0,,7
632.0,Artificial aged,0.0,0.92495,0.0,0.0,0.0,0.0,0.0,0.0013,0.001,0.0,0.0,0.004,0.0,0.0,0.0139999999999999,0.0045,0.0,0.0,0.0,0.0035,0.0,0.00035,0.0,0.045,0.0014,15.0,395.0,,7
633.0,Solutionised  + Artificially peak aged,0.0,0.99,0.0,0.0,0.0,0.0,0.0,0.0,0.0,0.0,0.0,0.0,0.0,0.0,0.005,0.0,0.0,0.0,0.0,0.005,0.0,0.0,0.0,0.0,0.0,15.0,220.63222400000004,193.053196,2
634.0,Solutionised  + Artificially peak aged,0.0,0.989,0.0,0.0,0.0,0.0,0.0,0.0,0.0,0.0,0.0,0.0,0.0,0.0,0.0069999999999999,0.0,0.0,0.0,0.0,0.004,0.0,0.0,0.0,0.0,0.0,12.0,241.31649500000003,213.737467,2
635.0,Solutionised  + Artificially peak aged,0.0,0.989,0.0,0.0,0.0,0.0,0.0,0.0,0.0,0.0,0.0,0.0,0.0,0.0,0.0069999999999999,0.0,0.0,0.0,0.0,0.004,0.0,0.0,0.0,0.0,0.0,12.0,240.0,215.0,2
636.0,Solutionised  + Artificially peak aged,0.0,0.989,0.0,0.0,0.0,0.0,0.0,0.0,0.0,0.0,0.0,0.0,0.0,0.0,0.0069999999999999,0.0,0.0,0.0,0.0,0.004,0.0,0.0,0.0,0.0,0.0,12.0,240.0,215.0,2
637.0,Solutionised  + Artificially peak aged,0.0,0.989,0.0,0.0,0.0,0.0,0.0,0.0,0.0,0.0,0.0,0.0,0.0,0.0,0.0069999999999999,0.0,0.0,0.0,0.0,0.004,0.0,0.0,0.0,0.0,0.0,12.0,241.31649500000003,234.421738,2
638.0,Solutionised  + Artificially peak aged,0.0,0.989,0.0,0.0,0.0,0.0,0.0,0.0,0.0,0.0,0.0,0.0,0.0,0.0,0.006,0.0,0.0,0.0,0.0,0.005,0.0,0.0,0.0,0.0,0.0,15.0,220.0,195.0,2
639.0,Solutionised  + Artificially peak aged,0.0,0.9885,0.0,0.0,0.0,0.0,0.0,0.0,0.0025,0.0,0.0,0.0,0.0,0.0,0.006,0.0,0.0,0.0,0.0,0.003,0.0,0.0,0.0,0.0,0.0,13.0,268.895523,227.526981,2
640.0,Solutionised  + Artificially peak aged,0.0,0.986993497,0.0,0.0,0.0,0.0,0.0,0.0,0.0010005,0.0,0.0,0.000750375,0.0,0.0,0.006753377,0.000250125,0.0,0.0,0.0,0.004002001,0.0,0.0,0.0,0.000250125,0.0,12.2,200.5,173.5,2
641.0,Solutionised  + Artificially peak aged,0.0,0.986232791,0.0,0.0,0.0,0.0,0.0,0.000250313,0.000500626,0.0,0.0,0.002002503,0.0,0.0,0.004755945,0.000500626,0.0,0.0,0.0,0.004505632,0.0,0.000500626,0.0,0.000750939,0.0,9.75,206.0,162.5,2
642.0,Solutionised  + Artificially peak aged,0.0,0.98581,0.0,0.0,0.0,0.0,0.0,0.0,0.00026,0.0,0.0,0.0018,0.0,0.0,0.0055,0.0007,5e-05,0.0,0.0,0.0055,0.0,0.00018,0.0,0.0002,0.0,12.1,289.9,269.2,2
643.0,Solutionised  + Artificially peak aged,0.0,0.98581,0.0,0.0,0.0,0.0,0.0,0.0,0.00026,0.0,0.0,0.0018,0.0,0.0,0.0055,0.0007,5e-05,0.0,0.0,0.0055,0.0,0.00018,0.0,0.0002,0.0,13.3,252.3,229.5,2
644.0,Solutionised  + Artificially peak aged,0.0,0.98581,0.0,0.0,0.0,0.0,0.0,0.0,0.00026,0.0,0.0,0.0018,0.0,0.0,0.0055,0.0007,5e-05,0.0,0.0,0.0055,0.0,0.00018,0.0,0.0002,0.0,13.9,290.4,267.5,2
645.0,Solutionised  + Artificially peak aged,0.0,0.98581,0.0,0.0,0.0,0.0,0.0,0.0,0.00026,0.0,0.0,0.0018,0.0,0.0,0.0055,0.0007,5e-05,0.0,0.0,0.0055,0.0,0.00018,0.0,0.0002,0.0,14.1,281.6,271.3,2
646.0,Solutionised  + Artificially peak aged,0.0,0.98581,0.0,0.0,0.0,0.0,0.0,0.0,0.00026,0.0,0.0,0.0018,0.0,0.0,0.0055,0.0007,5e-05,0.0,0.0,0.0055,0.0,0.00018,0.0,0.0002,0.0,16.1,275.6,257.0,2
647.0,Solutionised  + Artificially peak aged,0.0,0.98581,0.0,0.0,0.0,0.0,0.0,0.0,0.00026,0.0,0.0,0.0018,0.0,0.0,0.0055,0.0007,5e-05,0.0,0.0,0.0055,0.0,0.00018,0.0,0.0002,0.0,25.1,202.3,128.5,2
648.0,Solutionised  + Artificially peak aged,0.0,0.984992496,0.0,0.0,0.0,0.0,0.0,0.00050025,0.00050025,0.0,0.0,0.001750875,0.0,0.0,0.006753377,0.00050025,0.0,0.0,0.0,0.004002001,0.0,0.00050025,0.0,0.00050025,0.0,11.0,222.0,184.0,2
649.0,Solutionised  + Artificially peak aged,0.0,0.9845,0.0,0.0,0.0,0.0,0.0,0.0,0.0002,0.0,0.0,0.0025,0.0,0.0,0.0069,0.0045,0.0,0.0,0.0,0.001,0.0,0.0,0.0,0.0004,0.0,24.4,303.0,189.0,2
650.0,Solutionised  + Artificially peak aged,0.0,0.9831,0.0,0.0,0.0,0.0,0.0,0.0013,0.0,0.0,0.0,0.0019,0.0,0.0,0.0074,0.0003,0.0,0.0,0.0,0.006,0.0,0.0,0.0,0.0,0.0,7.0,250.0,230.0,2
651.0,Solutionised  + Artificially peak aged,0.0,0.9815,0.0,0.0,0.0,0.0,0.0,0.0025,0.0,0.0,0.0,0.0,0.0,0.0,0.006,0.0,0.0,0.0,0.0,0.01,0.0,0.0,0.0,0.0,0.0,17.0,330.948336,296.474551,2
652.0,Solutionised  + Artificially peak aged,0.0,0.9815,0.0,0.0,0.0,0.0,0.0,0.0,0.0025,0.0,0.0,0.0,0.0,0.0,0.01,0.0,0.0,0.0,0.0,0.006,0.0,0.0,0.0,0.0,0.0,2.0,232.0,,2
653.0,Solutionised  + Artificially peak aged,0.0,0.981,0.0,0.0,0.0,0.0,0.0,0.0,0.003,0.0,0.0,0.0,0.0,0.0,0.01,0.0,0.0,0.0,0.0,0.006,0.0,0.0,0.0,0.0,0.0,12.0,310.0,,2
654.0,Solutionised  + Artificially peak aged,0.0,0.98075,0.0,0.0,0.0,0.0,0.0,0.001,0.001,0.0,0.0,0.0035,0.0,0.0,0.00675,0.001,0.0,0.0,0.0,0.004,0.0,0.001,0.0,0.001,0.0,12.0,240.0,,2
655.0,Solutionised  + Artificially peak aged,0.0,0.9797,0.0,0.0,0.0,0.0,0.0,0.0,0.0,0.0,0.0,0.002,0.0,0.0,0.0056,0.0047,0.0,0.0,0.0,0.008,0.0,0.0,0.0,0.0,0.0,9.0,310.0,280.0,2
656.0,Solutionised  + Artificially peak aged,0.0,0.9795,0.0,0.0,0.0,0.0,0.0,0.002,0.0025,0.0,0.0,0.0,0.0,0.0,0.01,0.0,0.0,0.0,0.0,0.006,0.0,0.0,0.0,0.0,0.0,12.0,310.264065,275.79028,2
657.0,Solutionised  + Artificially peak aged,0.0,0.9793,0.0,0.0,0.0,0.0,0.0,0.002,0.0027,0.0,0.0,0.0,0.0,0.0,0.01,0.0,0.0,0.0,0.0,0.006,0.0,0.0,0.0,0.0,0.0,17.5,325.3,298.0,2
658.0,Solutionised  + Artificially peak aged,0.0,0.9793,0.0,0.0,0.0,0.0,0.0,0.002,0.0027,0.0,0.0,0.0,0.0,0.0,0.01,0.0,0.0,0.0,0.0,0.006,0.0,0.0,0.0,0.0,0.0,17.5,325.3,298.0,2
659.0,Solutionised  + Artificially peak aged,0.0,0.9792,0.0,0.0,0.0,0.0,0.0,0.002,0.0028,0.0,0.0,0.0,0.0,0.0,0.01,0.0,0.0,0.0,0.0,0.006,0.0,0.0,0.0,0.0,0.0,12.0,310.0,275.0,2
660.0,Solutionised  + Artificially peak aged,0.0,0.97877,0.0,0.0,0.0,0.0,0.0,0.0005,0.0024,0.0,0.0,0.002,0.0001,0.0,0.0093,0.0001,0.0,0.0,0.0,0.0066,0.0,0.00013,0.0001,0.0,0.0,16.6,365.0,322.0,2
661.0,Solutionised  + Artificially peak aged,0.0,0.978734051,0.0,0.0,0.0,0.0,0.0,0.001501126,0.001501126,0.0,0.0,0.0017513129999999,0.0,0.0,0.005504128,0.002501876,0.0,0.0,0.0,0.007005254,0.0,0.000500375,0.0,0.001000751,0.0,9.75,292.5,243.5,2
662.0,Solutionised  + Artificially peak aged,0.0,0.978,0.0,0.0,0.0,0.0,0.0,0.0,0.0,0.0,0.0,0.0,0.0,0.0,0.006,0.006,0.0,0.0,0.0,0.01,0.0,0.0,0.0,0.0,0.0,13.0,337.843093,296.474551,2
663.0,Solutionised  + Artificially peak aged,0.0,0.978,0.0,0.0,0.0,0.0,0.0,0.0,0.0,0.0,0.0,0.0,0.0,0.0,0.006,0.006,0.0,0.0,0.0,0.01,0.0,0.0,0.0,0.0,0.0,14.0,310.0,285.0,2
664.0,Solutionised  + Artificially peak aged,0.0,0.9775,0.0,0.0,0.0,0.0,0.0,0.0025,0.0,0.0,0.0,0.0,0.0,0.0,0.013,0.0,0.0,0.0,0.0,0.0069999999999999,0.0,0.0,0.0,0.0,0.0,13.0,255.106009,220.63222400000004,2
665.0,Solutionised  + Artificially peak aged,0.0,0.976488244,0.0,0.0,0.0,0.0,0.0,0.00050025,0.0010005,0.0,0.0,0.002501251,0.0,0.0,0.004252126,0.0010005,0.0,0.0,0.0,0.012506253,0.0,0.000750375,0.0,0.0010005,0.0,12.2,265.5,211.0,2
666.0,Solutionised  + Artificially peak aged,0.0,0.9764,0.0,0.0,0.0,0.0,0.0,0.0,0.0,0.0,0.0,0.002,0.0,0.0,0.0064,0.0052,0.0,0.0,0.0,0.01,0.0,0.0,0.0,0.0,0.0,10.0,385.0,370.0,2
667.0,Solutionised  + Artificially peak aged,0.0,0.9763,0.0,0.0,0.0,0.0,0.0,0.0,0.0022,0.0,0.0,0.0035,0.0,0.0,0.011,0.0012,0.0,0.0,0.0,0.0058,0.0,0.0,0.0,0.0,0.0,26.0,283.0,235.0,2
668.0,Solutionised  + Artificially peak aged,0.0,0.9763,0.0,0.0,0.0,0.0,0.0,0.0,0.0022,0.0,0.0,0.0035,0.0,0.0,0.011,0.0012,0.0,0.0,0.0,0.0058,0.0,0.0,0.0,0.0,0.0,26.0,283.0,235.0,2
669.0,Solutionised  + Artificially peak aged,0.0,0.9754,0.0,0.0,0.0,0.0,0.0,0.0016,0.0031,0.0,0.0,0.0025,0.0,0.0,0.0099,0.0008,0.0,0.0,0.0,0.0066,0.0,0.0,0.0,0.0001,0.0,,300.0,,2
670.0,Solutionised  + Artificially peak aged,0.0,0.97458,0.0,0.0,0.0,0.0,0.0,0.0,0.00022,0.0,0.0,0.0016,0.0,0.0,0.0076,0.0056,4e-05,0.0,0.0,0.01,0.0,0.0002299999999999,0.0,0.00013,0.0,13.0,298.3,282.0,2
671.0,Solutionised  + Artificially peak aged,0.0,0.97458,0.0,0.0,0.0,0.0,0.0,0.0,0.00022,0.0,0.0,0.0016,0.0,0.0,0.0076,0.0056,4e-05,0.0,0.0,0.01,0.0,0.0002299999999999,0.0,0.00013,0.0,14.8,330.5,309.6,2
672.0,Solutionised  + Artificially peak aged,0.0,0.97458,0.0,0.0,0.0,0.0,0.0,0.0,0.00022,0.0,0.0,0.0016,0.0,0.0,0.0076,0.0056,4e-05,0.0,0.0,0.01,0.0,0.0002299999999999,0.0,0.00013,0.0,15.4,333.7,314.9,2
673.0,Solutionised  + Artificially peak aged,0.0,0.97458,0.0,0.0,0.0,0.0,0.0,0.0,0.00022,0.0,0.0,0.0016,0.0,0.0,0.0076,0.0056,4e-05,0.0,0.0,0.01,0.0,0.0002299999999999,0.0,0.00013,0.0,15.9,338.1,299.9,2
674.0,Solutionised  + Artificially peak aged,0.0,0.97458,0.0,0.0,0.0,0.0,0.0,0.0,0.00022,0.0,0.0,0.0016,0.0,0.0,0.0076,0.0056,4e-05,0.0,0.0,0.01,0.0,0.0002299999999999,0.0,0.00013,0.0,16.8,306.0,276.7,2
675.0,Solutionised  + Artificially peak aged,0.0,0.97458,0.0,0.0,0.0,0.0,0.0,0.0,0.00022,0.0,0.0,0.0016,0.0,0.0,0.0076,0.0056,4e-05,0.0,0.0,0.01,0.0,0.0002299999999999,0.0,0.00013,0.0,29.2,246.2,165.0,2
676.0,Solutionised  + Artificially peak aged,0.0,0.973021673,0.0,0.0,0.0,0.0,0.0,0.00195205,0.002752891,0.0,0.0,0.003503679,0.0,0.0,0.010010511,0.000750788,0.0,0.0,0.0,0.006006307,0.0,0.000750788,0.0,0.001251314,0.0,12.2,314.0,260.0,2
677.0,Solutionised  + Artificially peak aged,0.0,0.97298,0.0,0.0,0.0,0.0,0.0,0.0,1e-05,0.0,0.0,0.001,0.0,0.0,0.0121,0.001,0.0,0.0,0.0,0.0129,0.0,0.0,0.0,1e-05,0.0,12.3,302.0,231.0,2
678.0,Solutionised  + Artificially peak aged,0.0,0.972486243,0.0,0.0,0.0,0.0,0.0,0.002501251,0.001750875,0.0,0.0,0.0050025009999999,0.0,0.0,0.006253127,0.0010005,0.0,0.0,0.0,0.009004502,0.0,0.000750375,0.0,0.001250625,0.0,12.2,328.0,276.0,2
679.0,Solutionised  + Artificially peak aged,0.0,0.972472472,0.0,0.0,0.0,0.0,0.0,0.000500501,0.003753754,0.0,0.0,0.0025025029999999,0.0,0.0,0.0060060059999999,0.005005005,0.0,0.0,0.0,0.008008008,0.0,0.000500501,0.0,0.001251251,0.0,12.35,343.0,310.5,2
680.0,Solutionised  + Artificially peak aged,0.0,0.97102,0.0,0.0,0.0,0.0,0.0,0.00021,0.00321,0.0,0.0,0.00456,0.0,0.0,0.0091,0.00212,0.0,0.0,0.0,0.008,0.0,0.0,0.0,0.00178,0.0,24.6,205.0,85.0,2
681.0,Solutionised  + Artificially peak aged,0.0,0.97062,0.0,0.0,0.0,0.0,0.0,0.0035,0.0035,0.0,0.0,0.0016,0.0,0.0,0.0107,0.0015,7e-05,0.0,0.0,0.0078,0.0,0.00029,0.0,0.00042,0.0,14.4,348.8,329.35,2
682.0,Solutionised  + Artificially peak aged,0.0,0.97062,0.0,0.0,0.0,0.0,0.0,0.0035,0.0035,0.0,0.0,0.0016,0.0,0.0,0.0107,0.0015,7e-05,0.0,0.0,0.0078,0.0,0.00029,0.0,0.00042,0.0,14.8,349.0,331.26,2
683.0,Solutionised  + Artificially peak aged,0.0,0.97062,0.0,0.0,0.0,0.0,0.0,0.0035,0.0035,0.0,0.0,0.0016,0.0,0.0,0.0107,0.0015,7e-05,0.0,0.0,0.0078,0.0,0.00029,0.0,0.00042,0.0,15.2,353.9,326.5,2
684.0,Solutionised  + Artificially peak aged,0.0,0.97062,0.0,0.0,0.0,0.0,0.0,0.0035,0.0035,0.0,0.0,0.0016,0.0,0.0,0.0107,0.0015,7e-05,0.0,0.0,0.0078,0.0,0.00029,0.0,0.00042,0.0,19.7,320.0,274.2,2
685.0,Solutionised  + Artificially peak aged,0.0,0.97062,0.0,0.0,0.0,0.0,0.0,0.0035,0.0035,0.0,0.0,0.0016,0.0,0.0,0.0107,0.0015,7e-05,0.0,0.0,0.0078,0.0,0.00029,0.0,0.00042,0.0,29.7,295.0,206.7,2
686.0,Solutionised  + Artificially peak aged,0.0,0.97062,0.0,0.0,0.0,0.0,0.0,0.0035,0.0035,0.0,0.0,0.0016,0.0,0.0,0.0107,0.0015,7e-05,0.0,0.0,0.0078,0.0,0.00029,0.0,0.00042,0.0,33.5,270.5,163.2,2
687.0,Solutionised  + Artificially peak aged,0.0,0.9705,0.0,0.0,0.0,0.0,0.001,0.0,0.0,0.0,0.0,0.0,0.0,0.0285,0.0,0.0,0.0,0.0,0.0,0.0,0.0,0.0,0.0,0.0,0.0,3.5,385.0,290.0,2
688.0,Solutionised  + Artificially peak aged,0.0,0.9705,0.0,0.0,0.0,0.0,0.001,0.0,0.0,0.0,0.0,0.0,0.0,0.0285,0.0,0.0,0.0,0.0,0.0,0.0,0.0,0.0,0.0,0.0,0.0,3.5,385.0,290.0,2
689.0,Solutionised  + Artificially peak aged,0.0,0.9699,0.0,0.0,0.0,0.0,0.0,0.0,0.0,0.0,0.0,0.0007,0.0,0.0276,0.0,0.0,0.0,0.0,0.0,0.0004,0.0,0.0,0.0,0.0,0.0014,2.0,404.0,366.0,2
690.0,Solutionised  + Artificially peak aged,0.0,0.9699,0.0,0.0,0.0,0.0,0.0,0.0,0.0,0.0,0.0,0.0007,0.0,0.0276,0.0,0.0,0.0,0.0,0.0,0.0004,0.0,0.0,0.0,0.0,0.0014,2.0,404.0,366.0,2
691.0,Solutionised  + Artificially peak aged,0.0,0.9695,0.0,0.0,0.0,0.0,0.0,0.0,0.0025,0.0,0.0,0.0,0.0,0.0,0.008,0.0069999999999999,0.0,0.0,0.0,0.013,0.0,0.0,0.0,0.0,0.0,12.0,393.001149,358.5273640000001,2
692.0,Solutionised  + Artificially peak aged,0.0,0.968468468,0.0,0.0,0.0,0.0,0.0,0.000500501,0.003753754,0.0,0.0,0.0025025029999999,0.0,0.0,0.008008008,0.005005005,0.0,0.0,0.0,0.01001001,0.0,0.000500501,0.0,0.001251251,0.0,11.5,382.5,362.0,2
693.0,Solutionised  + Artificially peak aged,0.0,0.968355,0.0,4.5e-05,0.0,0.0,0.0,0.0015,0.00275,0.0,0.0,0.0069999999999999,0.0003,0.0,0.01,0.0015,0.0,0.0,0.0,0.006,0.0,0.0015,0.00105,0.0,0.0,16.5,365.0,322.0,2
694.0,Solutionised  + Artificially peak aged,0.0,0.968355,0.0,4.5e-05,0.0,0.0,0.0,0.0015,0.00275,0.0,0.0,0.0069999999999999,0.0003,0.0,0.01,0.0015,0.0,0.0,0.0,0.006,0.0,0.0015,0.00105,0.0,0.0,16.5,365.0,322.0,2
695.0,Solutionised  + Artificially peak aged,0.0,0.96822617,0.0,0.0,0.0,0.0,0.0,0.001250938,0.000500375,0.0,0.0,0.002501876,0.0,0.0,0.009006755,0.007005254,0.0,0.0,0.0,0.010007506,0.0,0.000500375,0.0,0.001000751,0.0,9.75,319.5,260.0,2
696.0,Solutionised  + Artificially peak aged,0.0,0.9682,0.0,0.0,0.0,0.0,0.0,0.0,0.0028,0.0,0.0,0.0,0.0,0.0,0.008,0.0069999999999999,0.0,0.0,0.0,0.0139999999999999,0.0,0.0,0.0,0.0,0.0,10.0,380.0,350.0,2
697.0,Solutionised  + Artificially peak aged,0.0,0.96775,0.0,0.0,0.0,0.0,0.0,0.001,0.00375,0.0,0.0,0.005,0.0,0.0,0.006,0.005,0.0,0.0,0.0,0.008,0.0,0.0,0.001,0.0025,0.0,12.0,345.0,324.0,2
698.0,Solutionised  + Artificially peak aged,0.0,0.96775,0.0,0.0,0.0,0.0,0.0,0.001,0.00375,0.0,0.0,0.005,0.0,0.0,0.006,0.005,0.0,0.0,0.0,0.008,0.0,0.0,0.001,0.0025,0.0,13.0,338.0,296.0,2
699.0,Solutionised  + Artificially peak aged,0.0,0.96775,0.0,0.0,0.0,0.0,0.0,0.001,0.00375,0.0,0.0,0.005,0.0,0.0,0.006,0.005,0.0,0.0,0.0,0.008,0.0,0.0,0.001,0.0025,0.0,13.0,338.0,296.0,2
700.0,Solutionised  + Artificially peak aged,0.0,0.9675,0.0,0.0,0.0,0.0,0.004,0.0,0.0,0.0,0.0,0.0,0.0,0.0285,0.0,0.0,0.0,0.0,0.0,0.0,0.0,0.0,0.0,0.0,0.0,5.0,400.0,324.0,2
701.0,Solutionised  + Artificially peak aged,0.0,0.9675,0.0,0.0,0.0,0.0,0.0,0.0,0.008,0.0,0.0,0.003,0.0,0.0,0.01,0.0035,0.0,0.0,0.0,0.008,0.0,0.0,0.0,0.0,0.0,8.0,358.0,331.0,2
702.0,Solutionised  + Artificially peak aged,0.0,0.9675,0.0,0.0,0.0,0.0,0.004,0.0,0.0,0.0,0.0,0.0,0.0,0.0285,0.0,0.0,0.0,0.0,0.0,0.0,0.0,0.0,0.0,0.0,0.0,5.0,400.0,324.0,2
703.0,Solutionised  + Artificially peak aged,0.0,0.9668,0.0,0.0,0.0,0.0,0.0,0.00195,0.00275,0.0,0.0,0.0069999999999999,0.0,0.0,0.01,0.0015,0.0,0.0,0.0,0.006,0.0,0.0015,0.0,0.0025,0.0,12.0,310.0,,2
704.0,Solutionised  + Artificially peak aged,0.0,0.9663,0.0,0.0,0.0,0.0,0.0,0.0,0.0097,0.0,0.0,0.0014,0.0,0.0,0.0098,0.0051,0.0,0.0,0.0,0.0077,0.0,0.0,0.0,0.0,0.0,8.0,405.0,360.0,2
705.0,Solutionised  + Artificially peak aged,0.0,0.9663,0.0,0.0,0.0,0.0,0.0,0.0,0.0097,0.0,0.0,0.0014,0.0,0.0,0.0098,0.0051,0.0,0.0,0.0,0.0077,0.0,0.0,0.0,0.0,0.0,9.0,412.0,365.0,2
706.0,Solutionised  + Artificially peak aged,0.0,0.9663,0.0,0.0,0.0,0.0,0.0,0.0,0.0097,0.0,0.0,0.0014,0.0,0.0,0.0098,0.0051,0.0,0.0,0.0,0.0077,0.0,0.0,0.0,0.0,0.0,9.0,420.0,375.0,2
707.0,Solutionised  + Artificially peak aged,0.0,0.9663,0.0,0.0,0.0,0.0,0.0,0.0,0.0097,0.0,0.0,0.0014,0.0,0.0,0.0098,0.0051,0.0,0.0,0.0,0.0077,0.0,0.0,0.0,0.0,0.0,10.0,391.0,351.0,2
708.0,Solutionised  + Artificially peak aged,0.0,0.9663,0.0,0.0,0.0,0.0,0.0,0.0,0.0097,0.0,0.0,0.0014,0.0,0.0,0.0098,0.0051,0.0,0.0,0.0,0.0077,0.0,0.0,0.0,0.0,0.0,10.0,415.0,357.0,2
709.0,Solutionised  + Artificially peak aged,0.0,0.9663,0.0,0.0,0.0,0.0,0.0,0.0,0.0097,0.0,0.0,0.0014,0.0,0.0,0.0098,0.0051,0.0,0.0,0.0,0.0077,0.0,0.0,0.0,0.0,0.0,12.0,411.0,362.0,2
710.0,Solutionised  + Artificially peak aged,0.0,0.96625,0.0,0.0,0.0,0.0,0.0,0.0025,0.00275,0.0,0.0,0.0069999999999999,0.0,0.0,0.01,0.0015,0.0,0.0,0.0,0.006,0.0,0.0015,0.0,0.0025,0.0,14.0,365.0,276.0,2
711.0,Solutionised  + Artificially peak aged,0.0,0.96592,0.0,0.0,0.0,0.0,0.0,0.0022,0.0058,0.0,0.0,0.0028,0.0002,0.0,0.0132,0.0002,0.0,0.0,0.0,0.0079,0.0,0.0004799999999999,0.0013,0.0,0.0,11.7,408.0,373.0,2
712.0,Solutionised  + Artificially peak aged,0.0,0.96456,0.0,0.0,0.0,0.0,0.0,0.00215,0.0077,0.0,0.0,0.00205,0.0,0.0,0.01435,0.0,0.0,0.0,0.0,0.00895,0.0,0.0002399999999999,0.0,0.0,0.0,11.7,408.0,373.0,2
713.0,Solutionised  + Artificially peak aged,0.0,0.96456,0.0,0.0,0.0,0.0,0.0,0.00215,0.0077,0.0,0.0,0.00205,0.0,0.0,0.01435,0.0,0.0,0.0,0.0,0.00895,0.0,0.0002399999999999,0.0,0.0,0.0,11.7,408.0,373.0,2
714.0,Solutionised  + Artificially peak aged,0.0,0.963963964,0.0,0.0,0.0,0.0,0.0,0.000500501,0.0027527529999999,0.0,0.0,0.0025025029999999,0.0,0.0,0.008508509,0.0070070069999999,0.0,0.0,0.0,0.0135135139999999,0.0,0.0,0.0,0.001251251,0.0,7.32,357.5,336.0,2
715.0,Solutionised  + Artificially peak aged,0.0,0.96375,0.0,0.0,0.0,0.0,0.0,0.001,0.00375,0.0,0.0,0.005,0.0,0.0,0.008,0.005,0.0,0.0,0.0,0.01,0.0,0.0,0.001,0.0025,0.0,11.0,386.0,372.0,2
716.0,Solutionised  + Artificially peak aged,0.0,0.96375,0.0,0.0,0.0,0.0,0.0,0.001,0.00375,0.0,0.0,0.005,0.0,0.0,0.008,0.005,0.0,0.0,0.0,0.01,0.0,0.0,0.001,0.0025,0.0,12.0,379.0,352.0,2
717.0,Solutionised  + Artificially peak aged,0.0,0.96375,0.0,0.0,0.0,0.0,0.0,0.001,0.00375,0.0,0.0,0.005,0.0,0.0,0.008,0.005,0.0,0.0,0.0,0.01,0.0,0.0,0.001,0.0025,0.0,12.0,379.0,352.0,2
718.0,Solutionised  + Artificially peak aged,0.0,0.963722792,0.0,0.0,0.0,0.0,0.0,0.000500375,0.00850638,0.0,0.0,0.002501876,0.0,0.0,0.010007506,0.005003753,0.0,0.0,0.0,0.008006005,0.0,0.000500375,0.0,0.001250938,0.0,8.74,395.5,351.0,2
719.0,Solutionised  + Artificially peak aged,0.0,0.9635,0.0,0.0,0.0,0.0,0.008,0.0,0.0,0.0,0.0,0.0,0.0,0.0285,0.0,0.0,0.0,0.0,0.0,0.0,0.0,0.0,0.0,0.0,0.0,6.0,440.0,349.0,2
720.0,Solutionised  + Artificially peak aged,0.0,0.9635,0.0,0.0,0.0,0.0,0.008,0.0,0.0,0.0,0.0,0.0,0.0,0.0285,0.0,0.0,0.0,0.0,0.0,0.0,0.0,0.0,0.0,0.0,0.0,6.0,440.0,349.0,2
721.0,Solutionised  + Artificially peak aged,0.0,0.963169977,0.0,0.0,0.00548957,0.0,0.0,0.000898293,0.002744785,0.0,0.0,0.0034933629999999,0.0,0.0,0.009981036,0.000748578,0.0,0.00548957,0.0,0.005988622,0.0,0.000748578,0.0,0.00124763,0.0,12.2,314.0,260.0,outlier
722.0,Solutionised  + Artificially peak aged,0.0,0.96275,0.0,0.0,0.0,0.0,0.0,0.0025,0.0035,0.0,0.0,0.01,0.0,0.0,0.00625,0.002,0.0,0.0,0.0,0.009,0.0,0.0015,0.0,0.0025,0.0,17.0,330.0,,2
723.0,Solutionised  + Artificially peak aged,0.0,0.9625,0.0,0.0,0.0,0.0,0.0,0.0025,0.001,0.0,0.0,0.005,0.0,0.0,0.009,0.0069999999999999,0.0,0.0,0.0,0.01,0.0,0.001,0.0,0.002,0.0,6.0,310.0,260.0,2
724.0,Solutionised  + Artificially peak aged,0.0,0.95959596,0.0,0.0,0.0,0.0,0.0,0.000505051,0.002777778,0.0,0.0,0.002525253,0.0,0.0,0.011111111,0.008585859,0.0,0.0,0.0,0.013636364,0.0,0.0,0.0,0.001262626,0.0,9.75,373.5,325.0,2
725.0,Solutionised  + Artificially peak aged,0.0,0.959,0.0,0.0,0.0,0.0,0.0,0.001,0.0085,0.0,0.0,0.005,0.0,0.0,0.01,0.005,0.0,0.0,0.0,0.008,0.0,0.001,0.0,0.0025,0.0,8.0,369.0,359.0,2
726.0,Solutionised  + Artificially peak aged,0.0,0.959,0.0,0.0,0.0,0.0,0.0,0.001,0.0085,0.0,0.0,0.005,0.0,0.0,0.01,0.005,0.0,0.0,0.0,0.008,0.0,0.001,0.0,0.0025,0.0,8.0,369.0,359.0,2
727.0,Solutionised  + Artificially peak aged,0.0,0.958,0.0,0.0,0.0,0.0,0.0,0.0,0.009,0.0,0.0,0.0,0.0,0.0,0.011,0.009,0.0,0.0,0.0,0.013,0.0,0.0,0.0,0.0,0.0,12.0,393.001149,358.5273640000001,2
728.0,Solutionised  + Artificially peak aged,0.0,0.957,0.0,0.0,0.0,0.0,0.0,0.0,0.01,0.0,0.0,0.0,0.0,0.0,0.011,0.008,0.0,0.0,0.0,0.0139999999999999,0.0,0.0,0.0,0.0,0.0,,395.0,360.0,2
729.0,Solutionised  + Artificially peak aged,0.0,0.955,0.0,0.0,0.0,0.0,0.0,0.0,0.033,0.0,0.0,0.0,0.0,0.0,0.012,0.0,0.0,0.0,0.0,0.0,0.0,0.0,0.0,0.0,0.0,19.3,518.0,425.0,2
730.0,Solutionised  + Artificially peak aged,0.0,0.955,0.0,0.0,0.0,0.0,0.0,0.0,0.033,0.0,0.0,0.0,0.0,0.0,0.012,0.0,0.0,0.0,0.0,0.0,0.0,0.0,0.0,0.0,0.0,19.3,518.0,425.0,2
731.0,Solutionised  + Artificially peak aged,0.0,0.95269,0.0,0.0,0.0,0.0,0.0,0.0,0.0397,0.0,0.0,0.0001,0.0,0.0,0.006,0.0001,0.0,0.0,0.0,0.0014,0.0,0.0,0.0,1e-05,0.0,19.6,408.0,270.0,2
732.0,Solutionised  + Artificially peak aged,0.0,0.9445,0.0,0.0,0.0,0.0,0.0,0.0,0.0,0.0,0.0,0.0,0.0,0.0,0.012,0.0,0.0,0.0,0.0,0.0,0.0,0.0,0.0,0.042,0.0015,12.2,383.0,317.0,2
733.0,Solutionised  + Artificially peak aged,0.0,0.943,0.0,0.0,0.0,0.0,0.0,0.0,0.044,0.0,0.0,0.0,0.0,0.0,0.005,0.0,0.0,0.0,0.0,0.008,0.0,0.0,0.0,0.0,0.0,0.5,323.0,,2
734.0,Solutionised  + Artificially peak aged,0.0,0.943,0.0,0.0,0.0,0.0,0.0,0.0,0.044,0.0,0.0,0.0,0.0,0.0,0.005,0.0,0.0,0.0,0.0,0.008,0.0,0.0,0.0,0.0,0.0,13.0,483.0,,2
735.0,Solutionised  + Artificially peak aged,0.006,0.9424,0.0,0.0,0.0,0.0,0.0,0.0001,0.0435,0.0,0.0,0.0002,0.0,0.0,0.0036,0.0034,0.0,0.0,0.0,0.0005,0.0,0.0001,0.0,0.0002,0.0,10.5,503.0,451.0,2
736.0,Solutionised  + Artificially peak aged,0.0,0.94,0.0,0.0,0.0,0.0,0.0,0.0,0.044,0.0,0.0,0.0,0.0,0.0,0.0,0.008,0.0,0.0,0.0,0.008,0.0,0.0,0.0,0.0,0.0,,400.0,255.0,2
737.0,Solutionised  + Artificially peak aged,0.0,0.94,0.0,0.0,0.0,0.0,0.0,0.0,0.045,0.0,0.0,0.0,0.0,0.0,0.015,0.0,0.0,0.0,0.0,0.0,0.0,0.0,0.0,0.0,0.0,13.0,510.0,420.0,2
738.0,Solutionised  + Artificially peak aged,0.0,0.939,0.0,0.0,0.0,0.0,0.0,0.0,0.045,0.0,0.0,0.0,0.0,0.0,0.0,0.008,0.0,0.0,0.0,0.008,0.0,0.0,0.0,0.0,0.0,19.0,399.895906,255.106009,2
739.0,Solutionised  + Artificially peak aged,0.0,0.93848541,0.0,0.0,0.0,0.0,0.0,0.0005005259999999,0.019019971,0.0,0.0,0.002502628,0.0,0.026027329,0.008508934,0.0005005259999999,0.0,0.0,0.0,0.001501577,0.0,0.0005005259999999,0.0,0.001251314,0.001201261,7.25,550.0,472.5,2
740.0,Solutionised  + Artificially peak aged,0.0,0.9381,0.0,0.0,0.0,0.0,0.0,0.0001,0.0391,0.0,0.0,0.0029,0.0,0.0,0.0047,0.0055,0.0,0.0,0.0,0.0083,0.0,0.0007,0.0,0.0006,0.0,2.9,356.0,314.0,2
741.0,Solutionised  + Artificially peak aged,0.0,0.9381,0.0,0.0,0.0,0.0,0.0,0.0001,0.0391,0.0,0.0,0.0029,0.0,0.0,0.0047,0.0055,0.0,0.0,0.0,0.0083,0.0,0.0007,0.0,0.0006,0.0,3.6,283.0,219.0,2
742.0,Solutionised  + Artificially peak aged,0.0,0.9381,0.0,0.0,0.0,0.0,0.0,0.0001,0.0391,0.0,0.0,0.0029,0.0,0.0,0.0047,0.0055,0.0,0.0,0.0,0.0083,0.0,0.0007,0.0,0.0006,0.0,3.6,474.0,399.0,2
743.0,Solutionised  + Artificially peak aged,0.0,0.9381,0.0,0.0,0.0,0.0,0.0,0.0001,0.0391,0.0,0.0,0.0029,0.0,0.0,0.0047,0.0055,0.0,0.0,0.0,0.0083,0.0,0.0007,0.0,0.0006,0.0,6.3,454.0,393.0,2
744.0,Solutionised  + Artificially peak aged,0.0,0.937015358,0.0,0.0,0.0,0.0,0.0,0.0,0.023012657,0.0,0.0,0.011006053,0.0,0.0,0.01550853,0.0,0.010505778,0.0,0.0,0.001750963,0.0,0.000700385,0.0,0.000500275,0.0,8.5,420.0,350.0,2
745.0,Solutionised  + Artificially peak aged,0.0,0.937,0.0,0.0,0.0,0.002,0.0,0.0,0.045,0.0,0.0,0.0,0.0,0.011,0.0,0.005,0.0,0.0,0.0,0.0,0.0,0.0,0.0,0.0,0.0,3.0,579.159588,530.8962889999998,2
746.0,Solutionised  + Artificially peak aged,0.0,0.935,0.0,0.0,0.005,0.0,0.0,0.0,0.055,0.0,0.0,0.0,0.0,0.0,0.0,0.0,0.0,0.005,0.0,0.0,0.0,0.0,0.0,0.0,0.0,17.0,393.001149,268.895523,outlier
747.0,Solutionised  + Artificially peak aged,0.0,0.935,0.0,0.0,0.0,0.0,0.0,0.0,0.044,0.0,0.0,0.0,0.0,0.0,0.005,0.008,0.0,0.0,0.0,0.008,0.0,0.0,0.0,0.0,0.0,,485.0,415.0,2
748.0,Solutionised  + Artificially peak aged,0.0069999999999999,0.935,0.0,0.0,0.0,0.0,0.0,0.0,0.046,0.0,0.0,0.0015,0.0,0.0,0.0035,0.0035,0.0,0.0,0.0,0.001,0.0,0.0025,0.0,0.0,0.0,7.0,485.0,435.0,2
749.0,Solutionised  + Artificially peak aged,0.0,0.935,0.0,0.0,0.0,0.0,0.0,0.0,0.044,0.0,0.0,0.0,0.0,0.0,0.015,0.006,0.0,0.0,0.0,0.0,0.0,0.0,0.0,0.0,0.0,3.7,704.0,440.0,2
750.0,Solutionised  + Artificially peak aged,0.0,0.935,0.0,0.0,0.0,0.0,0.0,0.0,0.044,0.0,0.0,0.0,0.0,0.0,0.015,0.006,0.0,0.0,0.0,0.0,0.0,0.0,0.0,0.0,0.0,6.9,484.0,437.0,2
751.0,Solutionised  + Artificially peak aged,0.0,0.935,0.0,0.0,0.0,0.0,0.0,0.0,0.044,0.0,0.0,0.0,0.0,0.0,0.015,0.006,0.0,0.0,0.0,0.0,0.0,0.0,0.0,0.0,0.0,7.0,512.0,378.0,2
752.0,Solutionised  + Artificially peak aged,0.0,0.935,0.0,0.0,0.0,0.0,0.0,0.0,0.044,0.0,0.0,0.0,0.0,0.0,0.015,0.006,0.0,0.0,0.0,0.0,0.0,0.0,0.0,0.0,0.0,8.0,474.0,425.0,2
753.0,Solutionised  + Artificially peak aged,0.0037,0.9344,0.0,0.0,0.0,0.0,0.0,0.0,0.045,0.0,0.0,0.0003,0.0,0.0116,0.0036,0.0,0.0,0.0,0.0,0.0001,0.0,0.0,0.0,0.0,0.0013,4.0,720.0,680.0,2
754.0,Solutionised  + Artificially peak aged,0.0037,0.9344,0.0,0.0,0.0,0.0,0.0,0.0,0.045,0.0,0.0,0.0003,0.0,0.0116,0.0036,0.0,0.0,0.0,0.0,0.0001,0.0,0.0,0.0,0.0,0.0013,4.0,720.0,680.0,2
755.0,Solutionised  + Artificially peak aged,0.0,0.934,0.0,0.0,0.0,0.0,0.0,0.0,0.045,0.0,0.0,0.0,0.0,0.0,0.015,0.006,0.0,0.0,0.0,0.0,0.0,0.0,0.0,0.0,0.0,10.0,475.738233,393.001149,2
756.0,Solutionised  + Artificially peak aged,0.0,0.934,0.0,0.0,0.0,0.0,0.0,0.0,0.044,0.0,0.0,0.0,0.0,0.0,0.005,0.008,0.0,0.0,0.0,0.009,0.0,0.0,0.0,0.0,0.0,13.0,482.63299000000006,413.68542,2
757.0,Solutionised  + Artificially peak aged,0.0,0.9323,0.0,0.0,0.0,0.0,0.0,0.0001,0.0399,0.0,0.0,0.0012,0.0,0.0234,0.0002,0.0001,0.0001,0.0,0.0,0.0,0.0,0.0001,0.0,0.0005,0.0021,6.53,559.24,508.9,2
758.0,Solutionised  + Artificially peak aged,0.0,0.9323,0.0,0.0,0.0,0.0,0.0,0.0001,0.0399,0.0,0.0,0.0012,0.0,0.0234,0.0002,0.0001,0.0001,0.0,0.0,0.0,0.0,0.0001,0.0,0.0005,0.0021,6.53,559.24,508.9,2
759.0,Solutionised  + Artificially peak aged,0.0,0.932,0.0,0.0,0.0,0.0,0.0,0.0014,0.0,0.0,0.0,0.0012,0.0,0.0,0.0104,0.0022,0.0,0.0,0.0,0.0009,0.0,0.0,0.0,0.0507,0.0012,8.7,461.63,430.63,2
760.0,Solutionised  + Artificially peak aged,0.0,0.932,0.0,0.0,0.0,0.0,0.0,0.0014,0.0,0.0,0.0,0.0012,0.0,0.0,0.0104,0.0022,0.0,0.0,0.0,0.0009,0.0,0.0,0.0,0.0507,0.0012,8.7,461.63,430.63,2
761.0,Solutionised  + Artificially peak aged,0.0,0.931558935,0.0,0.0,0.0,0.0,0.0,0.002251351,0.0010006,0.0,0.0,0.002001201,0.0,0.0,0.0120072039999999,0.002751651,0.0,0.0,0.0,0.001751051,0.0,0.00025015,0.0,0.0450270159999999,0.001400841,12.0,380.0,335.0,2
762.0,Solutionised  + Artificially peak aged,0.0,0.931198399,0.0,0.0,0.0,0.0,0.0,0.000500375,0.0445334,0.0,0.0,0.005003753,0.0,0.0,0.000250188,0.008006005,0.0,0.0,0.0,0.00850638,0.0,0.000750563,0.0,0.001250938,0.0,9.5,378.0,232.5,2
763.0,Solutionised  + Artificially peak aged,0.0,0.92906,0.0,0.0,0.0,0.0,0.0,2e-05,0.0349,0.0,0.0,0.001,0.0,0.0,0.0215,0.0131,0.0,0.0,0.0,0.00042,0.0,0.0,0.0,0.0,0.0,7.8,479.0,378.0,2
764.0,Solutionised  + Artificially peak aged,0.0,0.92906,0.0,0.0,0.0,0.0,0.0,2e-05,0.0349,0.0,0.0,0.001,0.0,0.0,0.0215,0.0131,0.0,0.0,0.0,0.00042,0.0,0.0,0.0,0.0,0.0,12.0,452.0,339.0,2
765.0,Solutionised  + Artificially peak aged,0.0,0.92906,0.0,0.0,0.0,0.0,0.0,2e-05,0.0349,0.0,0.0,0.001,0.0,0.0,0.0215,0.0131,0.0,0.0,0.0,0.00042,0.0,0.0,0.0,0.0,0.0,12.7,451.0,330.0,2
766.0,Solutionised  + Artificially peak aged,0.0,0.92906,0.0,0.0,0.0,0.0,0.0,2e-05,0.0349,0.0,0.0,0.001,0.0,0.0,0.0215,0.0131,0.0,0.0,0.0,0.00042,0.0,0.0,0.0,0.0,0.0,12.7,468.0,339.0,2
767.0,Solutionised  + Artificially peak aged,0.0,0.927963982,0.0,0.0,0.0,0.0,0.0,0.00050025,0.043521761,0.0,0.0,0.002501251,0.0,0.0,0.015007504,0.0060030019999999,0.0,0.0,0.0,0.002501251,0.0,0.000750375,0.0,0.001250625,0.0,5.405,449.5,363.0,2
768.0,Solutionised  + Artificially peak aged,0.0,0.927927928,0.0,0.0,0.0,0.0,0.0,0.000500501,0.044544545,0.0,0.0,0.003503504,0.0,0.0,0.005005005,0.008008008,0.0,0.0,0.0,0.008508509,0.0,0.000750751,0.0,0.001251251,0.0,6.5,438.0,382.0,2
769.0,Solutionised  + Artificially peak aged,0.0,0.9251,0.0,0.0,0.0,0.0,0.0,0.0014,0.0,0.0,0.0,0.0014,0.0,0.0,0.0278,0.0023,0.0,0.0,0.0,0.0009,0.0,0.0,0.0,0.0401,0.001,8.1,530.53,489.19,2
770.0,Solutionised  + Artificially peak aged,0.0,0.9251,0.0,0.0,0.0,0.0,0.0,0.0014,0.0,0.0,0.0,0.0014,0.0,0.0,0.0278,0.0023,0.0,0.0,0.0,0.0009,0.0,0.0,0.0,0.0401,0.001,8.1,530.53,489.19,2
771.0,Solutionised  + Artificially peak aged,0.0,0.9235,0.0,0.0,0.0,0.0,0.0,0.001,0.0445,0.0,0.0,0.01,0.0,0.0,0.0005,0.008,0.0,0.0,0.0,0.0085,0.0,0.0015,0.0,0.0025,0.0,19.0,400.0,,2
772.0,Solutionised  + Artificially peak aged,0.0,0.9233,0.0,0.0,0.0,0.0,0.0,0.0,0.0,0.0,0.0,0.0012,0.0,0.0,0.0045,0.0,0.0,0.0,0.0,0.071,0.0,0.0,0.0,0.0,0.0,4.5,235.0,,2
773.0,Solutionised  + Artificially peak aged,0.0,0.9233,0.0,0.0,0.0,0.0,0.0,0.0,0.0,0.0,0.0,0.0012,0.0,0.0,0.0045,0.0,0.0,0.0,0.0,0.071,0.0,0.0,0.0,0.0,0.0,4.5,235.0,,2
774.0,Solutionised  + Artificially peak aged,0.0,0.923,0.0,0.0,0.004,0.0,0.0,0.0,0.055,0.0,0.0,0.0069999999999999,0.0,0.0,0.0,0.0,0.0,0.004,0.0,0.004,0.0,0.0,0.0,0.003,0.0,17.0,390.0,,outlier
775.0,Solutionised  + Artificially peak aged,0.0,0.9226,0.0001,0.0,0.0,0.0,0.0,0.0,0.0,0.0,0.0,0.0007,0.0,0.0,0.0041,0.0,0.0,0.0,0.0,0.0702,0.0,0.0014,0.0,0.0009,0.0,2.0,192.3,180.2,2
776.0,Solutionised  + Artificially peak aged,0.0,0.9226,0.0001,0.0,0.0,0.0,0.0,0.0,0.0,0.0,0.0,0.0007,0.0,0.0,0.0041,0.0,0.0,0.0,0.0,0.0702,0.0,0.0014,0.0,0.0009,0.0,2.1,176.9,169.0,2
777.0,Solutionised  + Artificially peak aged,0.0,0.9223,0.0,0.0,0.0,0.0,0.0,0.0,0.0,0.001,0.0,0.0012,0.0,0.0,0.0045,0.0,0.0,0.0,0.0,0.071,0.0,0.0,0.0,0.0,0.0,4.9,244.0,,2
778.0,Solutionised  + Artificially peak aged,0.0,0.9223,0.0,0.0,0.0,0.0,0.0,0.0,0.0,0.001,0.0,0.0012,0.0,0.0,0.0045,0.0,0.0,0.0,0.0,0.071,0.0,0.0,0.0,0.0,0.0,4.9,244.0,,2
779.0,Solutionised  + Artificially peak aged,0.0,0.922,0.0,0.0,0.0,0.0,0.0,0.001,0.0445,0.0,0.0,0.0069999999999999,0.0,0.0,0.005,0.008,0.0,0.0,0.0,0.0085,0.0,0.0015,0.0,0.0025,0.0,13.0,485.0,415.0,2
780.0,Solutionised  + Artificially peak aged,0.0,0.922,0.0,0.0,0.0,0.0,0.0,0.001,0.0445,0.0,0.0,0.0069999999999999,0.0,0.0,0.005,0.008,0.0,0.0,0.0,0.0085,0.0,0.0015,0.0,0.0025,0.0,13.0,480.0,414.0,2
781.0,Solutionised  + Artificially peak aged,0.0,0.922,0.0,0.0,0.0,0.0,0.0,0.001,0.0445,0.0,0.0,0.0069999999999999,0.0,0.0,0.005,0.008,0.0,0.0,0.0,0.0085,0.0,0.0015,0.0,0.0025,0.0,13.0,485.0,415.0,2
782.0,Solutionised  + Artificially peak aged,0.0,0.9218,0.0001,0.0,0.0,0.0,0.0,0.0,0.0,0.0041,0.0,0.0008,0.0,0.0,0.0012,0.0,0.0,0.0,0.0,0.0711,0.0,0.0009,0.0,0.0,0.0,1.1,205.0,200.6,2
783.0,Solutionised  + Artificially peak aged,0.0,0.9218,0.0001,0.0,0.0,0.0,0.0,0.0,0.0,0.0041,0.0,0.0008,0.0,0.0,0.0012,0.0,0.0,0.0,0.0,0.0711,0.0,0.0009,0.0,0.0,0.0,2.5,195.2,193.9,2
784.0,Solutionised  + Artificially peak aged,0.0,0.9213,0.0,0.0,0.0,0.0,0.0,0.0,0.0,0.002,0.0,0.0012,0.0,0.0,0.0045,0.0,0.0,0.0,0.0,0.071,0.0,0.0,0.0,0.0,0.0,7.8,283.0,,2
785.0,Solutionised  + Artificially peak aged,0.0,0.9213,0.0,0.0,0.0,0.0,0.0,0.0,0.0,0.002,0.0,0.0012,0.0,0.0,0.0045,0.0,0.0,0.0,0.0,0.071,0.0,0.0,0.0,0.0,0.0,7.8,283.0,,2
786.0,Solutionised  + Artificially peak aged,0.0,0.9203,0.0,0.0,0.0,0.0,0.0,0.0,0.0,0.003,0.0,0.0012,0.0,0.0,0.0045,0.0,0.0,0.0,0.0,0.071,0.0,0.0,0.0,0.0,0.0,8.6,311.2,,2
787.0,Solutionised  + Artificially peak aged,0.0,0.9203,0.0,0.0,0.0,0.0,0.0,0.0,0.0,0.003,0.0,0.0012,0.0,0.0,0.0045,0.0,0.0,0.0,0.0,0.071,0.0,0.0,0.0,0.0,0.0,8.6,311.2,,2
788.0,Solutionised  + Artificially peak aged,0.0,0.92,0.0,0.0,0.0,0.0,0.0,0.0,0.0,0.0,0.0,0.001,0.0,0.0,0.0069999999999999,0.0,0.0,0.0,0.0,0.07,0.0,0.002,0.0,0.0,0.0,3.39,198.0,,2
789.0,Solutionised  + Artificially peak aged,0.0,0.9193,0.0,0.0,0.0,0.0,0.0,0.0,0.0,0.004,0.0,0.0012,0.0,0.0,0.0045,0.0,0.0,0.0,0.0,0.071,0.0,0.0,0.0,0.0,0.0,5.7,240.0,,2
790.0,Solutionised  + Artificially peak aged,0.0,0.9193,0.0,0.0,0.0,0.0,0.0,0.0,0.0,0.004,0.0,0.0012,0.0,0.0,0.0045,0.0,0.0,0.0,0.0,0.071,0.0,0.0,0.0,0.0,0.0,5.7,240.0,,2
791.0,Solutionised  + Artificially peak aged,0.0,0.917108,0.0,0.0,0.0,0.0,0.0,0.0,3e-05,0.0,0.0,0.0032,0.0,0.0,0.0043,0.0032,0.0,0.0,0.0,0.0707,0.0,0.00113,0.0,0.00033,0.0,8.24,179.0,,2
792.0,Solutionised  + Artificially peak aged,0.0,0.9165,0.0001,0.0,0.0,0.0,0.0,0.0,0.0,0.0022,0.0,0.0008,0.0,0.0,0.004,0.0,0.0,0.0,0.0,0.0738,0.0,0.0015,0.0,0.0011,0.0,5.1,234.3,221.1,2
793.0,Solutionised  + Artificially peak aged,0.0,0.9165,0.0001,0.0,0.0,0.0,0.0,0.0,0.0,0.0022,0.0,0.0008,0.0,0.0,0.004,0.0,0.0,0.0,0.0,0.0738,0.0,0.0015,0.0,0.0011,0.0,5.5,220.6,214.8,2
794.0,Solutionised  + Artificially peak aged,0.0,0.9159,0.0,0.0,0.0,0.0,0.0,0.0005,0.0005,0.0,0.0,0.0036,0.0,0.0,0.015,0.0045,0.0,0.0,0.0,0.0025,0.0,0.0005,0.0,0.042,0.015,12.0,400.0,,2
795.0,Solutionised  + Artificially peak aged,0.0,0.9156,0.0,0.0,0.0,0.0,0.0,0.0,0.003,0.0,0.0,0.0016,0.0,0.0,0.018,0.0,0.0,0.0,0.0,0.0006,0.0,0.0,0.0,0.0596,0.0016,19.6,543.0,,2
796.0,Solutionised  + Artificially peak aged,0.0,0.914671,0.0,0.0,0.0,0.0,0.0,0.0,7e-05,0.0,0.0,0.00355,0.0,0.0,0.0086,0.000328,0.0,0.0,0.0,0.07147,0.0,0.00093,0.0,0.0003799999999999,0.0,2.97,210.0,,2
797.0,Solutionised  + Artificially peak aged,0.0,0.914,0.0,0.0,0.0,0.0,0.0,0.002,0.006,0.0,0.0,0.0,0.0,0.0,0.033,0.002,0.0,0.0,0.0,0.0,0.0,0.0,0.0,0.043,0.0,14.0,537.791046,468.843476,2
798.0,Solutionised  + Artificially peak aged,0.0,0.908,0.0,0.0,0.0,0.0,0.0,0.0,0.0289999999999999,0.0,0.0,0.0013,0.0,0.0,0.003,0.0002,0.0001,0.0,0.0,0.0579999999999999,0.0,0.0002,0.0,0.0002,0.0,2.0,250.0,165.0,2
799.0,Solutionised  + Artificially peak aged,0.0,0.908,0.0,0.0,0.0,0.0,0.0,0.0,0.0289999999999999,0.0,0.0,0.0013,0.0,0.0,0.003,0.0002,0.0001,0.0,0.0,0.0579999999999999,0.0,0.0002,0.0,0.0002,0.0,3.0,280.0,185.0,2
800.0,Solutionised  + Artificially peak aged,0.0,0.90625,0.0,0.0,0.0,0.0,0.0,0.00175,0.006,0.0,0.0,0.004,0.0,0.0,0.033,0.002,0.0,0.0,0.0,0.003,0.0,0.001,0.0,0.043,0.0,14.0,540.0,,2
801.0,Solutionised  + Artificially peak aged,0.0,0.9055,0.0,0.0,0.0,0.0,0.0,0.0,0.012,0.0,0.0,0.0035,0.0,0.0,0.021,0.0012,0.0,0.0,0.0,0.0058,0.0,0.0,0.0,0.051,0.0,12.0,485.0,410.0,2
802.0,Solutionised  + Artificially peak aged,0.0,0.9055,0.0,0.0,0.0,0.0,0.0,0.0,0.012,0.0,0.0,0.0035,0.0,0.0,0.021,0.0012,0.0,0.0,0.0,0.0058,0.0,0.0,0.0,0.051,0.0,12.0,485.0,410.0,2
803.0,Solutionised  + Artificially peak aged,0.0,0.90524,0.0,0.0,0.0,0.0,0.0,0.0,0.018,0.0,0.0,0.0,0.0,0.0,0.0197,0.0,0.0,0.0,0.0,0.0,0.0,0.0,0.0,0.0556,0.00146,3.2,544.0,482.0,2
804.0,Solutionised  + Artificially peak aged,0.0,0.90444,0.0,0.0,0.0,0.0,0.0,0.0019,0.0154,0.0,0.0,7e-05,0.0,0.0,0.022,0.0,0.0,0.0,0.0,9e-05,0.0,0.0002,0.0,0.0559,0.0,16.23,551.0,496.0,2
805.0,Solutionised  + Artificially peak aged,0.0,0.90444,0.0,0.0,0.0,0.0,0.0,0.0019,0.0154,0.0,0.0,7e-05,0.0,0.0,0.022,0.0,0.0,0.0,0.0,9e-05,0.0,0.0002,0.0,0.0559,0.0,16.23,551.0,496.0,2
806.0,Solutionised  + Artificially peak aged,0.0,0.9044,0.0,0.0,0.0,0.0,0.0,0.0,0.0141,0.0,0.0,0.0026,0.0,0.0,0.0221,0.0005,0.0,0.0,0.0,0.001,0.0,0.0,0.0,0.0553,0.0,8.8,486.0,397.0,2
807.0,Solutionised  + Artificially peak aged,0.0,0.9044,0.0,0.0,0.0,0.0,0.0,0.0,0.0141,0.0,0.0,0.0026,0.0,0.0,0.0221,0.0005,0.0,0.0,0.0,0.001,0.0,0.0,0.0,0.0553,0.0,13.4,522.0,420.0,2
808.0,Solutionised  + Artificially peak aged,0.0,0.90369,0.0,0.0,0.0,0.0,0.0,0.0,3e-05,0.0,0.0,0.0006799999999999,0.0,0.0,0.0157,0.0,0.0,0.0,0.0,0.00031,0.0,0.0,0.0,0.0782,0.00139,6.9,515.0,,2
809.0,Solutionised  + Artificially peak aged,0.0,0.9013,0.0,0.0,0.0,0.0,0.0,0.0022,0.0151,0.0,0.0,0.0033,0.0,0.0,0.0234,0.0,0.0,0.0,0.0,0.001,0.0,0.0007,0.0,0.053,0.0,11.0,,505.0,2
810.0,Solutionised  + Artificially peak aged,0.0,0.9007,0.0,0.0,0.0,0.0,0.0,0.0023,0.016,0.0,0.0,0.0,0.0,0.0,0.025,0.0,0.0,0.0,0.0,0.0,0.0,0.0,0.0,0.0559999999999999,0.0,11.0,570.0,505.0,2
811.0,Solutionised  + Artificially peak aged,0.0,0.9006,0.0,0.0,0.0,0.0,0.0,0.0019,0.0153,0.0,0.0,0.0008,0.0,0.0,0.0224,0.0006,0.0,0.0,0.0,0.0002,0.0,0.0002,0.0,0.0579999999999999,0.0,15.4,579.6,515.1,2
812.0,Solutionised  + Artificially peak aged,0.0,0.9003,0.0,0.0,0.0,0.0,0.0,0.0,0.0,0.0,0.0,0.0017,0.0,0.0,0.0289999999999999,0.0,0.0,0.0,0.0,0.069,0.0,0.0,0.0,0.0,0.0,9.6,250.0,,2
813.0,Solutionised  + Artificially peak aged,0.0,0.9003,0.0,0.0,0.0,0.0,0.0,0.0,0.0,0.0,0.0,0.0017,0.0,0.0,0.0289999999999999,0.0,0.0,0.0,0.0,0.069,0.0,0.0,0.0,0.0,0.0,9.6,250.0,,2
814.0,Solutionised  + Artificially peak aged,0.0,0.9,0.0,0.0,0.0,0.0,0.0,0.003,0.016,0.0,0.0,0.0,0.0,0.0,0.025,0.0,0.0,0.0,0.0,0.0,0.0,0.0,0.0,0.0559999999999999,0.0,11.0,572.264831,503.317261,2
815.0,Solutionised  + Artificially peak aged,0.0,0.8987,0.0,0.0,0.0,0.0,0.0,0.0022,0.0149,0.0,0.0,0.0016,0.0,0.0,0.0254,0.001,0.0,0.0,0.0,0.0011,0.0,0.001,0.0,0.0541,0.0,7.8,519.0,472.0,2
816.0,Solutionised  + Artificially peak aged,0.0,0.8987,0.0,0.0,0.0,0.0,0.0,0.0022,0.0149,0.0,0.0,0.0016,0.0,0.0,0.0254,0.001,0.0,0.0,0.0,0.0011,0.0,0.001,0.0,0.0541,0.0,7.8,519.0,472.0,2
817.0,Solutionised  + Artificially peak aged,0.0,0.89861,0.0,0.0,0.0,0.0,0.0,0.0,0.0,0.0,0.00079,0.0016,0.0,0.0,0.03,0.0,0.0,0.0,0.0,0.069,0.0,0.0,0.0,0.0,0.0,14.8,261.0,,2
818.0,Solutionised  + Artificially peak aged,0.0,0.89861,0.0,0.0,0.0,0.0,0.0,0.0,0.0,0.0,0.00079,0.0016,0.0,0.0,0.03,0.0,0.0,0.0,0.0,0.069,0.0,0.0,0.0,0.0,0.0,14.8,261.0,,2
819.0,Solutionised  + Artificially peak aged,0.0,0.89792,0.0,0.0,0.0,0.0,0.0,0.0,0.0,0.0,0.00028,0.0018,0.0,0.0,0.0279999999999999,0.0,0.0,0.0,0.0,0.072,0.0,0.0,0.0,0.0,0.0,12.8,262.0,,2
820.0,Solutionised  + Artificially peak aged,0.0,0.89792,0.0,0.0,0.0,0.0,0.0,0.0,0.0,0.0,0.00028,0.0018,0.0,0.0,0.0279999999999999,0.0,0.0,0.0,0.0,0.072,0.0,0.0,0.0,0.0,0.0,12.8,262.0,,2
821.0,Solutionised  + Artificially peak aged,0.0,0.89745,0.0,0.0,0.0,0.0,0.0,0.0,0.0,0.0,0.00095,0.0016,0.0,0.0,0.0289999999999999,0.0,0.0,0.0,0.0,0.071,0.0,0.0,0.0,0.0,0.0,14.7,265.0,,2
822.0,Solutionised  + Artificially peak aged,0.0,0.89745,0.0,0.0,0.0,0.0,0.0,0.0,0.0,0.0,0.00095,0.0016,0.0,0.0,0.0289999999999999,0.0,0.0,0.0,0.0,0.071,0.0,0.0,0.0,0.0,0.0,14.7,265.0,,2
823.0,Solutionised  + Artificially peak aged,0.0,0.89571,0.0,0.0,0.0,0.0,0.0,0.0,0.0,0.0,0.00069,0.0016,0.0,0.0,0.0279999999999999,0.0,0.0,0.0,0.0,0.074,0.0,0.0,0.0,0.0,0.0,13.7,263.0,,2
824.0,Solutionised  + Artificially peak aged,0.0,0.89571,0.0,0.0,0.0,0.0,0.0,0.0,0.0,0.0,0.00069,0.0016,0.0,0.0,0.0279999999999999,0.0,0.0,0.0,0.0,0.074,0.0,0.0,0.0,0.0,0.0,13.7,263.0,,2
825.0,Solutionised  + Artificially peak aged,0.0,0.8955,0.0,0.0,0.0,0.0,0.0,0.0002,0.0163,0.0,0.0,0.0022,0.0,0.0,0.023,0.0002,0.0,0.0,0.0,0.0012,0.0,0.0004,0.0,0.061,0.0,3.3,524.0,475.0,2
826.0,Solutionised  + Artificially peak aged,0.0,0.89504,0.0,0.0,0.0,0.0,0.0,0.0,0.0076799999999999,0.0,0.0,0.0007099999999999,0.0,0.0,0.0158,0.0,0.0,0.0,0.0,0.00035,0.0,0.0,0.0,0.079,0.0014199999999999,16.7,571.0,,2
827.0,Solutionised  + Artificially peak aged,0.0,0.8940799999999999,0.0,0.0,0.0,0.0,0.0,0.0,0.0,0.0,0.0001199999999999,0.0018,0.0,0.0,0.031,0.0,0.0,0.0,0.0,0.073,0.0,0.0,0.0,0.0,0.0,9.8,252.0,,2
828.0,Solutionised  + Artificially peak aged,0.0,0.8940799999999999,0.0,0.0,0.0,0.0,0.0,0.0,0.0,0.0,0.0001199999999999,0.0018,0.0,0.0,0.031,0.0,0.0,0.0,0.0,0.073,0.0,0.0,0.0,0.0,0.0,9.8,252.0,,2
829.0,Solutionised  + Artificially peak aged,0.0,0.893625538,0.0,0.0,0.0,0.0,0.0,0.002301611,0.016011208,0.0,0.0,0.002501751,0.0,0.0,0.025017512,0.001501051,0.0,0.0,0.0,0.002001401,0.0,0.0010007,0.0,0.056039227,0.0,6.0,507.0,444.5,2
830.0,Solutionised  + Artificially peak aged,0.00325,0.8935,0.0,0.0,0.0,0.0,0.0,0.00175,0.0095,0.0,0.0,0.002,0.0,0.0,0.025,0.001,0.0,0.0,0.0,0.002,0.0,0.002,0.0,0.06,0.0,12.0,535.0,,2
831.0,Solutionised  + Artificially peak aged,0.0,0.8922,0.0,0.0,0.0,0.0,0.0,0.0005,0.0175,0.0,0.0,0.0015,0.0,0.0,0.0235,0.001,0.0,0.0,0.0,0.0012,0.0,0.0006,0.0,0.062,0.0,12.0,545.0,485.0,2
832.0,Solutionised  + Artificially peak aged,0.0,0.8905,0.0,0.0,0.0,0.0,0.0,0.0,0.022,0.0,0.0,0.0,0.0,0.0,0.0235,0.0,0.0,0.0,0.0,0.0,0.0,0.0,0.0,0.064,0.0,15.6,610.0,535.0,2
833.0,Solutionised  + Artificially peak aged,0.0,0.8905,0.0,0.0,0.0,0.0,0.0,0.0,0.022,0.0,0.0,0.0,0.0,0.0,0.0235,0.0,0.0,0.0,0.0,0.0,0.0,0.0,0.0,0.064,0.0,15.6,610.0,535.0,2
834.0,Solutionised  + Artificially peak aged,0.0,0.8905,0.0,0.0,0.0,0.0,0.0,0.0,0.022,0.0,0.0,0.0,0.0,0.0,0.0235,0.0,0.0,0.0,0.0,0.0,0.0,0.0,0.0,0.064,0.0,15.6,610.0,535.0,2
835.0,Solutionised  + Artificially peak aged,0.0,0.8886,0.0,0.0,0.0,0.0,0.0,0.0005,0.0175,0.0,0.0,0.0015,0.0,0.0,0.0245,0.003,0.0,0.0,0.0,0.001,0.0,0.0,0.0,0.062,0.0014,12.0,545.0,,2
836.0,Solutionised  + Artificially peak aged,0.0,0.8873200000000001,0.0,0.0,0.0,0.0,0.0,0.0,0.0164,0.0,0.0,0.00072,0.0,0.0,0.0159,0.0,0.0,0.0,0.0,0.00026,0.0,0.0,0.0,0.078,0.0014,19.5,574.0,,2
837.0,Solutionised  + Artificially peak aged,0.0,0.8867,0.0,0.0,0.0,0.0,0.0,0.0023,0.016,0.0,0.0,0.005,0.0,0.0,0.025,0.003,0.0,0.0,0.0,0.004,0.0,0.002,0.0,0.0559999999999999,0.0,11.0,570.0,500.0,2
838.0,Solutionised  + Artificially peak aged,0.0,0.88441,0.0,0.0,0.0,0.0,0.0,0.0019,0.0156,0.0,0.0,9e-05,0.0,0.0,0.0281,0.0,0.0,0.0,0.0,0.0001,0.0,0.0002,0.0,0.0696,0.0,15.1,627.0,583.0,2
839.0,Solutionised  + Artificially peak aged,0.0,0.88441,0.0,0.0,0.0,0.0,0.0,0.0019,0.0156,0.0,0.0,9e-05,0.0,0.0,0.0281,0.0,0.0,0.0,0.0,0.0001,0.0,0.0002,0.0,0.0696,0.0,15.1,627.0,583.0,2
840.0,Solutionised  + Artificially peak aged,0.0,0.88282,0.0,0.0,0.0,0.0,0.0,0.0018,0.017,0.0,0.0,0.0022,0.0,0.0,0.0275,0.0,0.001,0.0,0.0,0.0006,0.0,0.00028,0.0,0.0668,0.0,,530.0,505.0,2
841.0,Solutionised  + Artificially peak aged,0.0,0.88282,0.0,0.0,0.0,0.0,0.0,0.0018,0.017,0.0,0.0,0.0022,0.0,0.0,0.0275,0.0,0.001,0.0,0.0,0.0006,0.0,0.00028,0.0,0.0668,0.0,,530.0,505.0,2
842.0,Solutionised  + Artificially peak aged,0.0,0.882,0.0,0.0,0.0,0.0,0.0,0.003,0.02,0.0,0.0,0.0,0.0,0.0,0.027,0.0,0.0,0.0,0.0,0.0,0.0,0.0,0.0,0.068,0.0,10.0,606.738616,537.791046,2
843.0,Solutionised  + Artificially peak aged,0.0,0.8817,0.0,0.0,0.0,0.0,0.0,0.0023,0.02,0.0,0.0,0.0,0.0,0.0,0.0279999999999999,0.0,0.0,0.0,0.0,0.0,0.0,0.0,0.0,0.068,0.0,10.0,605.0,540.0,2
844.0,Solutionised  + Artificially peak aged,0.0,0.8801100000000001,0.0,0.0,0.0,0.0,0.0,0.0,0.0198,0.0,0.0,0.00055,0.0,0.0,0.0212,0.0,0.0,0.0,0.0,0.0003399999999999,0.0,0.0,0.0,0.0768,0.0012,16.8,651.6,583.3,2
845.0,Solutionised  + Artificially peak aged,0.0,0.8782,0.0,0.0,0.0,0.0,0.0,0.0015,0.016,0.0,0.0,0.0012,0.0,0.0,0.022,0.001,0.0,0.0,0.0,0.001,0.0,0.0006,0.0,0.0785,0.0,11.0,592.0,532.0,2
846.0,Solutionised  + Artificially peak aged,0.0,0.8782,0.0,0.0,0.0,0.0,0.0,0.0015,0.016,0.0,0.0,0.0012,0.0,0.0,0.022,0.001,0.0,0.0,0.0,0.001,0.0,0.0006,0.0,0.0785,0.0,11.0,592.0,532.0,2
847.0,Solutionised  + Artificially peak aged,0.0,0.8781100000000001,0.0,0.0,0.0,0.0,0.0,0.0019,0.0148,0.0,0.0,9e-05,0.0,0.0,0.0274,0.0,0.0,0.0,0.0,0.0001,0.0,0.0002,0.0,0.0774,0.0,14.8,654.0,614.0,2
848.0,Solutionised  + Artificially peak aged,0.0,0.8781100000000001,0.0,0.0,0.0,0.0,0.0,0.0019,0.0148,0.0,0.0,9e-05,0.0,0.0,0.0274,0.0,0.0,0.0,0.0,0.0001,0.0,0.0002,0.0,0.0774,0.0,14.8,654.0,614.0,2
849.0,Solutionised  + Artificially peak aged,0.0,0.8762200000000001,0.0,0.0,0.0,0.0,0.0,0.0019,0.0155,0.0,0.0,0.0002,0.0,0.0,0.0276,0.0,0.0,0.0,0.0,8e-05,0.0,0.0001,0.0,0.0784,0.0,14.1,643.0,602.0,2
850.0,Solutionised  + Artificially peak aged,0.0,0.8762200000000001,0.0,0.0,0.0,0.0,0.0,0.0019,0.0155,0.0,0.0,0.0002,0.0,0.0,0.0276,0.0,0.0,0.0,0.0,8e-05,0.0,0.0001,0.0,0.0784,0.0,14.1,643.0,602.0,2
851.0,Solutionised  + Artificially peak aged,0.0,0.8762,0.0,0.0,0.0,0.0,0.0,0.0,0.0206,0.0,0.0,0.001,0.0,0.0,0.0399,0.001,0.0,0.0,0.0,0.0012,0.0,0.0,0.0,0.0601,0.0,4.0,556.0,499.0,2
852.0,Solutionised  + Artificially peak aged,0.0,0.8762,0.0,0.0,0.0,0.0,0.0,0.0,0.0206,0.0,0.0,0.001,0.0,0.0,0.0399,0.001,0.0,0.0,0.0,0.0012,0.0,0.0,0.0,0.0601,0.0,6.8,538.0,441.0,2
853.0,Solutionised  + Artificially peak aged,0.0,0.872,0.0,0.0,0.0,0.0,0.0,0.003,0.021,0.0,0.0,0.0,0.0,0.0,0.03,0.0,0.0,0.0,0.0,0.0,0.0,0.0,0.0,0.074,0.0,9.0,675.686186,627.4228870000002,2
854.0,Solutionised  + Artificially peak aged,0.0,0.8682,0.0,0.0,0.0,0.0,0.0,0.0023,0.02,0.0,0.0,0.005,0.0,0.0,0.0275,0.003,0.0,0.0,0.0,0.004,0.0,0.002,0.0,0.068,0.0,11.0,590.0,521.0,2
855.0,Solutionised  + Artificially peak aged,0.0,0.8682,0.0,0.0,0.0,0.0,0.0,0.0023,0.02,0.0,0.0,0.005,0.0,0.0,0.0275,0.003,0.0,0.0,0.0,0.004,0.0,0.002,0.0,0.068,0.0,11.0,590.0,521.0,2
856.0,Solutionised  + Artificially peak aged,0.0,0.86785,0.0,0.0,0.0,0.0,0.0,0.00265,0.02,0.0,0.0,0.005,0.0,0.0,0.0275,0.003,0.0,0.0,0.0,0.004,0.0,0.002,0.0,0.068,0.0,10.0,610.0,,2
857.0,Solutionised  + Artificially peak aged,0.0,0.865,0.0,0.0,0.0,0.0,0.0,0.0,0.012,0.0,0.0,0.0,0.0,0.0,0.031,0.0,0.0,0.0,0.0,0.0,0.0,0.0,0.0,0.09,0.002,5.0,786.0,727.0,2
858.0,Solutionised  + Artificially peak aged,0.0,0.86445,0.0,0.0,0.0,0.0,0.0,0.00265,0.021,0.0,0.0,0.0004,0.0,0.0,0.03,0.002,0.0,0.0,0.0,0.0035,0.0,0.002,0.0,0.074,0.0,9.0,675.0,,2
859.0,Solutionised  + Artificially peak aged,0.0,0.861,0.0,0.0,0.0,0.0,0.0,0.0,0.025,0.0,0.0,0.0005,0.0,0.0,0.026,0.0,0.0,0.0,0.0,0.0005,0.0,0.0,0.0,0.087,0.0,12.0,677.0,634.0,2
860.0,Solutionised  + Artificially peak aged,0.0,0.861,0.0,0.0,0.0,0.0,0.0,0.0,0.025,0.0,0.0,0.0005,0.0,0.0,0.026,0.0,0.0,0.0,0.0,0.0005,0.0,0.0,0.0,0.087,0.0,12.0,677.0,634.0,2
861.0,Solutionised  + Artificially peak aged,0.0,0.8574,0.0,0.0,0.0,0.0,0.0,0.0,0.012,0.0,0.0,0.0,0.0,0.0,0.027,0.0,0.0,0.0,0.0,0.0,0.0,0.0,0.0,0.102,0.0016,5.0,794.0,728.0,2
862.0,Solutionised  + Artificially peak aged,0.0,0.8571,0.0,0.0,0.0,0.0,0.0,0.0025,0.011,0.0,0.0,0.0,0.0,0.0,0.0279999999999999,0.0,0.0,0.0,0.0,0.0,0.0,0.0,0.0,0.1,0.0014,8.4,785.0,729.0,2
863.0,Solutionised  + Artificially peak aged,0.0,0.8555,0.0,0.0,0.0,0.0,0.0,0.0,0.012,0.0,0.0,0.0,0.0,0.0,0.0279999999999999,0.0,0.0,0.0,0.0,0.0,0.0,0.0,0.0,0.103,0.0015,6.4,758.0,696.0,2
864.0,Solutionised  + Artificially peak aged,0.0,0.8506,0.0,0.0,0.0,0.0,0.0,0.0,0.013,0.0,0.0,0.0,0.0,0.0,0.027,0.0,0.0,0.0,0.0049,0.0,0.0,0.0,0.0,0.103,0.0015,8.7,793.0,738.0,2
865.0,Solutionised  + Artificially peak aged,0.0,0.8502,0.0,0.0,0.0,0.0,0.0,0.0,0.013,0.0,0.0,0.0,0.0,0.0,0.0289999999999999,0.0,0.0,0.0,0.0043,0.0,0.0,0.0,0.0,0.102,0.0015,8.6,782.0,721.0,2
866.0,Solutionised  + Artificially peak aged,0.0,0.85,0.0,0.0,0.0,0.0,0.0,0.0,0.009,0.0,0.0,0.0,0.0,0.0,0.01,0.0,0.009,0.0,0.0,0.122,0.0,0.0,0.0,0.0,0.0,,380.0,315.0,2
867.0,Solutionised  + Artificially peak aged,0.0,0.8491,0.0,0.0,0.0,0.0,0.0,0.0028,0.011,0.0,0.0,0.0,0.0,0.0,0.031,0.0,0.0,0.0,0.0045,0.0,0.0,0.0,0.0,0.1,0.0016,10.7,775.0,742.0,2
868.0,Solutionised  + Artificially peak aged,0.0,0.8490000000000001,0.0,0.0,0.0,0.0,0.0,0.0,0.009,0.0,0.0,0.0,0.0,0.0,0.011,0.0,0.009,0.0,0.0,0.122,0.0,0.0,0.0,0.0,0.0,9.0,379.211635,317.1588220000001,2
869.0,Solutionised  + Artificially peak aged,0.0,0.845,0.0,0.0,0.0,0.0,0.0,0.0,0.012,0.0,0.0,0.0,0.0,0.0,0.033,0.0,0.0,0.0,0.0,0.0,0.0,0.0,0.0,0.11,0.0,,554.0,,2
870.0,Solutionised  + Artificially peak aged,0.0,0.8396,0.0,0.0,0.0,0.0,0.0,0.0,0.012,0.0,0.0,0.0,0.0,0.0,0.035,0.0,0.0,0.0,0.0039,0.0,0.0,0.0,0.0,0.108,0.0015,10.0,790.0,748.0,2
871.0,Solutionised  + Artificially peak aged,0.0,0.8288,0.0,0.0,0.0,0.0,0.0,0.0,0.012,0.0,0.0,0.0,0.0,0.0,0.033,0.0,0.0,0.0,0.0049,0.0,0.0,0.0,0.0,0.12,0.0013,5.8,820.0,790.0,2
872.0,Solutionised  + Artificially peak aged,0.0,0.7995,0.0,0.0,0.0,0.0,0.0,0.0,0.0025,0.0,0.0,0.0025,0.0,0.0,0.0095,0.003,0.0,0.0,0.0,0.18,0.0,0.002,0.0,0.001,0.0,1.0,209.0,195.0,2
873.0,Solutionised  + Artificially peak aged,0.0,0.795,0.0,0.0,0.0,0.0,0.0,0.0,0.0025,0.0,0.0,0.006,0.0,0.0,0.0105,0.003,0.0,0.0,0.0,0.18,0.0,0.002,0.0,0.001,0.0,1.2,271.0,257.0,2
874.0,Solutionised  + Artificially peak aged,0.0,0.758,0.0,0.0,0.0,0.0,0.0,0.0,0.0025,0.0,0.0,0.0025,0.0,0.0,0.011,0.003,0.0,0.0,0.0,0.22,0.0,0.002,0.0,0.001,0.0,0.5,229.0,229.0,2
875.0,Solutionised  + Artificially peak aged,0.0,0.7545,0.0,0.0,0.0,0.0,0.0,0.0,0.0025,0.0,0.0,0.006,0.0,0.0,0.011,0.003,0.0,0.0,0.0,0.22,0.0,0.002,0.0,0.001,0.0,0.5,257.0,257.0,2
876.0,Solutionised  + Artificially peak aged,0.0,0.9699,0.0,0.0,0.0,0.0,0.0,0.0,0.0,0.0,0.0,0.0007,0.0,0.0276,0.0,0.0,0.0,0.0,0.0,0.0004,0.0,0.0,0.0,0.0,0.0014,2.0,463.0,438.0,2
877.0,Solutionised  + Artificially peak aged,0.0,0.9699,0.0,0.0,0.0,0.0,0.0,0.0,0.0,0.0,0.0,0.0007,0.0,0.0276,0.0,0.0,0.0,0.0,0.0,0.0004,0.0,0.0,0.0,0.0,0.0014,2.0,463.0,438.0,2
878.0,Solutionised  + Artificially peak aged,0.0,0.9235,0.0001,0.0,0.0,0.0,0.0,0.0,0.0,0.0,0.0,0.0007,0.0,0.0,0.0041,0.0,0.0,0.0,0.0,0.0702,0.0,0.0014,0.0,0.0,0.0,2.0,192.3,180.2,2
879.0,Solutionised  + Artificially peak aged,0.0,0.9186,0.0001,0.0,0.0,0.0,0.0,0.0,0.0,0.0041,0.0,0.0008,0.0,0.0,0.0032,0.0,0.0,0.0,0.0,0.0721,0.0,0.0011,0.0,0.0,0.0,1.1,205.0,200.6,2
880.0,Solutionised  + Artificially peak aged,0.0,0.9181,0.0001,0.0,0.0,0.0,0.0,0.0,0.0,0.0022,0.0,0.0008,0.0,0.0,0.0036,0.0,0.0,0.0,0.0,0.0738,0.0,0.0014,0.0,0.0,0.0,5.1,234.3,221.1,2
881.0,Solutionised  + Artificially peak aged,0.0,0.9235,0.0001,0.0,0.0,0.0,0.0,0.0,0.0,0.0,0.0,0.0007,0.0,0.0,0.0041,0.0,0.0,0.0,0.0,0.0702,0.0,0.0014,0.0,0.0,0.0,2.1,176.9,169.0,2
882.0,Solutionised  + Artificially peak aged,0.0,0.9186,0.0001,0.0,0.0,0.0,0.0,0.0,0.0,0.0041,0.0,0.0008,0.0,0.0,0.0032,0.0,0.0,0.0,0.0,0.0721,0.0,0.0011,0.0,0.0,0.0,2.5,195.2,193.9,2
883.0,Solutionised  + Artificially peak aged,0.0,0.9181,0.0001,0.0,0.0,0.0,0.0,0.0,0.0,0.0022,0.0,0.0008,0.0,0.0,0.0036,0.0,0.0,0.0,0.0,0.0738,0.0,0.0014,0.0,0.0,0.0,5.5,220.6,214.8,2
884.0,Solutionised  + Artificially peak aged,0.0,0.9226,0.0001,0.0,0.0,0.0,0.0,0.0,0.0,0.0,0.0,0.0007,0.0,0.0,0.0041,0.0,0.0,0.0,0.0,0.0711,0.0,0.0014,0.0,0.0,0.0,1.3,247.9,213.2,2
885.0,Solutionised  + Artificially peak aged,0.0,0.9207,0.0001,0.0,0.0,0.0,0.0,0.0,0.0,0.0041,0.0,0.0008,0.0,0.0,0.0032,0.0,0.0,0.0,0.0,0.07,0.0,0.0011,0.0,0.0,0.0,1.1,224.2,218.6,2
886.0,Solutionised  + Artificially peak aged,0.0,0.9165,0.0001,0.0,0.0,0.0,0.0,0.0,0.0,0.0022,0.0,0.0008,0.0,0.0,0.0036,0.0,0.0,0.0,0.0,0.0754,0.0,0.0014,0.0,0.0,0.0,4.5,280.9,255.5,2
887.0,Solutionised  + Artificially peak aged,0.0,0.9475,0.0,0.0,0.0,0.0,0.0,0.0,0.023,0.0,0.0,0.0,0.0,0.0,0.016,0.0,0.01,0.0,0.0,0.0018,0.0,0.0017,0.0,0.0,0.0,,440.0,370.0,2
888.0,Solutionised  + Artificially peak aged,0.0,0.942,0.0,0.0,0.0,0.0,0.0,0.0,0.023,0.0,0.0,0.01,0.0,0.0,0.015,0.0,0.01,0.0,0.0,0.0,0.0,0.0,0.0,0.0,0.0,10.0,434.369691,372.316878,2
889.0,Solutionised  + Artificially peak aged,0.0,0.937015358,0.0,0.0,0.0,0.0,0.0,0.0,0.023012657,0.0,0.0,0.011006053,0.0,0.0,0.01550853,0.0,0.010505778,0.0,0.0,0.001750963,0.0,0.000700385,0.0,0.000500275,0.0,8.5,420.0,350.0,2
890.0,Solutionised  + Artificially peak aged,0.0,0.93655,0.0,0.0,0.0,0.0,0.0,0.0,0.023,0.0,0.0,0.011,0.0,0.0,0.0155,0.0,0.0105,0.0,0.0,0.00175,0.0,0.0007,0.0,0.001,0.0,10.0,435.0,,2
891.0,Solutionised  + Artificially peak aged,0.0,0.933,0.0,0.0,0.0,0.0,0.0,0.0,0.04,0.0,0.0,0.0,0.0,0.0,0.0069999999999999,0.0,0.02,0.0,0.0,0.0,0.0,0.0,0.0,0.0,0.0,21.0,420.0,315.0,2
892.0,Solutionised  + Artificially peak aged,0.0,0.9275,0.0,0.0,0.0,0.0,0.0,0.002,0.0,0.0,0.0,0.0,0.0,0.0,0.0279999999999999,0.0025,0.0,0.0,0.0,0.0,0.0,0.0,0.0,0.04,0.0,13.0,413.68542,344.73785,2
893.0,Solutionised  + Artificially peak aged,0.0,0.9185,0.0,0.0,0.0,0.0,0.0,0.002,0.001,0.0,0.0,0.004,0.0,0.0,0.0279999999999999,0.0025,0.0,0.0,0.0,0.003,0.0,0.001,0.0,0.04,0.0,13.0,415.0,,2
894.0,Solutionised  + Artificially peak aged,0.0,0.9028,0.0,0.0,0.0,0.0,0.0,0.0022,0.016,0.0,0.0,0.0,0.0,0.0,0.022,0.0,0.0,0.0,0.0,0.0,0.0,0.0,0.0,0.057,0.0,11.0,565.0,490.0,2
895.0,Solutionised  + Artificially peak aged,0.0,0.9028,0.0,0.0,0.0,0.0,0.0,0.0022,0.016,0.0,0.0,0.0,0.0,0.0,0.022,0.0,0.0,0.0,0.0,0.0,0.0,0.0,0.0,0.057,0.0,12.0,515.0,450.0,2
896.0,Solutionised  + Artificially peak aged,0.0,0.901085706,0.0,0.0,0.0,0.0,0.0,0.0021513979999999,0.015510082,0.0,0.0,0.00060039,0.0,0.0,0.022514635,0.000300195,0.0,0.0,0.0,0.000500325,0.0,0.000300195,0.0,0.057037074,0.0,9.75,501.0,434.5,2
897.0,Solutionised  + Artificially peak aged,0.0,0.898,0.0,0.0,0.0,0.0,0.0,0.0,0.006,0.0,0.0,0.0,0.0,0.0,0.016,0.005,0.0,0.0,0.0,0.0,0.0,0.0,0.0,0.075,0.0,14.0,510.212018,468.843476,2
898.0,Solutionised  + Artificially peak aged,0.0,0.9275,0.0,0.0,0.0,0.0,0.0,0.002,0.0,0.0,0.0,0.0,0.0,0.0,0.0279999999999999,0.0025,0.0,0.0,0.0,0.0,0.0,0.0,0.0,0.04,0.0,13.0,413.68542,344.73785,2
899.0,Solutionised  + Artificially peak aged,0.0,0.8868868870000001,0.0,0.0,0.0,0.0,0.0,0.0002002,0.022022022,0.0,0.0,0.000750751,0.0,0.0,0.023523524,0.000500501,0.0,0.0,0.0,0.000600601,0.0,0.0003003,0.0,0.064064064,0.001151151,9.75,609.5,551.5,2
900.0,Solutionised  + Artificially peak aged,0.0,0.8868868870000001,0.0,0.0,0.0,0.0,0.0,0.0002002,0.022022022,0.0,0.0,0.000750751,0.0,0.0,0.023523524,0.000500501,0.0,0.0,0.0,0.000600601,0.0,0.0003003,0.0,0.064064064,0.001151151,8.65,579.0,538.0,2
901.0,Solutionised  + Artificially peak aged,0.0,0.977782226,0.0,0.0,0.0,0.0,0.0,0.0005003999999999,0.00060048,0.0,0.0,0.001251001,0.0,0.0,0.005754604,0.00060048,0.0,0.0,0.0,0.0115092069999999,0.0,0.0007506,0.0,0.001251001,0.0,12.0,325.0,290.5,2
902.0,Solutionised  + Artificially peak aged,0.0,0.974731048,0.0,0.0,0.0,0.0,0.0,0.000500375,0.009006755,0.0,0.0,0.002001501,0.0,0.0,0.003752815,0.001501126,0.0,0.0,0.0,0.006504879,0.0,0.000500375,0.000250188,0.001250938,0.0,13.0,300.0,240.0,2
903.0,Solutionised  + Artificially peak aged,0.0,0.973229922,0.0,0.0,0.0,0.0,0.0,0.000750563,0.010007506,0.0,0.0,0.002501876,0.0,0.0,0.007005254,0.002501876,0.0,0.0,0.0,0.002501876,0.0,0.0,0.0,0.001501126,0.0,15.0,270.5,200.0,2
904.0,Solutionised  + Artificially peak aged,0.0,0.973021673,0.0,0.0,0.0,0.0,0.0,0.00195205,0.002752891,0.0,0.0,0.003503679,0.0,0.0,0.010010511,0.000750788,0.0,0.0,0.0,0.006006307,0.0,0.000750788,0.0,0.001251314,0.0,8.5,279.0,253.5,2
905.0,Solutionised  + Artificially peak aged,0.0,0.972472472,0.0,0.0,0.0,0.0,0.0,0.000500501,0.003753754,0.0,0.0,0.0025025029999999,0.0,0.0,0.0060060059999999,0.005005005,0.0,0.0,0.0,0.008008008,0.0,0.000500501,0.0,0.001251251,0.0,11.0,300.0,260.0,2
906.0,Solutionised  + Artificially peak aged,0.0,0.97047047,0.0,0.0,0.0,0.0,0.0,0.000500501,0.0070070069999999,0.0,0.0,0.002002002,0.0,0.0,0.007507508,0.0027527529999999,0.0,0.0,0.0,0.008508509,0.0,0.000500501,0.0,0.000750751,0.0,11.0,360.0,320.0,2
907.0,Solutionised  + Artificially peak aged,0.0,0.96024006,0.0,0.0,0.0,0.0,0.0,0.001250313,0.009002251,0.0,0.0,0.00100025,0.0,0.0,0.009002251,0.005501375,0.0,0.0,0.0,0.010002501,0.0,0.0,0.0,0.004001,0.0,6.78,389.0,366.0,2
908.0,Solutionised  + Artificially peak aged,0.0,0.9334,0.0,0.0,0.0,0.0,0.0,0.0,0.063,0.0,0.0,0.0,0.0,0.0,0.0,0.003,0.0,0.0,0.0,0.0,0.0,0.0006,0.0,0.0,0.0,10.0,415.0,290.0,2
909.0,Solutionised  + Artificially peak aged,0.0,0.9315,0.0,0.0,0.0,0.0,0.0,0.0,0.063,0.0,0.0,0.0,0.0,0.0,0.0,0.003,0.0,0.0,0.0,0.0,0.0,0.0,0.001,0.0,0.0015,10.0,413.68542,289.579794,2
910.0,Solutionised  + Artificially peak aged,0.0,0.927963982,0.0,0.0,0.0,0.0,0.0,0.00050025,0.043521761,0.0,0.0,0.002501251,0.0,0.0,0.015007504,0.0060030019999999,0.0,0.0,0.0,0.002501251,0.0,0.000750375,0.0,0.001250625,0.0,5.405,436.0,333.5,2
911.0,Solutionised  + Artificially peak aged,0.0,0.927927928,0.0,0.0,0.0,0.0,0.0,0.000500501,0.044544545,0.0,0.0,0.003503504,0.0,0.0,0.005005005,0.008008008,0.0,0.0,0.0,0.008508509,0.0,0.000750751,0.0,0.001251251,0.0,4.5,431.0,390.0,2
912.0,Solutionised  + Artificially peak aged,0.0,0.927473848,0.0,0.0,0.0,0.0,0.0,0.0,0.06306622,0.0,0.0,0.001501577,0.0,0.0,0.000100105,0.0030031529999999,0.0,0.0,0.0,0.001001051,0.0,0.000600631,0.001001051,0.0005005259999999,0.001751839,7.0,391.5,261.0,2
913.0,Solutionised  + Artificially peak aged,0.0,0.92445,0.0,0.0,0.0,0.0,0.0,0.0,0.063,0.0,0.0,0.003,0.0,0.0,0.0002,0.003,0.0,0.0,0.0,0.002,0.0,0.0006,0.001,0.001,0.00175,10.0,415.0,,2
914.0,Solutionised  + Artificially peak aged,0.0,0.893625538,0.0,0.0,0.0,0.0,0.0,0.002301611,0.016011208,0.0,0.0,0.002501751,0.0,0.0,0.025017512,0.001501051,0.0,0.0,0.0,0.002001401,0.0,0.0010007,0.0,0.056039227,0.0,6.0,506.5,424.0,2
915.0,Solutionised  + Artificially peak aged,0.0,0.924,0.0,0.0,0.0,0.0,0.0,0.0019,0.0,0.0,0.0,0.0,0.0,0.0,0.0287,0.0024,0.0,0.0,0.0,0.0,0.0,0.0,0.0,0.043,0.0,11.0,456.0,395.0,2
916.0,Solutionised  + Artificially peak aged,0.0,0.924,0.0,0.0,0.0,0.0,0.0,0.0019,0.0,0.0,0.0,0.0,0.0,0.0,0.0287,0.0024,0.0,0.0,0.0,0.0,0.0,0.0,0.0,0.043,0.0,11.0,456.0,395.0,2
917.0,Solutionised  + Artificially peak aged,0.0,0.9795,0.0,0.0,0.0,0.0,0.0,0.002,0.0025,0.0,0.0,0.0,0.0,0.0,0.01,0.0,0.0,0.0,0.0,0.006,0.0,0.0,0.0,0.0,0.0,12.0,310.264065,275.79028,2
918.0,Solutionised  + Artificially peak aged,0.0,0.9792,0.0,0.0,0.0,0.0,0.0,0.002,0.0028,0.0,0.0,0.0,0.0,0.0,0.01,0.0,0.0,0.0,0.0,0.006,0.0,0.0,0.0,0.0,0.0,12.0,310.0,275.0,2
919.0,Solutionised  + Artificially peak aged,0.0,0.978,0.0,0.0,0.0,0.0,0.0,0.0,0.0,0.0,0.0,0.0,0.0,0.0,0.006,0.006,0.0,0.0,0.0,0.01,0.0,0.0,0.0,0.0,0.0,13.0,337.843093,296.474551,2
920.0,Solutionised  + Artificially peak aged,0.0,0.973021673,0.0,0.0,0.0,0.0,0.0,0.00195205,0.002752891,0.0,0.0,0.003503679,0.0,0.0,0.010010511,0.000750788,0.0,0.0,0.0,0.006006307,0.0,0.000750788,0.0,0.001251314,0.0,12.2,297.0,261.0,2
921.0,Solutionised  + Artificially peak aged,0.0,0.958,0.0,0.0,0.0,0.0,0.0,0.0,0.009,0.0,0.0,0.0,0.0,0.0,0.011,0.009,0.0,0.0,0.0,0.013,0.0,0.0,0.0,0.0,0.0,12.0,393.001149,358.5273640000001,2
922.0,Solutionised  + Artificially peak aged,0.0,0.957,0.0,0.0,0.0,0.0,0.0,0.0,0.01,0.0,0.0,0.0,0.0,0.0,0.011,0.008,0.0,0.0,0.0,0.0139999999999999,0.0,0.0,0.0,0.0,0.0,,395.0,360.0,2
923.0,Solutionised  + Artificially peak aged,0.0,0.935,0.0,0.0,0.0,0.0,0.0,0.0,0.044,0.0,0.0,0.0,0.0,0.0,0.005,0.008,0.0,0.0,0.0,0.008,0.0,0.0,0.0,0.0,0.0,,485.0,415.0,2
924.0,Solutionised  + Artificially peak aged,0.0,0.9343,0.0,0.0,0.0,0.002,0.0,0.0,0.0446,0.0,0.0,0.002,0.0,0.0108,0.0,0.0052,0.0,0.0,0.0,0.0009,0.0,0.0002,0.0,0.0,0.0,5.3,547.0,517.0,2
925.0,Solutionised  + Artificially peak aged,0.0,0.9343,0.0,0.0,0.0,0.002,0.0,0.0,0.0446,0.0,0.0,0.002,0.0,0.0108,0.0,0.0052,0.0,0.0,0.0,0.0009,0.0,0.0002,0.0,0.0,0.0,5.3,547.0,517.0,2
926.0,Solutionised  + Artificially peak aged,0.0,0.934,0.0,0.0,0.0,0.0,0.0,0.0,0.044,0.0,0.0,0.0,0.0,0.0,0.005,0.008,0.0,0.0,0.0,0.009,0.0,0.0,0.0,0.0,0.0,13.0,482.63299000000006,413.68542,2
927.0,Solutionised  + Artificially peak aged,0.0,0.927927928,0.0,0.0,0.0,0.0,0.0,0.000500501,0.044544545,0.0,0.0,0.003503504,0.0,0.0,0.005005005,0.008008008,0.0,0.0,0.0,0.008508509,0.0,0.000750751,0.0,0.001251251,0.0,4.0,438.0,379.0,2
928.0,Solutionised  + Artificially peak aged,0.0,0.914,0.0,0.0,0.0,0.0,0.0,0.002,0.006,0.0,0.0,0.0,0.0,0.0,0.033,0.002,0.0,0.0,0.0,0.0,0.0,0.0,0.0,0.043,0.0,14.0,537.791046,468.843476,2
929.0,Solutionised  + Artificially peak aged,0.0,0.9085,0.0,0.0,0.0,0.0,0.0,0.0015,0.006,0.0,0.0,0.004,0.0,0.0,0.032,0.002,0.0,0.0,0.0,0.003,0.0,0.0,0.0,0.043,0.0,14.0,540.0,470.0,2
930.0,Solutionised  + Artificially peak aged,0.0,0.9085,0.0,0.0,0.0,0.0,0.0,0.0015,0.006,0.0,0.0,0.004,0.0,0.0,0.032,0.002,0.0,0.0,0.0,0.003,0.0,0.0,0.0,0.043,0.0,14.0,540.0,470.0,2
931.0,Solutionised  + Artificially peak aged,0.0,0.9028,0.0,0.0,0.0,0.0,0.0,0.0022,0.016,0.0,0.0,0.0,0.0,0.0,0.022,0.0,0.0,0.0,0.0,0.0,0.0,0.0,0.0,0.057,0.0,,530.0,460.0,2
932.0,Solutionised  + Artificially peak aged,0.0,0.9028,0.0,0.0,0.0,0.0,0.0,0.0022,0.016,0.0,0.0,0.0,0.0,0.0,0.022,0.0,0.0,0.0,0.0,0.0,0.0,0.0,0.0,0.057,0.0,,585.0,510.0,2
933.0,Solutionised  + Artificially peak aged,0.0,0.901085706,0.0,0.0,0.0,0.0,0.0,0.0021513979999999,0.015510082,0.0,0.0,0.00060039,0.0,0.0,0.022514635,0.000300195,0.0,0.0,0.0,0.000500325,0.0,0.000300195,0.0,0.057037074,0.0,9.75,559.0,486.5,2
934.0,Solutionised  + Artificially peak aged,0.0,0.9007,0.0,0.0,0.0,0.0,0.0,0.0023,0.016,0.0,0.0,0.0,0.0,0.0,0.025,0.0,0.0,0.0,0.0,0.0,0.0,0.0,0.0,0.0559999999999999,0.0,11.0,570.0,505.0,2
935.0,Solutionised  + Artificially peak aged,0.0,0.9,0.0,0.0,0.0,0.0,0.0,0.003,0.016,0.0,0.0,0.0,0.0,0.0,0.025,0.0,0.0,0.0,0.0,0.0,0.0,0.0,0.0,0.0559999999999999,0.0,11.0,572.264831,503.317261,2
936.0,Solutionised  + Artificially peak aged,0.0,0.893625538,0.0,0.0,0.0,0.0,0.0,0.002301611,0.016011208,0.0,0.0,0.002501751,0.0,0.0,0.025017512,0.001501051,0.0,0.0,0.0,0.002001401,0.0,0.0010007,0.0,0.056039227,0.0,6.0,486.5,420.5,2
937.0,Solutionised  + Artificially peak aged,0.0,0.8867,0.0,0.0,0.0,0.0,0.0,0.0023,0.016,0.0,0.0,0.005,0.0,0.0,0.025,0.003,0.0,0.0,0.0,0.004,0.0,0.002,0.0,0.0559999999999999,0.0,6.0,572.0,503.0,2
938.0,Solutionised  + Artificially peak aged,0.0,0.8867,0.0,0.0,0.0,0.0,0.0,0.0023,0.016,0.0,0.0,0.005,0.0,0.0,0.025,0.003,0.0,0.0,0.0,0.004,0.0,0.002,0.0,0.0559999999999999,0.0,11.0,,510.0,2
939.0,Solutionised  + Artificially peak aged,0.0,0.8867,0.0,0.0,0.0,0.0,0.0,0.0023,0.016,0.0,0.0,0.005,0.0,0.0,0.025,0.003,0.0,0.0,0.0,0.004,0.0,0.002,0.0,0.0559999999999999,0.0,6.0,572.0,503.0,2
940.0,Solutionised  + Artificially peak aged,0.0,0.882,0.0,0.0,0.0,0.0,0.0,0.003,0.02,0.0,0.0,0.0,0.0,0.0,0.027,0.0,0.0,0.0,0.0,0.0,0.0,0.0,0.0,0.068,0.0,10.0,606.738616,537.791046,2
941.0,Solutionised  + Artificially peak aged,0.0,0.8817,0.0,0.0,0.0,0.0,0.0,0.0023,0.02,0.0,0.0,0.0,0.0,0.0,0.0279999999999999,0.0,0.0,0.0,0.0,0.0,0.0,0.0,0.0,0.068,0.0,10.0,605.0,540.0,2
942.0,Solutionised  + Artificially peak aged,0.0,0.872,0.0,0.0,0.0,0.0,0.0,0.003,0.021,0.0,0.0,0.0,0.0,0.0,0.03,0.0,0.0,0.0,0.0,0.0,0.0,0.0,0.0,0.074,0.0,9.0,675.686186,627.4228870000002,2
943.0,Solutionised  + Artificially peak aged,0.0,0.973021673,0.0,0.0,0.0,0.0,0.0,0.00195205,0.002752891,0.0,0.0,0.003503679,0.0,0.0,0.010010511,0.000750788,0.0,0.0,0.0,0.006006307,0.0,0.000750788,0.0,0.001251314,0.0,12.2,297.0,261.0,2
944.0,Solutionised  + Artificially peak aged,0.0,0.893625538,0.0,0.0,0.0,0.0,0.0,0.002301611,0.016011208,0.0,0.0,0.002501751,0.0,0.0,0.025017512,0.001501051,0.0,0.0,0.0,0.002001401,0.0,0.0010007,0.0,0.056039227,0.0,6.5,510.0,445.0,2
945.0,Solutionised  + Artificially peak aged,0.0,0.973021673,0.0,0.0,0.0,0.0,0.0,0.00195205,0.002752891,0.0,0.0,0.003503679,0.0,0.0,0.010010511,0.000750788,0.0,0.0,0.0,0.006006307,0.0,0.000750788,0.0,0.001251314,0.0,12.2,297.0,261.0,2
946.0,Solutionised  + Artificially peak aged,0.0,0.927927928,0.0,0.0,0.0,0.0,0.0,0.000500501,0.044544545,0.0,0.0,0.003503504,0.0,0.0,0.005005005,0.008008008,0.0,0.0,0.0,0.008508509,0.0,0.000750751,0.0,0.001251251,0.0,4.0,438.0,379.0,2
947.0,Solutionised  + Artificially peak aged,0.0,0.893625538,0.0,0.0,0.0,0.0,0.0,0.002301611,0.016011208,0.0,0.0,0.002501751,0.0,0.0,0.025017512,0.001501051,0.0,0.0,0.0,0.002001401,0.0,0.0010007,0.0,0.056039227,0.0,6.5,510.0,445.0,2
948.0,Solutionised  + Artificially peak aged,0.0,0.973021673,0.0,0.0,0.0,0.0,0.0,0.00195205,0.002752891,0.0,0.0,0.003503679,0.0,0.0,0.010010511,0.000750788,0.0,0.0,0.0,0.006006307,0.0,0.000750788,0.0,0.001251314,0.0,12.2,297.0,261.0,2
949.0,Solutionised  + Artificially peak aged,0.0,0.927927928,0.0,0.0,0.0,0.0,0.0,0.000500501,0.044544545,0.0,0.0,0.003503504,0.0,0.0,0.005005005,0.008008008,0.0,0.0,0.0,0.008508509,0.0,0.000750751,0.0,0.001251251,0.0,4.5,427.5,369.0,2
950.0,Solutionised  + Artificially peak aged,0.0,0.893625538,0.0,0.0,0.0,0.0,0.0,0.002301611,0.016011208,0.0,0.0,0.002501751,0.0,0.0,0.025017512,0.001501051,0.0,0.0,0.0,0.002001401,0.0,0.0010007,0.0,0.056039227,0.0,5.0,493.0,417.0,2
951.0,Solutionised  + Artificially peak aged,0.0,0.89785296,0.0,0.0,0.0,0.0,0.0,0.002302187,0.016015214,0.0,0.0,0.001000951,0.0,0.0,0.025023773,0.000500475,0.0,0.0,0.0,0.000750713,0.0,0.000500475,0.0,0.056053251,0.0,5.5,562.0,489.5,2
952.0,Solutionised + Artificially over aged,0.0,0.9705,0.0,0.0,0.0,0.0,0.001,0.0,0.0,0.0,0.0,0.0,0.0,0.0285,0.0,0.0,0.0,0.0,0.0,0.0,0.0,0.0,0.0,0.0,0.0,7.0,308.0,180.0,3
953.0,Solutionised + Artificially over aged,0.0,0.9705,0.0,0.0,0.0,0.0,0.001,0.0,0.0,0.0,0.0,0.0,0.0,0.0285,0.0,0.0,0.0,0.0,0.0,0.0,0.0,0.0,0.0,0.0,0.0,7.0,308.0,180.0,3
954.0,Solutionised + Artificially over aged,0.0,0.9675,0.0,0.0,0.0,0.0,0.004,0.0,0.0,0.0,0.0,0.0,0.0,0.0285,0.0,0.0,0.0,0.0,0.0,0.0,0.0,0.0,0.0,0.0,0.0,9.0,336.0,189.0,3
955.0,Solutionised + Artificially over aged,0.0,0.9675,0.0,0.0,0.0,0.0,0.004,0.0,0.0,0.0,0.0,0.0,0.0,0.0285,0.0,0.0,0.0,0.0,0.0,0.0,0.0,0.0,0.0,0.0,0.0,9.0,336.0,189.0,3
956.0,Solutionised + Artificially over aged,0.0,0.9635,0.0,0.0,0.0,0.0,0.008,0.0,0.0,0.0,0.0,0.0,0.0,0.0285,0.0,0.0,0.0,0.0,0.0,0.0,0.0,0.0,0.0,0.0,0.0,10.0,348.0,205.0,3
957.0,Solutionised + Artificially over aged,0.0,0.9635,0.0,0.0,0.0,0.0,0.008,0.0,0.0,0.0,0.0,0.0,0.0,0.0285,0.0,0.0,0.0,0.0,0.0,0.0,0.0,0.0,0.0,0.0,0.0,10.0,348.0,205.0,3
958.0,Solutionised + Artificially over aged,0.0037,0.9344,0.0,0.0,0.0,0.0,0.0,0.0,0.045,0.0,0.0,0.0003,0.0,0.0116,0.0036,0.0,0.0,0.0,0.0,0.0001,0.0,0.0,0.0,0.0,0.0013,25.5,480.0,280.0,3
959.0,Solutionised + Artificially over aged,0.0037,0.9344,0.0,0.0,0.0,0.0,0.0,0.0,0.045,0.0,0.0,0.0003,0.0,0.0116,0.0036,0.0,0.0,0.0,0.0,0.0001,0.0,0.0,0.0,0.0,0.0013,25.5,480.0,280.0,3
960.0,Solutionised + Artificially over aged,0.0,0.9323,0.0,0.0,0.0,0.0,0.0,0.0001,0.0399,0.0,0.0,0.0012,0.0,0.0234,0.0002,0.0001,0.0001,0.0,0.0,0.0,0.0,0.0001,0.0,0.0005,0.0021,7.83,540.98,474.21,3
961.0,Solutionised + Artificially over aged,0.0,0.9323,0.0,0.0,0.0,0.0,0.0,0.0001,0.0399,0.0,0.0,0.0012,0.0,0.0234,0.0002,0.0001,0.0001,0.0,0.0,0.0,0.0,0.0001,0.0,0.0005,0.0021,7.83,540.98,474.21,3
962.0,Solutionised + Artificially over aged,0.0,0.932,0.0,0.0,0.0,0.0,0.0,0.0014,0.0,0.0,0.0,0.0012,0.0,0.0,0.0104,0.0022,0.0,0.0,0.0,0.0009,0.0,0.0,0.0,0.0507,0.0012,8.8,451.3,420.29,4
963.0,Solutionised + Artificially over aged,0.0,0.932,0.0,0.0,0.0,0.0,0.0,0.0014,0.0,0.0,0.0,0.0012,0.0,0.0,0.0104,0.0022,0.0,0.0,0.0,0.0009,0.0,0.0,0.0,0.0507,0.0012,8.8,451.3,420.29,4
964.0,Solutionised + Artificially over aged,0.0,0.9251,0.0,0.0,0.0,0.0,0.0,0.0014,0.0,0.0,0.0,0.0014,0.0,0.0,0.0278,0.0023,0.0,0.0,0.0,0.0009,0.0,0.0,0.0,0.0401,0.001,7.8,523.64,482.3,4
965.0,Solutionised + Artificially over aged,0.0,0.9251,0.0,0.0,0.0,0.0,0.0,0.0014,0.0,0.0,0.0,0.0014,0.0,0.0,0.0278,0.0023,0.0,0.0,0.0,0.0009,0.0,0.0,0.0,0.0401,0.001,7.8,523.64,482.3,4
966.0,Solutionised + Artificially over aged,0.0,0.861,0.0,0.0,0.0,0.0,0.0,0.0,0.025,0.0,0.0,0.0005,0.0,0.0,0.026,0.0,0.0,0.0,0.0,0.0005,0.0,0.0,0.0,0.087,0.0,9.0,649.0,610.0,4
967.0,Solutionised + Artificially over aged,0.0,0.861,0.0,0.0,0.0,0.0,0.0,0.0,0.025,0.0,0.0,0.0005,0.0,0.0,0.026,0.0,0.0,0.0,0.0,0.0005,0.0,0.0,0.0,0.087,0.0,9.0,649.0,610.0,4
968.0,Solutionised + Artificially over aged,0.0,0.7995,0.0,0.0,0.0,0.0,0.0,0.0,0.0025,0.0,0.0,0.0025,0.0,0.0,0.0095,0.003,0.0,0.0,0.0,0.18,0.0,0.002,0.0,0.001,0.0,1.0,209.0,195.0,4
969.0,Solutionised + Artificially over aged,0.0,0.795,0.0,0.0,0.0,0.0,0.0,0.0,0.0025,0.0,0.0,0.006,0.0,0.0,0.0105,0.003,0.0,0.0,0.0,0.18,0.0,0.002,0.0,0.001,0.0,1.0,236.0,222.0,4
970.0,Solutionised + Artificially over aged,0.0,0.758,0.0,0.0,0.0,0.0,0.0,0.0,0.0025,0.0,0.0,0.0025,0.0,0.0,0.011,0.003,0.0,0.0,0.0,0.22,0.0,0.002,0.0,0.001,0.0,0.5,181.0,181.0,4
971.0,Solutionised + Artificially over aged,0.0,0.7545,0.0,0.0,0.0,0.0,0.0,0.0,0.0025,0.0,0.0,0.006,0.0,0.0,0.011,0.003,0.0,0.0,0.0,0.22,0.0,0.002,0.0,0.001,0.0,0.5,222.0,222.0,4
972.0,Solutionised + Artificially over aged,0.0,0.927963982,0.0,0.0,0.0,0.0,0.0,0.00050025,0.043521761,0.0,0.0,0.002501251,0.0,0.0,0.015007504,0.0060030019999999,0.0,0.0,0.0,0.002501251,0.0,0.000750375,0.0,0.001250625,0.0,5.405,420.5,324.0,3
973.0,Solutionised + Artificially over aged,0.0,0.925,0.0,0.0,0.0,0.0,0.0,0.0,0.04,0.0,0.0,0.0,0.0,0.0,0.015,0.0,0.02,0.0,0.0,0.0,0.0,0.0,0.0,0.0,0.0,11.0,330.948336,255.106009,3
974.0,Solutionised + Artificially over aged,0.0,0.925,0.0,0.0,0.0,0.0,0.0,0.0,0.04,0.0,0.0,0.0,0.0,0.0,0.015,0.0,0.02,0.0,0.0,0.0,0.0,0.0,0.0,0.0,0.0,,330.0,255.0,3
975.0,Solutionised + Artificially over aged,0.0,0.90524,0.0,0.0,0.0,0.0,0.0,0.0,0.018,0.0,0.0,0.0,0.0,0.0,0.0197,0.0,0.0,0.0,0.0,0.0,0.0,0.0,0.0,0.0556,0.00146,3.6,492.0,448.0,4
976.0,Solutionised + Artificially over aged,0.0,0.9006,0.0,0.0,0.0,0.0,0.0,0.0019,0.0153,0.0,0.0,0.0008,0.0,0.0,0.0224,0.0006,0.0,0.0,0.0,0.0002,0.0,0.0002,0.0,0.0579999999999999,0.0,12.3,517.3,450.2,4
977.0,Solutionised + Artificially over aged,0.0,0.9,0.0,0.0,0.0,0.0,0.0,0.003,0.016,0.0,0.0,0.0,0.0,0.0,0.025,0.0,0.0,0.0,0.0,0.0,0.0,0.0,0.0,0.0559999999999999,0.0,13.0,503.317261,434.369691,4
978.0,Solutionised + Artificially over aged,0.0,0.893625538,0.0,0.0,0.0,0.0,0.0,0.002301611,0.016011208,0.0,0.0,0.002501751,0.0,0.0,0.025017512,0.001501051,0.0,0.0,0.0,0.002001401,0.0,0.0010007,0.0,0.056039227,0.0,5.0,448.0,375.5,4
979.0,Solutionised + Artificially over aged,0.0,0.8905,0.0,0.0,0.0,0.0,0.0,0.0,0.022,0.0,0.0,0.0,0.0,0.0,0.0235,0.0,0.0,0.0,0.0,0.0,0.0,0.0,0.0,0.064,0.0,10.6,550.0,505.0,4
980.0,Solutionised + Artificially over aged,0.0,0.8905,0.0,0.0,0.0,0.0,0.0,0.0,0.022,0.0,0.0,0.0,0.0,0.0,0.0235,0.0,0.0,0.0,0.0,0.0,0.0,0.0,0.0,0.064,0.0,10.6,550.0,505.0,4
981.0,Solutionised + Artificially over aged,0.0,0.8905,0.0,0.0,0.0,0.0,0.0,0.0,0.022,0.0,0.0,0.0,0.0,0.0,0.0235,0.0,0.0,0.0,0.0,0.0,0.0,0.0,0.0,0.064,0.0,10.6,550.0,505.0,4
982.0,Solutionised + Artificially over aged,0.0,0.8814,0.0,0.0,0.0,0.0,0.0,0.0016,0.016,0.0,0.0,0.0,0.0,0.0,0.024,0.0,0.0,0.0,0.0,0.0,0.0,0.0,0.0,0.077,0.0,,515.0,450.0,4
983.0,Solutionised + Artificially over aged,0.0,0.8801100000000001,0.0,0.0,0.0,0.0,0.0,0.0,0.0198,0.0,0.0,0.00055,0.0,0.0,0.0212,0.0,0.0,0.0,0.0,0.0003399999999999,0.0,0.0,0.0,0.0768,0.0012,15.4,557.0,513.0,4
984.0,Solutionised + Artificially over aged,0.0,0.8780707459999999,0.0,0.0,0.0,0.0,0.0,0.001601041,0.015510082,0.0,0.0,0.00100065,0.0,0.0,0.024515935,0.00100065,0.0,0.0,0.0,0.000750488,0.0,0.000500325,0.0,0.0770500829999999,0.0,5.5,482.5,410.0,4
985.0,Solutionised + Artificially over aged,0.0,0.87678911,0.0,0.0,0.0,0.0,0.0,0.001601441,0.015513963,0.0,0.0,0.001751576,0.0,0.0,0.02452207,0.001000901,0.0,0.0,0.0,0.001251126,0.0,0.00050045,0.0,0.077069362,0.0,5.5,482.5,410.0,4
986.0,Solutionised + Artificially over aged,0.0,0.8724,0.0,0.0,0.0,0.0,0.0,0.0016,0.0155,0.0,0.0,0.0035,0.0,0.0,0.0245,0.002,0.0,0.0,0.0,0.0025,0.0,0.001,0.0,0.077,0.0,11.0,530.0,,4
987.0,Solutionised + Artificially over aged,0.0,0.8724,0.0,0.0,0.0,0.0,0.0,0.0016,0.0155,0.0,0.0,0.0035,0.0,0.0,0.0245,0.002,0.0,0.0,0.0,0.0025,0.0,0.001,0.0,0.077,0.0,12.0,517.0,448.0,4
988.0,Solutionised + Artificially over aged,0.0,0.8724,0.0,0.0,0.0,0.0,0.0,0.0016,0.0155,0.0,0.0,0.0035,0.0,0.0,0.0245,0.002,0.0,0.0,0.0,0.0025,0.0,0.001,0.0,0.077,0.0,12.0,517.0,448.0,4
989.0,Solutionised + Artificially over aged,0.0,0.9028,0.0,0.0,0.0,0.0,0.0,0.0022,0.016,0.0,0.0,0.0,0.0,0.0,0.022,0.0,0.0,0.0,0.0,0.0,0.0,0.0,0.0,0.057,0.0,,495.0,420.0,4
990.0,Solutionised + Artificially over aged,0.0,0.901085706,0.0,0.0,0.0,0.0,0.0,0.0021513979999999,0.015510082,0.0,0.0,0.00060039,0.0,0.0,0.022514635,0.000300195,0.0,0.0,0.0,0.000500325,0.0,0.000300195,0.0,0.057037074,0.0,6.5,468.5,386.0,4
991.0,Solutionised + Artificially over aged,0.0,0.89945,0.0,0.0,0.0,0.0,0.0,0.00215,0.0155,0.0,0.0,0.0012,0.0,0.0,0.0225,0.0006,0.0,0.0,0.0,0.001,0.0,0.0006,0.0,0.057,0.0,12.0,545.0,476.0,4
992.0,Solutionised + Artificially over aged,0.0,0.89945,0.0,0.0,0.0,0.0,0.0,0.00215,0.0155,0.0,0.0,0.0012,0.0,0.0,0.0225,0.0006,0.0,0.0,0.0,0.001,0.0,0.0006,0.0,0.057,0.0,12.0,,490.0,4
993.0,Solutionised + Artificially over aged,0.0,0.89945,0.0,0.0,0.0,0.0,0.0,0.00215,0.0155,0.0,0.0,0.0012,0.0,0.0,0.0225,0.0006,0.0,0.0,0.0,0.001,0.0,0.0006,0.0,0.057,0.0,12.0,545.0,476.0,4
994.0,Solutionised + Artificially over aged,0.0,0.893625538,0.0,0.0,0.0,0.0,0.0,0.002301611,0.016011208,0.0,0.0,0.002501751,0.0,0.0,0.025017512,0.001501051,0.0,0.0,0.0,0.002001401,0.0,0.0010007,0.0,0.056039227,0.0,6.5,441.5,362.0,4
995.0,Solutionised + Artificially over aged,0.0,0.8888,0.0,0.0,0.0,0.0,0.0,0.0,0.023,0.0,0.0,0.0015,0.0,0.0,0.0225,0.0,0.0,0.0,0.0,0.0012,0.0,0.0,0.0,0.062,0.001,11.0,552.0,490.0,4
996.0,Solutionised + Artificially over aged,0.0,0.8888,0.0,0.0,0.0,0.0,0.0,0.0,0.023,0.0,0.0,0.0015,0.0,0.0,0.0225,0.0,0.0,0.0,0.0,0.0012,0.0,0.0,0.0,0.062,0.001,11.0,552.0,490.0,4
997.0,Solutionised + Artificially over aged,0.0,0.87678911,0.0,0.0,0.0,0.0,0.0,0.001601441,0.015513963,0.0,0.0,0.001751576,0.0,0.0,0.02452207,0.001000901,0.0,0.0,0.0,0.001251126,0.0,0.00050045,0.0,0.077069362,0.0,5.0,472.0,410.0,4
998.0,Solutionised + Artificially over aged,0.0,0.893625538,0.0,0.0,0.0,0.0,0.0,0.002301611,0.016011208,0.0,0.0,0.002501751,0.0,0.0,0.025017512,0.001501051,0.0,0.0,0.0,0.002001401,0.0,0.0010007,0.0,0.056039227,0.0,7.57,448.0,375.5,4
999.0,Solutionised + Artificially over aged,0.0,0.893,0.0,0.0,0.0,0.0,0.0,0.0,0.023,0.0,0.0,0.0,0.0,0.0,0.022,0.0,0.0,0.0,0.0,0.0,0.0,0.0,0.0,0.062,0.0,,495.0,435.0,4
1000.0,Solutionised + Artificially over aged,0.0,0.89785296,0.0,0.0,0.0,0.0,0.0,0.002302187,0.016015214,0.0,0.0,0.001000951,0.0,0.0,0.025023773,0.000500475,0.0,0.0,0.0,0.000750713,0.0,0.000500475,0.0,0.056053251,0.0,6.0,457.0,383.0,4
1001.0,Solutionised + Artificially over aged,0.0,0.893625538,0.0,0.0,0.0,0.0,0.0,0.002301611,0.016011208,0.0,0.0,0.002501751,0.0,0.0,0.025017512,0.001501051,0.0,0.0,0.0,0.002001401,0.0,0.0010007,0.0,0.056039227,0.0,7.57,448.0,375.5,4
1002.0,Solutionised + Artificially over aged,0.0,0.893,0.0,0.0,0.0,0.0,0.0,0.0,0.023,0.0,0.0,0.0,0.0,0.0,0.022,0.0,0.0,0.0,0.0,0.0,0.0,0.0,0.0,0.062,0.0,,495.0,435.0,4
1003.0,Solutionised + Artificially over aged,0.0,0.8888888890000001,0.0,0.0,0.0,0.0,0.0,0.0002002,0.0230230229999999,0.0,0.0,0.000750751,0.0,0.0,0.022522523,0.000500501,0.0,0.0,0.0,0.000600601,0.0,0.0003003,0.0,0.062062062,0.001151151,8.65,455.0,386.5,4
1004.0,Solutionised + Artificially over aged,0.0,0.8780707459999999,0.0,0.0,0.0,0.0,0.0,0.001601041,0.015510082,0.0,0.0,0.00100065,0.0,0.0,0.024515935,0.00100065,0.0,0.0,0.0,0.000750488,0.0,0.000500325,0.0,0.0770500829999999,0.0,6.0,493.5,421.0,4
1005.0,Solutionised + Artificially over aged,0.0,0.87678911,0.0,0.0,0.0,0.0,0.0,0.001601441,0.015513963,0.0,0.0,0.001751576,0.0,0.0,0.02452207,0.001000901,0.0,0.0,0.0,0.001251126,0.0,0.00050045,0.0,0.077069362,0.0,6.0,493.5,421.0,4
1006.0,Solutionised + Artificially over aged,0.0,0.893625538,0.0,0.0,0.0,0.0,0.0,0.002301611,0.016011208,0.0,0.0,0.002501751,0.0,0.0,0.025017512,0.001501051,0.0,0.0,0.0,0.002001401,0.0,0.0010007,0.0,0.056039227,0.0,5.0,434.5,355.0,4
1007.0,Solutionised + Artificially over aged,0.0,0.8814,0.0,0.0,0.0,0.0,0.0,0.0016,0.016,0.0,0.0,0.0,0.0,0.0,0.024,0.0,0.0,0.0,0.0,0.0,0.0,0.0,0.0,0.077,0.0,,515.0,435.0,4
1008.0,Solutionised + Artificially over aged,0.0,0.88665,0.0,0.0,0.0,0.0,0.0,0.0004,0.023,0.0,0.0,0.0015,0.0,0.0,0.0225,0.001,0.0,0.0,0.0,0.0012,0.0,0.0006,0.0,0.062,0.00115,11.0,550.0,,4
1009.0,Solutionised + Artificially over aged,0.0,0.8909,0.0,0.0,0.0,0.0,0.0,0.0005,0.0175,0.0,0.0,0.0015,0.0,0.0,0.0235,0.001,0.0,0.0,0.0,0.0012,0.0,0.0006,0.0,0.062,0.0013,12.0,525.0,455.0,4
1010.0,Solutionised + Artificially over aged,0.0,0.8909,0.0,0.0,0.0,0.0,0.0,0.0005,0.0175,0.0,0.0,0.0015,0.0,0.0,0.0235,0.001,0.0,0.0,0.0,0.0012,0.0,0.0006,0.0,0.062,0.0013,12.0,525.0,455.0,4
1011.0,Solutionised + Artificially over aged,0.0,0.8888,0.0,0.0,0.0,0.0,0.0,0.0,0.023,0.0,0.0,0.0015,0.0,0.0,0.0225,0.0,0.0,0.0,0.0,0.0012,0.0,0.0,0.0,0.062,0.001,10.0,,440.0,4
1012.0,Solutionised + Artificially over aged,0.0,0.89785296,0.0,0.0,0.0,0.0,0.0,0.002302187,0.016015214,0.0,0.0,0.001000951,0.0,0.0,0.025023773,0.000500475,0.0,0.0,0.0,0.000750713,0.0,0.000500475,0.0,0.056053251,0.0,6.5,482.5,410.5,4
1013.0,Solutionised + Artificially over aged,0.0,0.8888888890000001,0.0,0.0,0.0,0.0,0.0,0.0002002,0.0230230229999999,0.0,0.0,0.000750751,0.0,0.0,0.022522523,0.000500501,0.0,0.0,0.0,0.000600601,0.0,0.0003003,0.0,0.062062062,0.001151151,5.0,479.0,399.5,4
1014.0,Solutionised + Artificially over aged,0.0,0.9007,0.0,0.0,0.0,0.0,0.0,0.0023,0.016,0.0,0.0,0.0,0.0,0.0,0.025,0.0,0.0,0.0,0.0,0.0,0.0,0.0,0.0,0.0559999999999999,0.0,,525.0,455.0,4
1015.0,Solutionised + Artificially over aged,0.0,0.895716573,0.0,0.0,0.0,0.0,0.0,0.00020016,0.019015212,0.0,0.0,0.00065052,0.0,0.0,0.020516413,0.00020016,0.0,0.0,0.0,0.0005003999999999,0.0,0.00030024,0.0,0.06204964,0.000850681,6.5,476.0,402.5,4
1016.0,Solutionised + Artificially over aged,0.0,0.893,0.0,0.0,0.0,0.0,0.0,0.0,0.023,0.0,0.0,0.0,0.0,0.0,0.022,0.0,0.0,0.0,0.0,0.0,0.0,0.0,0.0,0.062,0.0,,525.0,470.0,4
1017.0,Solutionised + Artificially over aged,0.0,0.892991145,0.0,0.0,0.0,0.0,0.0,0.000250138,0.01750963,0.0,0.0,0.000750413,0.0,0.0,0.023512932,0.000500275,0.000250138,0.0,0.0,0.00060033,0.0,0.000300165,0.0,0.062034119,0.001300715,5.5,465.0,393.0,4
1018.0,Solutionised + Artificially over aged,0.0,0.8888888890000001,0.0,0.0,0.0,0.0,0.0,0.0002002,0.0230230229999999,0.0,0.0,0.000750751,0.0,0.0,0.022522523,0.000500501,0.0,0.0,0.0,0.000600601,0.0,0.0003003,0.0,0.062062062,0.001151151,6.0,489.5,427.5,4
1019.0,Solutionised + Artificially over aged,0.0,0.8888888890000001,0.0,0.0,0.0,0.0,0.0,0.0002002,0.0230230229999999,0.0,0.0,0.000750751,0.0,0.0,0.022522523,0.000500501,0.0,0.0,0.0,0.000600601,0.0,0.0003003,0.0,0.062062062,0.001151151,7.57,472.0,403.0,4
1020.0,Solutionised + Artificially over aged,0.0,0.89785296,0.0,0.0,0.0,0.0,0.0,0.002302187,0.016015214,0.0,0.0,0.001000951,0.0,0.0,0.025023773,0.000500475,0.0,0.0,0.0,0.000750713,0.0,0.000500475,0.0,0.056053251,0.0,6.5,452.0,369.0,4
1021.0,Solutionised + Artificially over aged,0.0,0.8888888890000001,0.0,0.0,0.0,0.0,0.0,0.0002002,0.0230230229999999,0.0,0.0,0.000750751,0.0,0.0,0.022522523,0.000500501,0.0,0.0,0.0,0.000600601,0.0,0.0003003,0.0,0.062062062,0.001151151,6.0,468.5,389.5,4
1022.0,Solutionised + Artificially over aged,0.0,0.880028017,0.0,0.0,0.0,0.0,0.0,0.001500901,0.016009606,0.0,0.0,0.00060036,0.0,0.0,0.022013208,0.0005003,0.0,0.0,0.0,0.0005003,0.0,0.00030018,0.0,0.078547128,0.0,8.5,489.5,417.0,4
1023.0,Solutionised + Artificially over aged,0.0,0.872,0.0,0.0,0.0,0.0,0.0,0.003,0.021,0.0,0.0,0.0,0.0,0.0,0.03,0.0,0.0,0.0,0.0,0.0,0.0,0.0,0.0,0.074,0.0,12.0,579.159588,496.422504,4
1024.0,Solutionised + Artificially over aged,0.0,0.893625538,0.0,0.0,0.0,0.0,0.0,0.002301611,0.016011208,0.0,0.0,0.002501751,0.0,0.0,0.025017512,0.001501051,0.0,0.0,0.0,0.002001401,0.0,0.0010007,0.0,0.056039227,0.0,8.65,489.5,424.0,4
1025.0,Solutionised + Artificially over aged,0.0,0.8817,0.0,0.0,0.0,0.0,0.0,0.0023,0.02,0.0,0.0,0.0,0.0,0.0,0.0279999999999999,0.0,0.0,0.0,0.0,0.0,0.0,0.0,0.0,0.068,0.0,,570.0,505.0,4
1026.0,Solutionised + Artificially over aged,0.0,0.901085706,0.0,0.0,0.0,0.0,0.0,0.0021513979999999,0.015510082,0.0,0.0,0.00060039,0.0,0.0,0.022514635,0.000300195,0.0,0.0,0.0,0.000500325,0.0,0.000300195,0.0,0.057037074,0.0,9.75,479.0,406.5,4
1027.0,Solutionised + Artificially over aged,0.0,0.901085706,0.0,0.0,0.0,0.0,0.0,0.0021513979999999,0.015510082,0.0,0.0,0.00060039,0.0,0.0,0.022514635,0.000300195,0.0,0.0,0.0,0.000500325,0.0,0.000300195,0.0,0.057037074,0.0,7.5,501.0,428.5,4
1028.0,Solutionised + Artificially over aged,0.0,0.89945,0.0,0.0,0.0,0.0,0.0,0.00215,0.0155,0.0,0.0,0.0012,0.0,0.0,0.0225,0.0006,0.0,0.0,0.0,0.001,0.0,0.0006,0.0,0.057,0.0,12.0,590.0,,4
1029.0,Solutionised + Artificially over aged,0.0,0.893625538,0.0,0.0,0.0,0.0,0.0,0.002301611,0.016011208,0.0,0.0,0.002501751,0.0,0.0,0.025017512,0.001501051,0.0,0.0,0.0,0.002001401,0.0,0.0010007,0.0,0.056039227,0.0,6.5,472.0,406.5,4
1030.0,Solutionised + Artificially over aged,0.0,0.893,0.0,0.0,0.0,0.0,0.0,0.0,0.023,0.0,0.0,0.0,0.0,0.0,0.022,0.0,0.0,0.0,0.0,0.0,0.0,0.0,0.0,0.062,0.0,,550.0,490.0,4
1031.0,Solutionised + Artificially over aged,0.0,0.892991145,0.0,0.0,0.0,0.0,0.0,0.000250138,0.01750963,0.0,0.0,0.000750413,0.0,0.0,0.023512932,0.000500275,0.000250138,0.0,0.0,0.00060033,0.0,0.000300165,0.0,0.062034119,0.001300715,5.0,489.5,410.0,4
1032.0,Solutionised + Artificially over aged,0.0,0.88955,0.0,0.0,0.0,0.0,0.0,0.0004,0.0165,0.0,0.0,0.0008,0.0,0.0,0.015,0.0004,0.0,0.0,0.0,0.0006,0.0,0.0006,0.0,0.075,0.00115,8.0,519.0,468.0,4
1033.0,Solutionised + Artificially over aged,0.0,0.88955,0.0,0.0,0.0,0.0,0.0,0.0004,0.0165,0.0,0.0,0.0008,0.0,0.0,0.015,0.0004,0.0,0.0,0.0,0.0006,0.0,0.0006,0.0,0.075,0.00115,8.0,519.0,468.0,4
1034.0,Solutionised + Artificially over aged,0.0,0.8888888890000001,0.0,0.0,0.0,0.0,0.0,0.0002002,0.0230230229999999,0.0,0.0,0.000750751,0.0,0.0,0.022522523,0.000500501,0.0,0.0,0.0,0.000600601,0.0,0.0003003,0.0,0.062062062,0.001151151,5.25,517.5,448.5,4
1035.0,Solutionised + Artificially over aged,0.0,0.8817,0.0,0.0,0.0,0.0,0.0,0.0023,0.02,0.0,0.0,0.0,0.0,0.0,0.0279999999999999,0.0,0.0,0.0,0.0,0.0,0.0,0.0,0.0,0.068,0.0,,570.0,505.0,4
1036.0,Solutionised + Artificially over aged,0.0,0.87656977,0.0,0.0,0.0,0.0,0.0,0.0,0.017511382,0.0,0.0,0.000750488,0.0,0.0,0.022514635,0.00100065,0.0,0.0,0.0,0.00060039,0.0,0.0,0.0,0.081052684,0.0,9.115,606.5,541.5,4
1037.0,Solutionised + Artificially over aged,0.0,0.893625538,0.0,0.0,0.0,0.0,0.0,0.002301611,0.016011208,0.0,0.0,0.002501751,0.0,0.0,0.025017512,0.001501051,0.0,0.0,0.0,0.002001401,0.0,0.0010007,0.0,0.056039227,0.0,7.57,496.5,427.5,4
1038.0,Solutionised + Artificially over aged,0.0,0.893625538,0.0,0.0,0.0,0.0,0.0,0.002301611,0.016011208,0.0,0.0,0.002501751,0.0,0.0,0.025017512,0.001501051,0.0,0.0,0.0,0.002001401,0.0,0.0010007,0.0,0.056039227,0.0,7.57,496.5,427.5,4
1039.0,Solutionised + Artificially over aged,0.0,0.8888888890000001,0.0,0.0,0.0,0.0,0.0,0.0002002,0.0230230229999999,0.0,0.0,0.000750751,0.0,0.0,0.022522523,0.000500501,0.0,0.0,0.0,0.000600601,0.0,0.0003003,0.0,0.062062062,0.001151151,7.57,507.0,448.5,4
1040.0,Solutionised + Artificially over aged,0.0,0.880028017,0.0,0.0,0.0,0.0,0.0,0.001500901,0.016009606,0.0,0.0,0.00060036,0.0,0.0,0.022013208,0.0005003,0.0,0.0,0.0,0.0005003,0.0,0.00030018,0.0,0.078547128,0.0,12.4,573.5,529.5,4
1041.0,Solutionised + Artificially over aged,0.0037,0.9344,0.0,0.0,0.0,0.0,0.0,0.0,0.045,0.0,0.0,0.0003,0.0,0.0116,0.0036,0.0,0.0,0.0,0.0,0.0001,0.0,0.0,0.0,0.0,0.0013,11.0,610.0,440.0,3
1042.0,Solutionised + Artificially over aged,0.0037,0.9344,0.0,0.0,0.0,0.0,0.0,0.0,0.045,0.0,0.0,0.0003,0.0,0.0116,0.0036,0.0,0.0,0.0,0.0,0.0001,0.0,0.0,0.0,0.0,0.0013,11.0,610.0,440.0,3
1043.0,Solutionised + Artificially over aged,0.0,0.8868868870000001,0.0,0.0,0.0,0.0,0.0,0.0002002,0.022022022,0.0,0.0,0.000750751,0.0,0.0,0.023523524,0.000500501,0.0,0.0,0.0,0.000600601,0.0,0.0003003,0.0,0.064064064,0.001151151,4.5,559.0,500.0,4
1044.0,Solutionised + Artificially over aged,0.0,0.88465,0.0,0.0,0.0,0.0,0.0,0.0004,0.022,0.0,0.0,0.0015,0.0,0.0,0.0235,0.001,0.0,0.0,0.0,0.0012,0.0,0.0006,0.0,0.064,0.00115,8.0,579.0,538.0,4
1045.0,Solutionised + Artificially over aged,0.0,0.88465,0.0,0.0,0.0,0.0,0.0,0.0004,0.022,0.0,0.0,0.0015,0.0,0.0,0.0235,0.001,0.0,0.0,0.0,0.0012,0.0,0.0006,0.0,0.064,0.00115,8.0,579.0,538.0,4
1046.0,Solutionised + Artificially over aged,0.0,0.8727418309999999,0.0,0.0,0.0,0.0,0.0,0.00020017,0.023019567,0.0,0.0,0.000750638,0.0,0.0,0.02051744,0.000250213,0.0,0.0,0.0,0.000500425,0.0,0.000300255,0.0,0.080068058,0.001651404,9.0,607.0,583.5,4
1047.0,Solutionised + Artificially over aged,0.0,0.87085,0.0,0.0,0.0,0.0,0.0,0.0004,0.023,0.0,0.0,0.0015,0.0,0.0,0.0205,0.0005,0.0,0.0,0.0,0.001,0.0,0.0006,0.0,0.08,0.00165,7.0,614.0,593.0,4
1048.0,Solutionised + Artificially over aged,0.0,0.87085,0.0,0.0,0.0,0.0,0.0,0.0004,0.023,0.0,0.0,0.0015,0.0,0.0,0.0205,0.0005,0.0,0.0,0.0,0.001,0.0,0.0006,0.0,0.08,0.00165,7.0,614.0,593.0,4
1049.0,Solutionised + Artificially over aged,0.0,0.87085,0.0,0.0,0.0,0.0,0.0,0.0004,0.023,0.0,0.0,0.0015,0.0,0.0,0.0205,0.0005,0.0,0.0,0.0,0.001,0.0,0.0006,0.0,0.08,0.00165,,,620.0,4
1050.0,Solutionised + Artificially over aged,0.0,0.8868868870000001,0.0,0.0,0.0,0.0,0.0,0.0002002,0.022022022,0.0,0.0,0.000750751,0.0,0.0,0.023523524,0.000500501,0.0,0.0,0.0,0.000600601,0.0,0.0003003,0.0,0.064064064,0.001151151,8.0,587.5,551.5,4
1051.0,Solutionised + Artificially over aged,0.0,0.8727418309999999,0.0,0.0,0.0,0.0,0.0,0.00020017,0.023019567,0.0,0.0,0.000750638,0.0,0.0,0.02051744,0.000250213,0.0,0.0,0.0,0.000500425,0.0,0.000300255,0.0,0.080068058,0.001651404,8.0,618.5,584.5,4
1052.0,Solutionised + Artificially over aged,0.0,0.984992496,0.0,0.0,0.0,0.0,0.0,0.00050025,0.00050025,0.0,0.0,0.001750875,0.0,0.0,0.006753377,0.00050025,0.0,0.0,0.0,0.004002001,0.0,0.00050025,0.0,0.00050025,0.0,9.15,261.0,240.5,3
1053.0,Solutionised + Artificially over aged,0.0,0.9774,0.0,0.0,0.0,0.0,0.0,0.001,0.002,0.0,0.0,0.005,0.0,0.0,0.0045,0.002,0.0,0.0,0.0,0.0081,0.0,0.0,0.0,0.0,0.0,,,152.0,3
1054.0,Solutionised + Artificially over aged,0.0,0.9749,0.0,0.0,0.0,0.0,0.0,0.001,0.002,0.0,0.0,0.005,0.0,0.0,0.0045,0.002,0.0,0.0,0.0,0.0106,0.0,0.0,0.0,0.0,0.0,,,168.0,3
1055.0,Solutionised + Artificially over aged,0.0,0.9716,0.0,0.0,0.0,0.0,0.0,0.001,0.002,0.0,0.0,0.005,0.0,0.0,0.0045,0.002,0.0,0.0,0.0,0.0139,0.0,0.0,0.0,0.0,0.0,,,205.0,3
1056.0,Solutionised + Artificially over aged,0.0,0.9699,0.0,0.0,0.0,0.0,0.0,0.0,0.0,0.0,0.0,0.0007,0.0,0.0276,0.0,0.0,0.0,0.0,0.0,0.0004,0.0,0.0,0.0,0.0,0.0014,6.0,387.0,301.0,3
1057.0,Solutionised + Artificially over aged,0.0,0.9699,0.0,0.0,0.0,0.0,0.0,0.0,0.0,0.0,0.0,0.0007,0.0,0.0276,0.0,0.0,0.0,0.0,0.0,0.0004,0.0,0.0,0.0,0.0,0.0014,6.0,387.0,301.0,3
1058.0,Solutionised + Artificially over aged,0.0,0.9508,0.0,0.0,0.0,0.0,0.0,0.0,0.013,0.0,0.0,0.002,0.0,0.025,0.0069999999999999,0.0,0.0,0.0,0.0,0.001,0.0,0.0,0.0,0.0,0.0012,6.0,534.0,482.0,3
1059.0,Solutionised + Artificially over aged,0.0,0.9508,0.0,0.0,0.0,0.0,0.0,0.0,0.013,0.0,0.0,0.002,0.0,0.025,0.0069999999999999,0.0,0.0,0.0,0.0,0.001,0.0,0.0,0.0,0.0,0.0012,8.0,638.0,517.0,3
1060.0,Solutionised + Artificially over aged,0.0,0.9462,0.0,0.0,0.0,0.0,0.0,0.0,0.0289999999999999,0.0,0.0,0.0,0.0,0.022,0.0015,0.0,0.0,0.0,0.0,0.0,0.0,0.0,0.0,0.0,0.0013,8.0,550.0,490.0,3
1061.0,Solutionised + Artificially over aged,0.0,0.9462,0.0,0.0,0.0,0.0,0.0,0.0,0.0289999999999999,0.0,0.0,0.0,0.0,0.022,0.0015,0.0,0.0,0.0,0.0,0.0,0.0,0.0,0.0,0.0,0.0013,8.0,550.0,490.0,3
1062.0,Solutionised + Artificially over aged,0.0,0.945699,0.0,1e-06,0.0,0.0,0.0,0.0,0.0245,0.0,0.0,0.0007,0.0,0.016,0.00225,0.003,0.0,0.0,0.0,0.0005,0.0,0.001,0.0,0.0055,0.00085,10.0,400.0,345.0,3
1063.0,Solutionised + Artificially over aged,0.0,0.945699,0.0,1e-06,0.0,0.0,0.0,0.0,0.0245,0.0,0.0,0.0007,0.0,0.016,0.00225,0.003,0.0,0.0,0.0,0.0005,0.0,0.001,0.0,0.0055,0.00085,10.0,400.0,345.0,3
1064.0,Solutionised + Artificially over aged,0.0,0.945,0.0,0.0,0.0,0.0,0.0,0.0,0.055,0.0,0.0,0.0,0.0,0.0,0.0,0.0,0.0,0.0,0.0,0.0,0.0,0.0,0.0,0.0,0.0,,405.0,310.0,3
1065.0,Solutionised + Artificially over aged,0.0,0.945,0.0,0.0,0.0,0.0,0.0,0.0,0.04,0.0,0.0,0.0,0.0,0.0,0.015,0.0,0.0,0.0,0.0,0.0,0.0,0.0,0.0,0.0,0.0,7.4,545.0,386.0,3
1066.0,Solutionised + Artificially over aged,0.0,0.944849,0.0,1e-06,0.0,0.0,0.0,0.0,0.0245,0.0,0.0,0.0007,0.0,0.016,0.00225,0.003,0.0,0.0,0.0,0.0005,0.0,0.001,0.0,0.0055,0.0017,10.0,400.0,345.0,3
1067.0,Solutionised + Artificially over aged,0.0,0.9428,0.0,0.0,0.0,0.0,0.0,0.0,0.019,0.0,0.0,0.001,0.0,0.026,0.009,0.0,0.0,0.0,0.0,0.001,0.0,0.0,0.0,0.0,0.0012,6.0,581.0,637.0,3
1068.0,Solutionised + Artificially over aged,0.0,0.9428,0.0,0.0,0.0,0.0,0.0,0.0,0.019,0.0,0.0,0.001,0.0,0.026,0.009,0.0,0.0,0.0,0.0,0.001,0.0,0.0,0.0,0.0,0.0012,12.0,697.0,574.0,3
1069.0,Solutionised + Artificially over aged,0.0,0.935,0.0,0.0,0.005,0.0,0.0,0.0,0.055,0.0,0.0,0.0,0.0,0.0,0.0,0.0,0.0,0.005,0.0,0.0,0.0,0.0,0.0,0.0,0.0,12.0,406.790663,310.264065,3
1070.0,Solutionised + Artificially over aged,0.0,0.934,0.0,0.0,0.0,0.0,0.0,0.0,0.045,0.0,0.0,0.0,0.0,0.0,0.015,0.006,0.0,0.0,0.0,0.0,0.0,0.0,0.0,0.0,0.0,6.0,482.63299000000006,448.159205,3
1071.0,Solutionised + Artificially over aged,0.0,0.934,0.0,0.0,0.0,0.0,0.0,0.0,0.0215,0.0,0.0,0.003,0.0,0.02,0.015,0.0,0.0,0.0,0.0,0.002,0.0,0.001,0.0,0.0025,0.001,8.0,481.0,425.0,3
1072.0,Solutionised + Artificially over aged,0.0,0.934,0.0,0.0,0.0,0.0,0.0,0.0,0.0215,0.0,0.0,0.003,0.0,0.02,0.015,0.0,0.0,0.0,0.0,0.002,0.0,0.001,0.0,0.0025,0.001,14.0,610.0,483.0,3
1073.0,Solutionised + Artificially over aged,0.0,0.932,0.0,0.0,0.0,0.0,0.0,0.0014,0.0,0.0,0.0,0.0012,0.0,0.0,0.0104,0.0022,0.0,0.0,0.0,0.0009,0.0,0.0,0.0,0.0507,0.0012,8.6,440.96,413.4,4
1074.0,Solutionised + Artificially over aged,0.0,0.932,0.0,0.0,0.0,0.0,0.0,0.0014,0.0,0.0,0.0,0.0012,0.0,0.0,0.0104,0.0022,0.0,0.0,0.0,0.0009,0.0,0.0,0.0,0.0507,0.0012,8.6,440.96,413.4,4
1075.0,Solutionised + Artificially over aged,0.0,0.9251,0.0,0.0,0.0,0.0,0.0,0.0014,0.0,0.0,0.0,0.0014,0.0,0.0,0.0278,0.0023,0.0,0.0,0.0,0.0009,0.0,0.0,0.0,0.0401,0.001,8.0,509.86,475.41,4
1076.0,Solutionised + Artificially over aged,0.0,0.9251,0.0,0.0,0.0,0.0,0.0,0.0014,0.0,0.0,0.0,0.0014,0.0,0.0,0.0278,0.0023,0.0,0.0,0.0,0.0009,0.0,0.0,0.0,0.0401,0.001,8.0,509.86,475.41,4
1077.0,Solutionised + Artificially over aged,0.004,0.9236,0.0,0.0,0.0,0.0,0.0,0.0,0.054,0.0,0.0,0.0,0.0,0.013,0.004,0.0,0.0,0.0,0.0,0.0,0.0,0.0,0.0,0.0,0.0014,10.0,646.0,630.0,3
1078.0,Solutionised + Artificially over aged,0.004,0.9236,0.0,0.0,0.0,0.0,0.0,0.0,0.054,0.0,0.0,0.0,0.0,0.013,0.004,0.0,0.0,0.0,0.0,0.0,0.0,0.0,0.0,0.0,0.0014,10.0,646.0,630.0,3
1079.0,Solutionised + Artificially over aged,0.0,0.861,0.0,0.0,0.0,0.0,0.0,0.0,0.025,0.0,0.0,0.0005,0.0,0.0,0.026,0.0,0.0,0.0,0.0,0.0005,0.0,0.0,0.0,0.087,0.0,11.0,499.0,441.0,4
1080.0,Solutionised + Artificially over aged,0.0,0.861,0.0,0.0,0.0,0.0,0.0,0.0,0.025,0.0,0.0,0.0005,0.0,0.0,0.026,0.0,0.0,0.0,0.0,0.0005,0.0,0.0,0.0,0.087,0.0,11.0,499.0,441.0,4
1081.0,Solutionised + Artificially over aged,0.0,0.986,0.0,0.0,0.0,0.0,0.0,0.0,0.0,0.0,0.0,0.0,0.0,0.0,0.0069999999999999,0.0,0.0,0.0,0.0,0.0069999999999999,0.0,0.0,0.0,0.0,0.0,6.0,330.948336,,3
1082.0,Solutionised + Artificially over aged,0.0,0.98075,0.0,0.0,0.0,0.0,0.0,0.001,0.001,0.0,0.0,0.0035,0.0,0.0,0.00675,0.001,0.0,0.0,0.0,0.004,0.0,0.001,0.0,0.001,0.0,11.0,250.0,,3
1083.0,Solutionised + Artificially over aged,0.0,0.9795,0.0,0.0,0.0,0.0,0.0,0.002,0.0025,0.0,0.0,0.0,0.0,0.0,0.01,0.0,0.0,0.0,0.0,0.006,0.0,0.0,0.0,0.0,0.0,15.0,379.211635,358.5273640000001,3
1084.0,Solutionised + Artificially over aged,0.0,0.949,0.0,0.0,0.0,0.0,0.0,0.0,0.0286,0.0,0.0,0.0002,0.0,0.0205,0.0001,0.0,0.0,0.0,0.0,0.0001,0.0,0.0002,0.0,0.0001,0.0012,11.0,589.0,552.0,3
1085.0,Solutionised + Artificially over aged,0.0,0.949,0.0,0.0,0.0,0.0,0.0,0.0,0.0286,0.0,0.0,0.0002,0.0,0.0205,0.0001,0.0,0.0,0.0,0.0,0.0001,0.0,0.0002,0.0,0.0001,0.0012,14.0,642.0,587.0,3
1086.0,Solutionised + Artificially over aged,0.0,0.934,0.0,0.0,0.0,0.0,0.0,0.0,0.045,0.0,0.0,0.0,0.0,0.0,0.015,0.006,0.0,0.0,0.0,0.0,0.0,0.0,0.0,0.0,0.0,2.0,448.159205,413.68542,3
1087.0,Solutionised + Artificially over aged,0.0,0.9334,0.0,0.0,0.0,0.0,0.0,0.0,0.063,0.0,0.0,0.0,0.0,0.0,0.0,0.003,0.0,0.0,0.0,0.0,0.0,0.0006,0.0,0.0,0.0,10.0,455.0,350.0,3
1088.0,Solutionised + Artificially over aged,0.0,0.9315,0.0,0.0,0.0,0.0,0.0,0.0,0.063,0.0,0.0,0.0,0.0,0.0,0.0,0.003,0.0,0.0,0.0,0.0,0.0,0.0,0.001,0.0,0.0015,10.0,455.053962,351.632607,3
1089.0,Solutionised + Artificially over aged,0.0,0.927963982,0.0,0.0,0.0,0.0,0.0,0.00050025,0.043521761,0.0,0.0,0.002501251,0.0,0.0,0.015007504,0.0060030019999999,0.0,0.0,0.0,0.002501251,0.0,0.000750375,0.0,0.001250625,0.0,4.5,445.0,396.5,3
1090.0,Solutionised + Artificially over aged,0.0,0.927473848,0.0,0.0,0.0,0.0,0.0,0.0,0.06306622,0.0,0.0,0.001501577,0.0,0.0,0.000100105,0.0030031529999999,0.0,0.0,0.0,0.001001051,0.0,0.000600631,0.001001051,0.0005005259999999,0.001751839,7.0,443.0,333.5,3
1091.0,Solutionised + Artificially over aged,0.0,0.98075,0.0,0.0,0.0,0.0,0.0,0.001,0.001,0.0,0.0,0.0035,0.0,0.0,0.00675,0.001,0.0,0.0,0.0,0.004,0.0,0.001,0.0,0.001,0.0,9.0,260.0,,3
1092.0,Solutionised + Artificially over aged,0.00425,0.9332,0.0,0.0,0.0,0.0,0.0,0.0,0.035,0.0,0.0,0.0015,0.0,0.0105,0.00525,0.0035,0.0,0.0,0.0,0.0012,0.0,0.001,0.0,0.0035,0.0011,6.0,503.0,476.0,3
1093.0,Solutionised + Artificially over aged,0.00425,0.9332,0.0,0.0,0.0,0.0,0.0,0.0,0.035,0.0,0.0,0.0015,0.0,0.0105,0.00525,0.0035,0.0,0.0,0.0,0.0012,0.0,0.001,0.0,0.0035,0.0011,6.0,503.0,476.0,3
1094.0,Solutionised + Artificially over aged,0.00425,0.9332,0.0,0.0,0.0,0.0,0.0,0.0,0.035,0.0,0.0,0.0015,0.0,0.0105,0.00525,0.0035,0.0,0.0,0.0,0.0012,0.0,0.001,0.0,0.0035,0.0011,6.0,503.0,476.0,3
1095.0,Solutionised + Artificially over aged,0.0,0.989,0.0,0.0,0.0,0.0,0.0,0.0,0.0,0.0,0.0,0.0,0.0,0.0,0.0069999999999999,0.0,0.0,0.0,0.0,0.004,0.0,0.0,0.0,0.0,0.0,9.0,255.0,240.0,3
1096.0,Solutionised + Artificially over aged,0.0,0.989,0.0,0.0,0.0,0.0,0.0,0.0,0.0,0.0,0.0,0.0,0.0,0.0,0.0069999999999999,0.0,0.0,0.0,0.0,0.004,0.0,0.0,0.0,0.0,0.0,9.0,255.106009,241.31649500000003,3
1097.0,Solutionised + Artificially over aged,0.0,0.984992496,0.0,0.0,0.0,0.0,0.0,0.00050025,0.00050025,0.0,0.0,0.001750875,0.0,0.0,0.006753377,0.00050025,0.0,0.0,0.0,0.004002001,0.0,0.00050025,0.0,0.00050025,0.0,9.005,255.0,241.0,3
1098.0,Solutionised + Artificially over aged,0.0,0.949,0.0,0.0,0.0,0.0,0.0,0.0,0.0286,0.0,0.0,0.0002,0.0,0.0205,0.0001,0.0,0.0,0.0,0.0,0.0001,0.0,0.0002,0.0,0.0001,0.0012,6.8,549.0,505.0,3
1099.0,Solutionised + Artificially over aged,0.0,0.949,0.0,0.0,0.0,0.0,0.0,0.0,0.0286,0.0,0.0,0.0002,0.0,0.0205,0.0001,0.0,0.0,0.0,0.0,0.0001,0.0,0.0002,0.0,0.0001,0.0012,8.0,674.0,568.0,3
1100.0,Solutionised + Artificially over aged,0.0,0.945208907,0.0,0.0,0.0,0.0,0.0,0.000250188,0.027020265,0.0,0.0,0.00060045,0.0,0.022516888,0.001250938,0.000250188,0.0,0.0,0.0,0.000500375,0.0,0.000750563,0.0,0.000500375,0.001150863,4.0,486.0,434.5,3
1101.0,Solutionised + Artificially over aged,0.0,0.94115,0.0,0.0,0.0,0.0,0.0,0.0005,0.027,0.0,0.0,0.0012,0.0,0.0225,0.0025,0.0005,0.0,0.0,0.0,0.001,0.0,0.0015,0.0,0.001,0.00115,3.0,531.0,483.0,3
1102.0,Solutionised + Artificially over aged,0.0,0.94115,0.0,0.0,0.0,0.0,0.0,0.0005,0.027,0.0,0.0,0.0012,0.0,0.0225,0.0025,0.0005,0.0,0.0,0.0,0.001,0.0,0.0015,0.0,0.001,0.00115,3.0,531.0,483.0,3
1103.0,Solutionised + Artificially over aged,0.0,0.94115,0.0,0.0,0.0,0.0,0.0,0.0005,0.027,0.0,0.0,0.0012,0.0,0.0225,0.0025,0.0005,0.0,0.0,0.0,0.001,0.0,0.0015,0.0,0.001,0.00115,3.0,531.0,483.0,3
1104.0,Solutionised + Artificially over aged,0.0,0.935949,0.0,1e-06,0.0,0.0,0.0,0.003,0.027,0.0,0.0,0.0007,0.0,0.018,0.003,0.003,0.0,0.0,0.0,0.0005,0.0,0.001,0.0,0.0069999999999999,0.00085,7.6,543.0,520.0,3
1105.0,Solutionised + Artificially over aged,0.0,0.935949,0.0,1e-06,0.0,0.0,0.0,0.003,0.027,0.0,0.0,0.0007,0.0,0.018,0.003,0.003,0.0,0.0,0.0,0.0005,0.0,0.001,0.0,0.0069999999999999,0.00085,7.6,543.0,520.0,3
1106.0,Solutionised + Artificially over aged,0.0,0.930599,0.0,1e-06,0.0,0.0,0.0,0.003,0.027,0.0,0.0,0.0007,0.0,0.018,0.0075,0.003,0.0,0.0,0.0,0.0005,0.0,0.001,0.0,0.0069999999999999,0.0017,7.6,543.0,520.0,3
1107.0,Solutionised + Artificially over aged,0.0,0.989,0.0,0.0,0.0,0.0,0.0,0.0,0.0,0.0,0.0,0.0,0.0,0.0,0.0069999999999999,0.0,0.0,0.0,0.0,0.004,0.0,0.0,0.0,0.0,0.0,10.0,205.0,185.0,3
1108.0,Solutionised + Artificially over aged,0.0,0.989,0.0,0.0,0.0,0.0,0.0,0.0,0.0,0.0,0.0,0.0,0.0,0.0,0.0069999999999999,0.0,0.0,0.0,0.0,0.004,0.0,0.0,0.0,0.0,0.0,10.0,206.84271,186.158439,3
1109.0,Solutionised + Artificially over aged,0.0,0.984992496,0.0,0.0,0.0,0.0,0.0,0.00050025,0.00050025,0.0,0.0,0.001750875,0.0,0.0,0.006753377,0.00050025,0.0,0.0,0.0,0.004002001,0.0,0.00050025,0.0,0.00050025,0.0,10.025,207.0,186.0,3
1110.0,Solutionised + Artificially over aged,0.0,0.989,0.0,0.0,0.0,0.0,0.0,0.0,0.0,0.0,0.0,0.0,0.0,0.0,0.0069999999999999,0.0,0.0,0.0,0.0,0.004,0.0,0.0,0.0,0.0,0.0,12.0,289.579794,268.895523,3
1111.0,Solutionised + Artificially over aged,0.0,0.989,0.0,0.0,0.0,0.0,0.0,0.0,0.0,0.0,0.0,0.0,0.0,0.0,0.0069999999999999,0.0,0.0,0.0,0.0,0.004,0.0,0.0,0.0,0.0,0.0,12.0,295.0,270.0,3
1112.0,Solutionised + Artificially over aged,0.0,0.984992496,0.0,0.0,0.0,0.0,0.0,0.00050025,0.00050025,0.0,0.0,0.001750875,0.0,0.0,0.006753377,0.00050025,0.0,0.0,0.0,0.004002001,0.0,0.00050025,0.0,0.00050025,0.0,12.0,290.5,269.0,3
1113.0,Solutionised + Artificially over aged,0.0,0.989,0.0,0.0,0.0,0.0,0.0,0.0,0.0,0.0,0.0,0.0,0.0,0.0,0.0069999999999999,0.0,0.0,0.0,0.0,0.004,0.0,0.0,0.0,0.0,0.0,8.0,330.948336,296.474551,3
1114.0,Solutionised + Artificially over aged,0.0045,0.9357,0.0,0.0,0.0,0.0,0.0,0.0005,0.0355,0.0,0.0,0.001,0.0,0.01,0.004,0.0035,0.0,0.0,0.0,0.0008,0.0,0.001,0.0,0.0025,0.001,,540.0,500.0,3
1115.0,Solutionised + Artificially over aged,0.0045,0.9357,0.0,0.0,0.0,0.0,0.0,0.0005,0.0355,0.0,0.0,0.001,0.0,0.01,0.004,0.0035,0.0,0.0,0.0,0.0008,0.0,0.001,0.0,0.0025,0.001,,540.0,500.0,3
1116.0,Solutionised + Artificially over aged,0.0045,0.9357,0.0,0.0,0.0,0.0,0.0,0.0005,0.0355,0.0,0.0,0.001,0.0,0.01,0.004,0.0035,0.0,0.0,0.0,0.0008,0.0,0.001,0.0,0.0025,0.001,,540.0,500.0,3
1117.0,Solutionised + Artificially over aged,0.0,0.941,0.0,0.0,0.0,0.0,0.0,0.0,0.033,0.0,0.0,0.002,0.0,0.0,0.015,0.004,0.0,0.0,0.0,0.0015,0.0,0.001,0.0,0.0025,0.0,10.0,480.0,,3
1118.0,Solutionised + Artificially over aged,0.0,0.946710033,0.0,0.0,0.0,0.0,0.0,0.000500375,0.013009757,0.0,0.0,0.001501126,0.0,0.0245183889999999,0.00950713,0.000500375,0.0,0.0,0.0,0.001000751,0.0,0.000500375,0.0,0.001250938,0.001000751,6.0,505.0,442.5,3
1119.0,Solutionised + Artificially over aged,0.0,0.9415,0.0,0.0,0.0,0.0,0.0,0.001,0.013,0.0,0.0,0.003,0.0,0.0245,0.0095,0.001,0.0,0.0,0.0,0.002,0.0,0.001,0.0,0.0025,0.001,12.0,500.0,455.0,3
1120.0,Solutionised + Artificially over aged,0.0,0.9415,0.0,0.0,0.0,0.0,0.0,0.001,0.013,0.0,0.0,0.003,0.0,0.0245,0.0095,0.001,0.0,0.0,0.0,0.002,0.0,0.001,0.0,0.0025,0.001,12.0,500.0,455.0,3
1121.0,Solutionised + Artificially over aged,0.0,0.9415,0.0,0.0,0.0,0.0,0.0,0.001,0.013,0.0,0.0,0.003,0.0,0.0245,0.0095,0.001,0.0,0.0,0.0,0.002,0.0,0.001,0.0,0.0025,0.001,12.0,500.0,455.0,3
1122.0,Solutionised + Artificially over aged,0.0,0.935,0.0,0.0,0.0,0.0,0.0,0.0,0.044,0.0,0.0,0.0,0.0,0.0,0.015,0.006,0.0,0.0,0.0,0.0,0.0,0.0,0.0,0.0,0.0,,485.0,440.0,3
1123.0,Solutionised + Artificially over aged,0.0,0.934,0.0,0.0,0.0,0.0,0.0,0.0,0.045,0.0,0.0,0.0,0.0,0.0,0.015,0.006,0.0,0.0,0.0,0.0,0.0,0.0,0.0,0.0,0.0,6.0,482.63299000000006,448.159205,3
1124.0,Solutionised + Artificially over aged,0.0,0.9334,0.0,0.0,0.0,0.0,0.0,0.0,0.063,0.0,0.0,0.0,0.0,0.0,0.0,0.003,0.0,0.0,0.0,0.0,0.0,0.0006,0.0,0.0,0.0,10.0,455.0,350.0,3
1125.0,Solutionised + Artificially over aged,0.0,0.9315,0.0,0.0,0.0,0.0,0.0,0.0,0.063,0.0,0.0,0.0,0.0,0.0,0.0,0.003,0.0,0.0,0.0,0.0,0.0,0.0,0.001,0.0,0.0015,10.0,455.053962,351.632607,3
1126.0,Solutionised + Artificially over aged,0.0,0.93043043,0.0,0.0,0.0,0.0,0.0,0.000500501,0.043543544,0.0,0.0,0.001501502,0.0,0.0,0.015015015,0.0060060059999999,0.0,0.0,0.0,0.001001001,0.0,0.000750751,0.0,0.001251251,0.0,3.75,434.5,386.5,3
1127.0,Solutionised + Artificially over aged,0.0,0.927963982,0.0,0.0,0.0,0.0,0.0,0.00050025,0.043521761,0.0,0.0,0.002501251,0.0,0.0,0.015007504,0.0060030019999999,0.0,0.0,0.0,0.002501251,0.0,0.000750375,0.0,0.001250625,0.0,5.405,457.0,406.5,3
1128.0,Solutionised + Artificially over aged,0.0,0.927473848,0.0,0.0,0.0,0.0,0.0,0.0,0.06306622,0.0,0.0,0.001501577,0.0,0.0,0.000100105,0.0030031529999999,0.0,0.0,0.0,0.001001051,0.0,0.000600631,0.001001051,0.0005005259999999,0.001751839,6.0,413.5,310.5,3
1129.0,Solutionised + Artificially over aged,0.0,0.927963982,0.0,0.0,0.0,0.0,0.0,0.00050025,0.043521761,0.0,0.0,0.002501251,0.0,0.0,0.015007504,0.0060030019999999,0.0,0.0,0.0,0.002501251,0.0,0.000750375,0.0,0.001250625,0.0,4.5,443.0,399.0,3
1130.0,Solutionised + Artificially over aged,0.0,0.927963982,0.0,0.0,0.0,0.0,0.0,0.00050025,0.043521761,0.0,0.0,0.002501251,0.0,0.0,0.015007504,0.0060030019999999,0.0,0.0,0.0,0.002501251,0.0,0.000750375,0.0,0.001250625,0.0,4.5,443.0,399.0,3
1131.0,Solutionised + Artificially over aged,0.0,0.927473848,0.0,0.0,0.0,0.0,0.0,0.0,0.06306622,0.0,0.0,0.001501577,0.0,0.0,0.000100105,0.0030031529999999,0.0,0.0,0.0,0.001001051,0.0,0.000600631,0.001001051,0.0005005259999999,0.001751839,5.0,406.5,283.0,3
1132.0,Solutionised + Artificially over aged,0.0,0.927473848,0.0,0.0,0.0,0.0,0.0,0.0,0.06306622,0.0,0.0,0.001501577,0.0,0.0,0.000100105,0.0030031529999999,0.0,0.0,0.0,0.001001051,0.0,0.000600631,0.001001051,0.0005005259999999,0.001751839,4.0,386.0,300.0,3
1133.0,Solutionised + Artificially over aged,0.0,0.934,0.0,0.0,0.0,0.0,0.0,0.0,0.045,0.0,0.0,0.0,0.0,0.0,0.015,0.006,0.0,0.0,0.0,0.0,0.0,0.0,0.0,0.0,0.0,6.0,517.106775,489.527747,3
1134.0,Solutionised + Artificially over aged,0.0,0.927963982,0.0,0.0,0.0,0.0,0.0,0.00050025,0.043521761,0.0,0.0,0.002501251,0.0,0.0,0.015007504,0.0060030019999999,0.0,0.0,0.0,0.002501251,0.0,0.000750375,0.0,0.001250625,0.0,3.5,468.5,431.0,3
1135.0,Solutionised + Artificially over aged,0.0,0.950713035,0.0,0.0,0.0,0.0,0.0,0.0,0.028021016,0.0,0.0,0.000500375,0.0,0.014010508,0.001250938,0.003002252,0.0,0.0,0.0,0.000500375,0.0,0.00060045,0.0,0.000250188,0.001150863,3.25,429.5,389.0,3
1136.0,Solutionised + Artificially over aged,0.0,0.9334,0.0,0.0,0.0,0.0,0.0,0.0,0.063,0.0,0.0,0.0,0.0,0.0,0.0,0.003,0.0,0.0,0.0,0.0,0.0,0.0006,0.0,0.0,0.0,10.0,475.0,395.0,3
1137.0,Solutionised + Artificially over aged,0.0,0.9315,0.0,0.0,0.0,0.0,0.0,0.0,0.063,0.0,0.0,0.0,0.0,0.0,0.0,0.003,0.0,0.0,0.0,0.0,0.0,0.0,0.001,0.0,0.0015,10.0,475.738233,393.001149,3
1138.0,Solutionised + Artificially over aged,0.0,0.929604243,0.0,0.0,0.0,0.0,0.0,0.0,0.05853805,0.0,0.0,0.001500976,0.0,0.0,0.002251463,0.0030019509999999,0.0,0.0,0.0,0.001250813,0.0,0.00060039,0.00100065,0.000500325,0.001751138,7.5,449.5,400.0,3
1139.0,Solutionised + Artificially over aged,0.0,0.9296,0.0,0.0,0.0,0.0,0.0,0.0,0.0633,0.0,0.0,0.0013,0.0,0.0,0.0,0.0034,0.0,0.0,0.0,0.0006,0.0,0.0004,0.0,0.0002,0.0012,15.0,470.0,390.0,3
1140.0,Solutionised + Artificially over aged,0.0,0.9296,0.0,0.0,0.0,0.0,0.0,0.0,0.0633,0.0,0.0,0.0013,0.0,0.0,0.0,0.0034,0.0,0.0,0.0,0.0006,0.0,0.0004,0.0,0.0002,0.0012,15.0,470.0,390.0,3
1141.0,Solutionised + Artificially over aged,0.0,0.927473848,0.0,0.0,0.0,0.0,0.0,0.0,0.06306622,0.0,0.0,0.001501577,0.0,0.0,0.000100105,0.0030031529999999,0.0,0.0,0.0,0.001001051,0.0,0.000600631,0.001001051,0.0005005259999999,0.001751839,5.0,403.5,348.5,3
1142.0,Solutionised + Artificially over aged,0.0,0.92445,0.0,0.0,0.0,0.0,0.0,0.0,0.063,0.0,0.0,0.003,0.0,0.0,0.0002,0.003,0.0,0.0,0.0,0.002,0.0,0.0006,0.001,0.001,0.00175,10.0,475.0,,3
1143.0,Solutionised + Artificially over aged,0.0,0.9803,0.0,0.0,0.0,0.0,0.0,0.0009,0.0028,0.0,0.0,0.0,0.0,0.0,0.01,0.0,0.0,0.0,0.0,0.006,0.0,0.0,0.0,0.0,0.0,,400.0,380.0,3
1144.0,Solutionised + Artificially over aged,0.0,0.9706,0.0,0.0,0.005,0.0,0.0,0.0009,0.0025,0.0,0.0,0.0,0.0,0.0,0.01,0.0,0.0,0.005,0.0,0.006,0.0,0.0,0.0,0.0,0.0,10.0,399.895906,379.211635,3
1145.0,Solutionised + Artificially over aged,0.0,0.963169977,0.0,0.0,0.00548957,0.0,0.0,0.000898293,0.002744785,0.0,0.0,0.0034933629999999,0.0,0.0,0.009981036,0.000748578,0.0,0.00548957,0.0,0.005988622,0.0,0.000748578,0.0,0.00124763,0.0,4.88,366.0,336.0,3
1146.0,Solutionised + Artificially over aged,0.0,0.9795,0.0,0.0,0.0,0.0,0.0,0.002,0.0025,0.0,0.0,0.0,0.0,0.0,0.01,0.0,0.0,0.0,0.0,0.006,0.0,0.0,0.0,0.0,0.0,12.0,406.790663,393.001149,3
1147.0,Solutionised + Artificially over aged,0.0,0.9795,0.0,0.0,0.0,0.0,0.0,0.002,0.0025,0.0,0.0,0.0,0.0,0.0,0.01,0.0,0.0,0.0,0.0,0.006,0.0,0.0,0.0,0.0,0.0,10.0,461.948719,455.053962,3
1148.0,Solutionised  + Artificially peak aged,0.0,0.9945,0.0,0.0,0.0,0.0,0.0,0.0,0.0,0.0,0.0,0.0,0.0,0.0,0.0,0.0,0.0,0.0,0.0055,0.0,0.0,0.0,0.0,0.0,0.0,,,300.0,2
1149.0,No Processing,0.0,0.992713,0.0,0.0,0.0,0.0,0.0,0.0,1.5e-05,0.0,0.0,0.00061,0.0,0.0,0.0015199999999999,0.0050799999999999,0.0,0.0,0.0,4e-05,0.0,1.6e-05,0.0,6e-06,0.0,32.0,110.0,105.0,1
1150.0,No Processing,0.0,0.967475,0.0,0.0,0.0,0.0,0.0,2e-05,2e-05,0.0,0.0,0.00166,0.0,0.0,0.0296,3e-05,0.0,0.0,0.0,0.0008699999999999,0.0,0.0003,0.0,2.5e-05,0.0,14.2,195.0,58.0,1
1151.0,No Processing,0.0,0.966676,0.0,0.0,0.0,0.0,0.0,1.4e-05,2e-05,0.0,0.0,0.00153,0.0,0.0,0.0289999999999999,2e-05,0.0,0.0,0.0,0.0011,0.0,0.0002299999999999,0.0,1e-05,0.0014,10.7,210.0,110.0,1
1152.0,Strain Harderned (Hard),0.0,0.955,0.0,0.0,0.0,0.0,0.0,0.0,0.0,0.0,0.0,0.0,0.0,0.0,0.04,0.0,0.0,0.0,0.005,0.0,0.0,0.0,0.0,0.0,0.0,,460.0,414.0,5
1153.0,Strain Harderned (Hard),0.0,0.935,0.0,0.0,0.0,0.0,0.0,0.0,0.0,0.0,0.0,0.0,0.0,0.0,0.06,0.0,0.0,0.0,0.005,0.0,0.0,0.0,0.0,0.0,0.0,,503.0,433.0,5
