doi,name,series,caption,AA_des,YS,UTS,temper,elong,flag,flag_note
10.1016/j.msea.2003.10.237,ECAE,1000,Room temperature tensile properties of the 1560 alloy,1560,355,435,,,TRUE,SPD: ECAE
10.1016/j.msea.2003.10.237,,1000,Room temperature tensile properties of the 1560 alloy,1560,350,415,,,TRUE,SPD: ECAE
10.1016/j.msea.2003.10.237,,1000,Room temperature tensile properties of the 1560 alloy,1560,195,380,,,TRUE,SPD: ECAE
10.1016/j.msea.2009.11.069,Al 1100,1000,Specifications of the commercial purity aluminum.,1100,169.1,186.4,,6.02,FALSE,
10.1007/s11661-016-3375-0,1.5,1000,Tensile Properties of Al 1100-H18 Sheets,1100,180.2,191.3,H18,,FALSE,
10.1007/s11661-016-3375-0,2,1000,Tensile Properties of Al 1100-H18 Sheets,1100,177.2,188.3,H18,,FALSE,
10.1007/s11661-016-3375-0,2.5,1000,Tensile Properties of Al 1100-H18 Sheets,1100,165.3,175.3,H18,,FALSE,
10.1016/j.msea.2012.12.046,As-received,1000,Tensile properties of Cp Al 1050 in various swaged conditions.,1050,20,72,,120,FALSE,
10.1016/j.msea.2012.12.046,ph=0.4,1000,Tensile properties of Cp Al 1050 in various swaged conditions.,1050,87,91,,18,FALSE,
10.1016/j.msea.2012.12.046,ph=0.8,1000,Tensile properties of Cp Al 1050 in various swaged conditions.,1050,111,112,,15.1,FALSE,
10.1016/j.msea.2012.12.046,ph=2,1000,Tensile properties of Cp Al 1050 in various swaged conditions.,1050,137,139,,12.9,FALSE,
10.1016/j.msea.2012.12.046,ph=3,1000,Tensile properties of Cp Al 1050 in various swaged conditions.,1050,158,163,,11.6,FALSE,
10.1016/j.msea.2003.10.237,CT,1000,Room temperature tensile properties of the 1560 alloy,1560,310,400,,,FALSE,
10.1016/j.msea.2003.10.237,,1000,Room temperature tensile properties of the 1560 alloy,1560,170,345,,,FALSE,
10.1007/s10853-013-7792-9,Ultra fine grain (UFG),1000,Tensile and hardness properties of Al 1050 in various conditions,1050,5,163,,11.6,FALSE,
10.1007/s10853-013-7792-9,Fine grain (FG),1000,Tensile and hardness properties of Al 1050 in various conditions,1050,33,68,,37.3,FALSE,
10.1007/s10853-013-7792-9,Coarse grain (CG),1000,Tensile and hardness properties of Al 1050 in various conditions,1050,52,72,,43.1,FALSE,
10.1007/s00339-016-0305-3,T250V2,1000,Yield strength (YS) and ultimate tensile strength (UTS) obtained from the room temperature tensile tests,,82.4,91,T250,,FALSE,
10.1007/s00339-016-0305-3,T250V4,1000,Yield strength (YS) and ultimate tensile strength (UTS) obtained from the room temperature tensile tests,,98,110.1,T250,,FALSE,
10.1007/s00339-016-0305-3,T200V2,1000,Yield strength (YS) and ultimate tensile strength (UTS) obtained from the room temperature tensile tests,,100.7,113.3,T200,,FALSE,
10.1007/s00339-016-0305-3,T200V4,1000,Yield strength (YS) and ultimate tensile strength (UTS) obtained from the room temperature tensile tests,,107.5,119.5,T200,,FALSE,
10.1007/s00339-016-0305-3,T150V2,1000,Yield strength (YS) and ultimate tensile strength (UTS) obtained from the room temperature tensile tests,,103.4,114.6,T150,,FALSE,
10.1007/s00339-016-0305-3,T150V4,1000,Yield strength (YS) and ultimate tensile strength (UTS) obtained from the room temperature tensile tests,,114.5,121.9,T150,,FALSE,
10.1007/s00339-016-0305-3,T100V4,1000,Yield strength (YS) and ultimate tensile strength (UTS) obtained from the room temperature tensile tests,,187.1,196.5,T100,,FALSE,
10.1016/j.jmatprotec.2007.06.074,Al-2Mg,1000,Mechanical properties of Al-2Mg base composites,,48,73,,,FALSE,
10.1016/j.jmatprotec.2007.06.074,Al-2Mg-2.5FeCu,1000,Mechanical properties of Al-2Mg base composites,,74,98,,,FALSE,
10.1016/j.jmatprotec.2007.06.074,Al-2Mg-5FeCu,1000,Mechanical properties of Al-2Mg base composites,,122,162,,,FALSE,
10.1016/j.jmatprotec.2007.06.074,Al-2Mg-10FeCu,1000,Mechanical properties of Al-2Mg base composites,,,108,,,FALSE,
10.1016/j.jallcom.2016.07.177,Annealed,1000,Tensile properties of AA1050 under different conditions.,1050,50.2,113.4,,,FALSE,
10.1016/j.jallcom.2016.07.177,1 cycle ARB,1000,Tensile properties of AA1050 under different conditions.,1050,120.2,161.9,,,FALSE,
10.1016/j.jallcom.2016.07.177,3 cycles ARB,1000,Tensile properties of AA1050 under different conditions.,1050,132.5,178.6,,,FALSE,
10.1016/j.jallcom.2016.07.177,5 cycles ARB,1000,Tensile properties of AA1050 under different conditions.,1050,140.2,185.6,,,FALSE,
10.1016/j.jallcom.2016.07.177,7 cycles ARB,1000,Tensile properties of AA1050 under different conditions.,1050,150.2,188.1,,,FALSE,
10.1016/j.jallcom.2016.07.177,9 cycles ARB,1000,Tensile properties of AA1050 under different conditions.,1050,160.2,192.2,,,FALSE,
10.1016/j.msea.2014.08.038,2A97,2000,Nominal chemical compositions and mechanical properties of 2A97 Al-Li alloy.,,,443.5,,18.5,FALSE,
10.1016/j.jmatprotec.2017.04.024,Value,2000,Mechanical properties of 2A12-T4.,,334.5,448.5,T4,17.2,FALSE,
10.1007/s11661-013-1778-8,3.8 to 4.9,2000,Chemical Compositions and Mechanical Properties of 2024Al-T351 Rolled Plate,2024,338,480,T351,,FALSE,
10.1016/j.msea.2015.12.101,SLM,2000,Tensile properties of the SLMed samples and AA 2024 in different state according to ASTM B209-07.,2024,276.2,402.4,,6,FALSE,
10.1016/j.msea.2015.12.101,AA 2024-O,2000,Tensile properties of the SLMed samples and AA 2024 in different state according to ASTM B209-07.,2024,75,185,,12,FALSE,
10.1016/j.msea.2015.12.101,AA 2024-T6,2000,Tensile properties of the SLMed samples and AA 2024 in different state according to ASTM B209-07.,2024,393,476,T6,10,FALSE,
10.1007/s11661-016-3807-x,T87 (Starting Condition),2000,"Room-Temperature Uniaxial Tensile Properties, Hardness, and Electrical Conductivity Results Obtained for the Different Cryorolled Conditions in the Present Study",,394,485,T87,,FALSE,
10.1016/j.jmatprotec.2005.02.006,EN AW-2124,2000,Properties of investigated composites material reinforced with Al2O3 ceramic particles,2124,262,416,,,FALSE,
10.1016/j.jmatprotec.2005.02.006,EN AW-2124/5% Al2O3,2000,Properties of investigated composites material reinforced with Al2O3 ceramic particles,2124,227,392,,,FALSE,
10.1016/j.jmatprotec.2005.02.006,EN AW-2124/10% Al2O3,2000,Properties of investigated composites material reinforced with Al2O3 ceramic particles,2124,246,406,,,FALSE,
10.1016/j.jmatprotec.2005.02.006,EN AW-2124/15% Al2O3,2000,Properties of investigated composites material reinforced with Al2O3 ceramic particles,2124,260,425,,,FALSE,
10.1016/j.msea.2008.03.017,2195-T8,2000,Tensile properties for the as received AA 2195-T8,2195,503,537,T8,,FALSE,
10.1016/j.matlet.2013.08.093,T4,2000,Mechanical properties of Al 2024 monolithic specimens and bond strength of laminated specimens.,2024,,457,T4,21,FALSE,
10.1016/j.matlet.2013.08.093,T62,2000,Mechanical properties of Al 2024 monolithic specimens and bond strength of laminated specimens.,2024,,449,T62,6,FALSE,
10.1016/j.jmatprotec.2008.04.020,2024 T45,2000,Material properties of the aluminium alloys 2024 T45 and 7075 T65,2024,,425,T45,21,FALSE,
10.1016/j.jmatprotec.2008.04.020,7075 T65,2000,Material properties of the aluminium alloys 2024 T45 and 7075 T65,7075,,570,T65,10,FALSE,
10.1007/s11663-016-0611-3,7.9,2000,Transverse Tensile Properties of FSW 2024-T351 Joints,2024,258,309,T351,,FALSE,
10.1007/s11663-016-0611-3,7.2,2000,Transverse Tensile Properties of FSW 2024-T351 Joints,2024,251,328,T351,,FALSE,
10.1007/s11663-016-0611-3,5.2,2000,Transverse Tensile Properties of FSW 2024-T351 Joints,2024,230,297,T351,,FALSE,
10.1007/s11663-016-0611-3,4.4,2000,Transverse Tensile Properties of FSW 2024-T351 Joints,2024,214,255,T351,,FALSE,
10.1007/s11663-016-0611-3,3,2000,Transverse Tensile Properties of FSW 2024-T351 Joints,2024,197,231,T351,,FALSE,
10.1007/s11663-016-0611-3,4.7,2000,Transverse Tensile Properties of FSW 2024-T351 Joints,2024,227,286,T351,,FALSE,
10.1007/s11663-016-0611-3,6.5,2000,Transverse Tensile Properties of FSW 2024-T351 Joints,2024,253,319,T351,,FALSE,
10.1007/s11663-016-0611-3,8,2000,Transverse Tensile Properties of FSW 2024-T351 Joints,2024,263,335,T351,,FALSE,
10.1007/s11663-016-0611-3,7.1,2000,Transverse Tensile Properties of FSW 2024-T351 Joints,2024,254,301,T351,,FALSE,
10.1007/s11663-016-0611-3,4.2,2000,Transverse Tensile Properties of FSW 2024-T351 Joints,2024,209,273,T351,,FALSE,
10.1007/s11663-016-0611-3,3.5,2000,Transverse Tensile Properties of FSW 2024-T351 Joints,2024,202,260,T351,,FALSE,
10.1007/s11663-016-0611-3,5.4,2000,Transverse Tensile Properties of FSW 2024-T351 Joints,2024,236,294,T351,,FALSE,
10.1007/s11663-016-0611-3,6.6,2000,Transverse Tensile Properties of FSW 2024-T351 Joints,2024,245,305,T351,,FALSE,
10.1007/s11663-016-0611-3,7.9,2000,Transverse Tensile Properties of FSW 2024-T351 Joints,2024,261,326,T351,,FALSE,
10.1007/s11663-016-0611-3,6.8,2000,Transverse Tensile Properties of FSW 2024-T351 Joints,2024,247,301,T351,,FALSE,
10.1007/s11663-016-0611-3,2.9,2000,Transverse Tensile Properties of FSW 2024-T351 Joints,2024,194,228,T351,,FALSE,
10.1007/s11663-016-0611-3,5.3,2000,Transverse Tensile Properties of FSW 2024-T351 Joints,2024,223,272,T351,,FALSE,
10.1007/s11663-016-0611-3,6.1,2000,Transverse Tensile Properties of FSW 2024-T351 Joints,2024,231,289,T351,,FALSE,
10.1007/s11663-016-0611-3,6.7,2000,Transverse Tensile Properties of FSW 2024-T351 Joints,2024,244,310,T351,,FALSE,
10.1007/s11663-016-0611-3,7.8,2000,Transverse Tensile Properties of FSW 2024-T351 Joints,2024,257,324,T351,,FALSE,
10.1007/s11663-016-0611-3,17.8,2000,Transverse Tensile Properties of FSW 2024-T351 Joints,2024,324,429,T351,,FALSE,
10.1016/j.msea.2016.12.087,BM,2000,Tensile properties of base metal and FSW joints of AA2014.,2014,410,469,,9.14,FALSE,
10.1016/j.msea.2016.12.087,NC,2000,Tensile properties of base metal and FSW joints of AA2014.,2014,208,323,,68.8,FALSE,
10.1016/j.msea.2016.12.087,WC,2000,Tensile properties of base metal and FSW joints of AA2014.,2014,237,379,,77.9,FALSE,
10.1007/s11661-010-0377-1,BM,2000,Tensile Parameters of AA2219 Parent and Weld Metals,2219,358,440,,,FALSE,
10.1007/s11661-010-0377-1,AW,2000,Tensile Parameters of AA2219 Parent and Weld Metals,2219,138,248,,,FALSE,
10.1007/s11661-010-0377-1,RW,2000,Tensile Parameters of AA2219 Parent and Weld Metals,2219,126,251,,,FALSE,
10.1007/s11661-012-1117-5,BM,2000,Tensile Parameters of AA2219 Parent and Weld Metals,2219,358,440,,,FALSE,
10.1007/s11661-012-1117-5,SP,2000,Tensile Parameters of AA2219 Parent and Weld Metals,2219,138,248,,,FALSE,
10.1007/s11661-012-1117-5,MP,2000,Tensile Parameters of AA2219 Parent and Weld Metals,2219,185,258,,,FALSE,
10.1016/j.conbuildmat.2015.01.001,1,2000,Nominal and actual ultimate bearing strengths of GF-PEI/AA2198/Ti gr.2 joints.,2198,,178,,,FALSE,
10.1016/j.conbuildmat.2015.01.001,2,2000,Nominal and actual ultimate bearing strengths of GF-PEI/AA2198/Ti gr.2 joints.,2198,,168,,,FALSE,
10.1016/j.conbuildmat.2015.01.001,3,2000,Nominal and actual ultimate bearing strengths of GF-PEI/AA2198/Ti gr.2 joints.,2198,,100,,,FALSE,
10.1016/j.conbuildmat.2015.01.001,4,2000,Nominal and actual ultimate bearing strengths of GF-PEI/AA2198/Ti gr.2 joints.,2198,,179,,,FALSE,
10.1016/j.conbuildmat.2015.01.001,5,2000,Nominal and actual ultimate bearing strengths of GF-PEI/AA2198/Ti gr.2 joints.,2198,,145,,,FALSE,
10.1016/j.conbuildmat.2015.01.001,6,2000,Nominal and actual ultimate bearing strengths of GF-PEI/AA2198/Ti gr.2 joints.,2198,,100,,,FALSE,
10.1016/j.conbuildmat.2015.01.001,7,2000,Nominal and actual ultimate bearing strengths of GF-PEI/AA2198/Ti gr.2 joints.,2198,,199,,,FALSE,
10.1016/j.conbuildmat.2015.01.001,8,2000,Nominal and actual ultimate bearing strengths of GF-PEI/AA2198/Ti gr.2 joints.,2198,,127,,,FALSE,
10.1016/j.conbuildmat.2015.01.001,9,2000,Nominal and actual ultimate bearing strengths of GF-PEI/AA2198/Ti gr.2 joints.,2198,,122,,,FALSE,
10.1016/j.conbuildmat.2015.01.001,Avg.,2000,Nominal and actual ultimate bearing strengths of GF-PEI/AA2198/Ti gr.2 joints.,2198,,146,,,FALSE,
10.1016/j.conbuildmat.2015.01.001,Std.,2000,Nominal and actual ultimate bearing strengths of GF-PEI/AA2198/Ti gr.2 joints.,2198,,39,,,FALSE,
10.1007/s10853-009-3735-x,Bal.,2000,o chemical composition and tensile strength of 2024-T4 aluminum alloy plate,2024,320,450,T4,9,FALSE,
10.1016/j.matdes.2015.09.151,T3 + tempered - 2050 base material,2000,Tensile properties of the base material and of the mid-thickness of the nugget of second pass.,2050,540,560,T3,11,FALSE,
10.1016/j.matdes.2015.08.003,T34 metallurgical state,2000,Tensile mechanical properties of the AA2050-T34 and -T84 alloy at 25 degC.,2050,280,470,T34,20,FALSE,
10.1016/j.matdes.2015.08.003,T84 metallurgical state,2000,Tensile mechanical properties of the AA2050-T34 and -T84 alloy at 25 degC.,2050,520,590,T84,10.5,FALSE,
10.1016/j.jmatprotec.2006.01.009,485 MPa,2000,Mechanical properties and chemical compositions of Al 2024-T3,2024,285,485,T3,,FALSE,
10.1007/s11661-014-2207-3,Literature[],2000,Tensile Properties of Al-Si-Cu Alloys in Literature[] and Al-Cu Alloys Used in the Present Work,,205,260,,,FALSE,
10.1007/s11661-014-2207-3,Literature[],2000,Tensile Properties of Al-Si-Cu Alloys in Literature[] and Al-Cu Alloys Used in the Present Work,,205,285,,,FALSE,
10.1007/s11661-014-2207-3,Literature[],2000,Tensile Properties of Al-Si-Cu Alloys in Literature[] and Al-Cu Alloys Used in the Present Work,,255,330,,,FALSE,
10.1007/s11661-014-2207-3,Literature[],2000,Tensile Properties of Al-Si-Cu Alloys in Literature[] and Al-Cu Alloys Used in the Present Work,,262,262,,,FALSE,
10.1007/s11661-014-2207-3,Present work,2000,Tensile Properties of Al-Si-Cu Alloys in Literature[] and Al-Cu Alloys Used in the Present Work,,270,393,,,FALSE,
10.1007/s11661-014-2207-3,Present work,2000,Tensile Properties of Al-Si-Cu Alloys in Literature[] and Al-Cu Alloys Used in the Present Work,,427,450,,,FALSE,
10.1007/s11661-014-2207-3,Present work,2000,Tensile Properties of Al-Si-Cu Alloys in Literature[] and Al-Cu Alloys Used in the Present Work,,262,362,,,FALSE,
10.1007/s11661-014-2207-3,Present work,2000,Tensile Properties of Al-Si-Cu Alloys in Literature[] and Al-Cu Alloys Used in the Present Work,,384,424,,,FALSE,
10.1016/j.matdes.2015.06.044,580,2000,Selected mechanical and physical properties of the CF-PPS used in this work.,,,119,,,FALSE,
10.1016/j.msea.2009.04.049,2195-T8,2000,Tensile properties for as-received AA 2195-T8.,2195,503,537,T8,,FALSE,
10.1016/j.ijfatigue.2007.12.002,Base metal,2000,Mechanical properties of base metal,,390,470,,15,FALSE,
10.1016/j.ijfatigue.2007.12.002,BM,2000,Transverse tensile properties of EB welded AA2219 aluminium alloy,2219,390,470,,15,FALSE,
10.1016/j.ijfatigue.2007.12.002,AW,2000,Transverse tensile properties of EB welded AA2219 aluminium alloy,2219,215,275,,9,FALSE,
10.1016/j.ijfatigue.2007.12.002,AA,2000,Transverse tensile properties of EB welded AA2219 aluminium alloy,2219,260,340,,11.6,FALSE,
10.1016/j.ijfatigue.2007.12.002,ST,2000,Transverse tensile properties of EB welded AA2219 aluminium alloy,2219,243,304,,10.5,FALSE,
10.1016/j.ijfatigue.2007.12.002,STA,2000,Transverse tensile properties of EB welded AA2219 aluminium alloy,2219,295,370,,13,FALSE,
10.1007/s11661-008-9739-3,T3,2000,Mechanical Properties of Material,,316,459,T3,,FALSE,
10.1016/j.msea.2011.08.015,0 (as-received),2000,Tensile properties measured along the longitudinal axis of the ECAP-processed aluminum 2024 alloy.,2024,410,505,,11.4,FALSE,
10.1016/j.msea.2011.08.015,1,2000,Tensile properties measured along the longitudinal axis of the ECAP-processed aluminum 2024 alloy.,2024,462,521,,10.3,FALSE,
10.1016/j.msea.2011.08.015,3,2000,Tensile properties measured along the longitudinal axis of the ECAP-processed aluminum 2024 alloy.,2024,462,514,,10,FALSE,
10.1016/j.msea.2011.08.015,6,2000,Tensile properties measured along the longitudinal axis of the ECAP-processed aluminum 2024 alloy.,2024,470,523,,11.1,FALSE,
10.1016/j.msea.2012.07.064,T7A,2000,Tensile properties of the experimental 206 alloy (in different temper conditions) and A206 alloy.,,,302,T7,376,FALSE,
10.1016/j.msea.2012.07.064,T7B,2000,Tensile properties of the experimental 206 alloy (in different temper conditions) and A206 alloy.,,,324,T7,391,FALSE,
10.1016/j.msea.2012.07.064,T7C,2000,Tensile properties of the experimental 206 alloy (in different temper conditions) and A206 alloy.,,,296,T7,366,FALSE,
10.1016/j.msea.2012.07.064,T71,2000,Tensile properties of the experimental 206 alloy (in different temper conditions) and A206 alloy.,,,347,T71,436,FALSE,
10.1016/j.msea.2010.12.045,2024-T351,2000,Mechanical properties of the as-received Al 2024-T351 alloy (UTS: ultimate tensile strength; YS: yield stress; HV: Vickers Hardness).,2024,285,435,T351,12,FALSE,
10.1016/j.scriptamat.2011.12.011,0,2000,Room-temperature tensile properties of Al-Cu-Mg-Ge alloy after exposure at 150 degC for various times.,,347.3,415.3,,17.8,FALSE,
10.1016/j.scriptamat.2011.12.011,500,2000,Room-temperature tensile properties of Al-Cu-Mg-Ge alloy after exposure at 150 degC for various times.,,320,412.7,,13.6,FALSE,
10.1016/j.scriptamat.2011.12.011,1000,2000,Room-temperature tensile properties of Al-Cu-Mg-Ge alloy after exposure at 150 degC for various times.,1000,305.1,401.5,,11.6,FALSE,
10.1016/j.jmatprotec.2005.11.020,Al2024 O,2000,Material properties,2024,75.8,89.6,,,FALSE,
10.1016/j.jmatprotec.2005.11.020,Al2024 T3,2000,Material properties,2024,345,283,T3,,FALSE,
10.1016/j.jmatprotec.2007.08.070,Base metal (2219-T87),2000,Tensile properties of fusion zone (as-welded and deformed welds),2219,365,456,T87,,FALSE,
10.1016/j.jmatprotec.2007.08.070,Base metal (2219-T87),2000,Tensile properties of deformed and aged GTA welds,2219,365,456,T87,,FALSE,
10.1016/j.scriptamat.2006.04.013,Bal.,2000,Chemical compositions and mechanical properties of 2219-O aluminum alloy,2219,114,159,O,17.5,FALSE,
10.1016/j.msea.2013.07.002,Unreinforced alloy,2000,"Comparative study on the mechanical properties of the unreinforced alloy, homogeneous and network structured (Al3Zrp+Al2O3np)/2024Al composite.",2024,105,220,,12,FALSE,
10.1016/j.msea.2013.07.002,Homogeneous distribution,2000,"Comparative study on the mechanical properties of the unreinforced alloy, homogeneous and network structured (Al3Zrp+Al2O3np)/2024Al composite.",2024,168,232,,1.33,FALSE,
10.1016/j.msea.2013.07.002,Network distribution,2000,"Comparative study on the mechanical properties of the unreinforced alloy, homogeneous and network structured (Al3Zrp+Al2O3np)/2024Al composite.",2024,175,261,,2.3,FALSE,
10.1016/j.matdes.2007.11.005,Base metal,2000,Mechanical properties of base metal,,392,475,,15,FALSE,
10.1016/j.matdes.2007.11.005,BM,2000,Transverse tensile properties of EB welded AA2219 aluminium alloy,2219,390,470,,15,FALSE,
10.1016/j.matdes.2007.11.005,AW,2000,Transverse tensile properties of EB welded AA2219 aluminium alloy,2219,215,275,,9,FALSE,
10.1016/j.matdes.2007.11.005,AA,2000,Transverse tensile properties of EB welded AA2219 aluminium alloy,2219,260,340,,11.6,FALSE,
10.1016/j.matdes.2007.11.005,ST,2000,Transverse tensile properties of EB welded AA2219 aluminium alloy,2219,243,304,,10.5,FALSE,
10.1016/j.matdes.2007.11.005,STA,2000,Transverse tensile properties of EB welded AA2219 aluminium alloy,2219,295,370,,13,FALSE,
10.1016/j.msea.2006.04.087,2024-T351 base metal,2000,"Tensile properties of AA2024-T351, 2524-T351 base metal and their FSW nuggets (obtained from unnotched specimens)",2024,322.5,769.1,T351,21.2,FALSE,
10.1016/j.msea.2006.04.087,2524-T351 base metal,2000,"Tensile properties of AA2024-T351, 2524-T351 base metal and their FSW nuggets (obtained from unnotched specimens)",2524,335.2,784.7,T351,21,FALSE,
10.1016/j.msea.2006.04.087,2024-FSW nugget,2000,"Tensile properties of AA2024-T351, 2524-T351 base metal and their FSW nuggets (obtained from unnotched specimens)",2024,315,775.9,T351,20.9,FALSE,
10.1016/j.msea.2006.04.087,2524-FSW nugget,2000,"Tensile properties of AA2024-T351, 2524-T351 base metal and their FSW nuggets (obtained from unnotched specimens)",2524,304.7,772,T351,24.6,FALSE,
10.1016/j.msea.2006.04.087,2024BM,2000,"Calculated max stress and strain at notch root based on Neuber's rule (the stress concentration factor, Kt = 4.32 for the notch geometry shown in )",2024,,769.1,,,FALSE,
10.1016/j.msea.2006.04.087,2024FSW nugget,2000,"Calculated max stress and strain at notch root based on Neuber's rule (the stress concentration factor, Kt = 4.32 for the notch geometry shown in )",2024,,775.9,,,FALSE,
10.1016/j.msea.2006.04.087,2524BM,2000,"Calculated max stress and strain at notch root based on Neuber's rule (the stress concentration factor, Kt = 4.32 for the notch geometry shown in )",2524,,784.7,,,FALSE,
10.1016/j.msea.2006.04.087,2524FSW nugget,2000,"Calculated max stress and strain at notch root based on Neuber's rule (the stress concentration factor, Kt = 4.32 for the notch geometry shown in )",2524,,772,,,FALSE,
10.1007/s11661-016-3332-y,L,2000,Tensile Parameters of AA2219 Parent and Weld Metals (50 mm Gage Length),2219,358,440,,,FALSE,
10.1007/s11661-016-3332-y,LT,2000,Tensile Parameters of AA2219 Parent and Weld Metals (50 mm Gage Length),2219,376,459,,,FALSE,
10.1007/s11661-016-3332-y,C,2000,Tensile Parameters of AA2219 Parent and Weld Metals (50 mm Gage Length),2219,337,443,,,FALSE,
10.1007/s11661-016-3332-y,R,2000,Tensile Parameters of AA2219 Parent and Weld Metals (50 mm Gage Length),2219,339,450,,,FALSE,
10.1007/s11661-016-3332-y,A,2000,Tensile Parameters of AA2219 Parent and Weld Metals (50 mm Gage Length),2219,348,449,,,FALSE,
10.1007/s11661-016-3332-y,PP,2000,Tensile Parameters of AA2219 Parent and Weld Metals (50 mm Gage Length),2219,185,285,,,FALSE,
10.1007/s11661-016-3332-y,PR,2000,Tensile Parameters of AA2219 Parent and Weld Metals (50 mm Gage Length),2219,168,288,,,FALSE,
10.1016/j.matdes.2016.08.004,L-T,2000,Mechanical properties of 2524 alloy.,2524,319,464,,20.1,FALSE,
10.1016/s0921-5093(00)01912-2,-54,2000,Tensile properties of aluminum alloy 2524-T351,2524,372,483,T351,30,FALSE,
10.1016/s0921-5093(00)01912-2,,2000,Tensile properties of aluminum alloy 2524-T351,2524,324,489,T351,25,FALSE,
10.1016/s0921-5093(00)01912-2,27,2000,Tensile properties of aluminum alloy 2524-T351,2524,372,469,T351,30,FALSE,
10.1016/s0921-5093(00)01912-2,94,2000,Tensile properties of aluminum alloy 2524-T351,2524,338,448,T351,43,FALSE,
10.1016/s0921-5093(00)01912-2,,2000,Tensile properties of aluminum alloy 2524-T351,2524,324,441,T351,27,FALSE,
10.1016/j.msea.2010.02.057,L direction,2000,Mechanical properties in the longitudinal direction of over-aged Al 2024 alloy after three ECAP passes at 150degC.,2024,,514,,10.3,FALSE,
10.1016/j.msea.2014.12.002,W2,2000,Mechanical properties of the AA2219 DC cast alloy under different heat treatment conditions.,2219,300,375,,3.6,FALSE,
10.1016/j.msea.2014.12.002,A2,2000,Mechanical properties of the AA2219 DC cast alloy under different heat treatment conditions.,2219,120,265,,6.2,FALSE,
10.1016/j.msea.2014.12.002,A6,2000,Mechanical properties of the AA2219 DC cast alloy under different heat treatment conditions.,2219,155,290,,5.3,FALSE,
10.1016/j.msea.2014.12.002,A9,2000,Mechanical properties of the AA2219 DC cast alloy under different heat treatment conditions.,2219,175,305,,4.5,FALSE,
10.1016/j.msea.2009.04.056,4.52,2000,Chemical composition and mechanical properties of the alloy.,,75,205,,,FALSE,
10.1016/j.msea.2011.11.025,Al-Cu-Mn,2000,Mechanical properties of the aged alloys.,,114,224,,7.2,FALSE,
10.1016/j.msea.2011.11.025,Al-Cu-Mn-Ce,2000,Mechanical properties of the aged alloys.,,76.7,182.9,,5.4,FALSE,
10.1016/j.msea.2014.10.029,T8,2000,The mechanical properties of the samples with different tempers.,,467.7,520.3,T8,8.8,FALSE,
10.1016/j.msea.2014.10.029,T9,2000,The mechanical properties of the samples with different tempers.,,492.6,533.4,T9,8.5,FALSE,
10.1016/j.msea.2013.08.001,L,2000,Tensile properties of alloy AA2195T87.,2195,,557,T87,,FALSE,
10.1016/j.msea.2013.08.001,LT,2000,Tensile properties of alloy AA2195T87.,2195,,521,T87,,FALSE,
10.1016/j.msea.2013.08.001,L,2000,Tensile properties of alloy AA2195T87.,2195,,602,T87,,FALSE,
10.1016/j.msea.2013.08.001,LT,2000,Tensile properties of alloy AA2195T87.,2195,,572,T87,,FALSE,
10.1016/j.msea.2013.08.001,L,2000,Tensile properties of alloy AA2195T87.,2195,,650,T87,,FALSE,
10.1016/j.msea.2013.08.001,LT,2000,Tensile properties of alloy AA2195T87.,2195,,616,T87,,FALSE,
10.1016/j.msea.2007.02.100,1,2000,Room temperature tensile properties of friction welded aluminum alloy 2024-T8,2024,445,476,T8,16.48,FALSE,
10.1016/j.msea.2007.02.100,1,2000,Room temperature tensile properties of friction welded aluminum alloy 2024-T8,2024,322,436,T8,5.5,FALSE,
10.1016/j.msea.2007.02.100,2,2000,Room temperature tensile properties of friction welded aluminum alloy 2024-T8,2024,326,453,T8,3,FALSE,
10.1016/j.msea.2007.02.100,Average,2000,Room temperature tensile properties of friction welded aluminum alloy 2024-T8,2024,324,444.5,T8,4.25,FALSE,
10.1016/j.msea.2007.02.100,1,2000,Room temperature tensile properties of friction welded aluminum alloy 2024-T8,2024,321,397,T8,5.04,FALSE,
10.1016/j.msea.2007.02.100,2,2000,Room temperature tensile properties of friction welded aluminum alloy 2024-T8,2024,329,401,T8,3.44,FALSE,
10.1016/j.msea.2007.02.100,Average,2000,Room temperature tensile properties of friction welded aluminum alloy 2024-T8,2024,325,399,T8,4.24,FALSE,
10.1016/j.msea.2015.04.104,7B85,2000,"Solution and peak-aging tempers for the 6 Al-Zn-Mg-Cu alloys, and the tensile properties and electrical conductivities for the 6 peak-aged aluminum alloys.",,520,578,,,FALSE,
10.1016/j.msea.2015.04.104,7050,2000,"Solution and peak-aging tempers for the 6 Al-Zn-Mg-Cu alloys, and the tensile properties and electrical conductivities for the 6 peak-aged aluminum alloys.",7050,540,620,,,FALSE,
10.1016/j.msea.2015.04.104,7B04,2000,"Solution and peak-aging tempers for the 6 Al-Zn-Mg-Cu alloys, and the tensile properties and electrical conductivities for the 6 peak-aged aluminum alloys.",,577,645,,,FALSE,
10.1016/j.msea.2015.04.104,7150,2000,"Solution and peak-aging tempers for the 6 Al-Zn-Mg-Cu alloys, and the tensile properties and electrical conductivities for the 6 peak-aged aluminum alloys.",7150,582,660,,,FALSE,
10.1016/j.msea.2015.04.104,7055,2000,"Solution and peak-aging tempers for the 6 Al-Zn-Mg-Cu alloys, and the tensile properties and electrical conductivities for the 6 peak-aged aluminum alloys.",7055,595,673,,,FALSE,
10.1016/j.msea.2015.04.104,7A93,2000,"Solution and peak-aging tempers for the 6 Al-Zn-Mg-Cu alloys, and the tensile properties and electrical conductivities for the 6 peak-aged aluminum alloys.",,770,795,,,FALSE,
10.1016/j.msea.2014.04.060,15vol% SiCp/AA2009,2000,Tensile properties of friction stir welded aluminium matrix composites.,2009,164,305,,100,FALSE,
10.1016/j.msea.2014.04.060,15vol% SiCp/AA2009,2000,Tensile properties of friction stir welded aluminium matrix composites.,2009,236,328,,100,FALSE,
10.1016/j.msea.2014.04.060,15vol% SiCp/AA2009,2000,Tensile properties of friction stir welded aluminium matrix composites.,2009,340,470,,95,FALSE,
10.1016/j.msea.2014.04.060,15vol% SiCp/AA2009,2000,Tensile properties of friction stir welded aluminium matrix composites.,2009,324,445,,95,FALSE,
10.1016/j.msea.2014.04.060,SiCp/AA2124,2000,Tensile properties of friction stir welded aluminium matrix composites.,2124,479,642,,86.5,FALSE,
10.1016/j.msea.2014.04.060,15vol% SiCp/AA2009,2000,Tensile properties of friction stir welded aluminium matrix composites.,2009,192,321,,100,FALSE,
10.1016/j.msea.2014.04.060,15vol% SiCp/AA2009,2000,Tensile properties of friction stir welded aluminium matrix composites.,2009,344,521,,7.1,FALSE,
10.1016/j.msea.2014.04.060,15vol% SiCp/AA2009,2000,Tensile properties of friction stir welded aluminium matrix composites.,2009,357,543,,13.1,FALSE,
10.1016/j.msea.2014.04.060,17vol% SiCp/AA2009,2000,Tensile properties of friction stir welded aluminium matrix composites.,2009,508,581,,77,FALSE,
10.1016/j.msea.2014.04.060,17vol% SiCp/AA2009,2000,Tensile properties of friction stir welded aluminium matrix composites.,2009,278,443,,77,FALSE,
10.1016/j.msea.2015.11.032,STed,2000,Hardness and tensile properties of 2024 Al alloy at different processed conditions.,2024,161,340,,,FALSE,
10.1016/j.msea.2015.11.032,STed+CRed,2000,Hardness and tensile properties of 2024 Al alloy at different processed conditions.,2024,320,356.7,,,FALSE,
10.1016/j.msea.2015.11.032,STed+CRed +Aged at 200degC for 60min.,2000,Hardness and tensile properties of 2024 Al alloy at different processed conditions.,2024,370,407.5,,,FALSE,
10.1016/j.msea.2015.11.032,STed+MAFed-2,2000,Hardness and tensile properties of 2024 Al alloy at different processed conditions.,2024,470,483.3,,,FALSE,
10.1016/j.msea.2015.11.032,STed+MAFed-4,2000,Hardness and tensile properties of 2024 Al alloy at different processed conditions.,2024,500,521,,,FALSE,
10.1016/j.msea.2015.11.032,STed+MAFed-2 +Aged at 200degC for 40min.,2000,Hardness and tensile properties of 2024 Al alloy at different processed conditions.,2024,485,521,,,FALSE,
10.1016/j.msea.2015.11.032,STed+MAFed-4+Aged at 200degC for 40min.,2000,Hardness and tensile properties of 2024 Al alloy at different processed conditions.,2024,510,532,,,FALSE,
10.1016/j.msea.2011.11.081,27,2000,Uniaxial tensile properties of 2009/SiC/15p-T42 composite [results are the mean values based on duplicate tests].,2009,387.51,536.39,T42,10.04,FALSE,
10.1016/j.msea.2014.12.026,Longitudinal,2000,Mechanical properities of 2195 T8.,2195,500,560,T8,12.7,FALSE,
10.1016/j.msea.2014.04.051,Al-B4C 50-50,2000,"Results of tensile, compression and hardness tests applied to the hot extruded samples.",,300,499,,2.97,FALSE,
10.1016/j.msea.2014.04.051,Al-B4C 30-70,2000,"Results of tensile, compression and hardness tests applied to the hot extruded samples.",,404,568,,1.5,FALSE,
10.1016/j.msea.2014.04.051,NC Al-B4C,2000,"Results of tensile, compression and hardness tests applied to the hot extruded samples.",,582,690,,0.5,FALSE,
10.1016/j.msea.2004.10.014,AA2024-T3,2000,Tensile properties of the alloys AA2024 of T3 and T81 temper designations,2024,354,485,T3,17,FALSE,
10.1016/j.msea.2004.10.014,AA2024-T81,2000,Tensile properties of the alloys AA2024 of T3 and T81 temper designations,2024,450,485,T81,7,FALSE,
10.1016/j.msea.2008.07.033,1,2000,Room temperature tensile properties of aluminum alloy 2219-T62,2219,275.8,410.9,T62,8.8,FALSE,
10.1016/j.msea.2008.07.033,2,2000,Room temperature tensile properties of aluminum alloy 2219-T62,2219,283.3,415.6,T62,6.4,FALSE,
10.1016/j.msea.2008.07.033,Average,2000,Room temperature tensile properties of aluminum alloy 2219-T62,2219,279.6,413.3,T62,7.6,FALSE,
10.1016/j.msea.2008.07.033,1,2000,Room temperature tensile properties of aluminum alloy 2219-T62,2219,274.7,405.1,T62,8,FALSE,
10.1016/j.msea.2008.07.033,2,2000,Room temperature tensile properties of aluminum alloy 2219-T62,2219,274.49,402.97,T62,7.5,FALSE,
10.1016/j.msea.2008.07.033,Average,2000,Room temperature tensile properties of aluminum alloy 2219-T62,2219,274.6,404,T62,7.7,FALSE,
10.1016/j.msea.2017.11.063,SLM,2000,Comparison of the tensile properties of the SLM Al-3.5Cu-1.5Mg-1Si alloy with different commercial alloys.,,,223,,366,FALSE,
10.1016/j.msea.2017.11.063,SLM,2000,Comparison of the tensile properties of the SLM Al-3.5Cu-1.5Mg-1Si alloy with different commercial alloys.,,,368,,455,FALSE,
10.1016/j.msea.2017.11.063,SLM,2000,Comparison of the tensile properties of the SLM Al-3.5Cu-1.5Mg-1Si alloy with different commercial alloys.,,,260,,380,FALSE,
10.1016/j.msea.2017.11.063,Cast,2000,Comparison of the tensile properties of the SLM Al-3.5Cu-1.5Mg-1Si alloy with different commercial alloys.,,,95,,220,FALSE,
10.1016/j.msea.2017.11.063,Cast,2000,Comparison of the tensile properties of the SLM Al-3.5Cu-1.5Mg-1Si alloy with different commercial alloys.,,,345,,427,FALSE,
10.1016/j.msea.2006.07.169,As-extruded,2000,Tensile properties of Al 2024,2024,,295,,14.5,FALSE,
10.1016/j.msea.2006.07.169,T4,2000,Tensile properties of Al 2024,2024,,595,T4,17,FALSE,
10.1016/j.msea.2006.07.169,T6,2000,Tensile properties of Al 2024,2024,,460,T6,11.5,FALSE,
10.1016/j.jmatprotec.2005.04.031,EN AW-2124/5%BN,2000,Ultimate compressive strength of composite materials,2124,,668,,,FALSE,
10.1016/j.jmatprotec.2005.04.031,EN AW-2124/10%BN,2000,Ultimate compressive strength of composite materials,2124,,561,,,FALSE,
10.1016/j.jmatprotec.2005.04.031,EN AW-2124/15%BN,2000,Ultimate compressive strength of composite materials,2124,,472,,,FALSE,
10.1016/j.jmatprotec.2005.04.031,EN AW-2124/5%Al2O3,2000,Ultimate compressive strength of composite materials,2124,,798,,,FALSE,
10.1016/j.jmatprotec.2005.04.031,EN AW-2124/10%Al2O3,2000,Ultimate compressive strength of composite materials,2124,,762,,,FALSE,
10.1016/j.jmatprotec.2005.04.031,EN AW-2124/15%Al2O3,2000,Ultimate compressive strength of composite materials,2124,,663,,,FALSE,
10.1016/j.jmatprotec.2005.04.031,EN AW-2124,2000,Tensile properties of EN AW-2124 matrix composites reinforced with BN or Al2O3 ceramic particles,2124,262,416,,,FALSE,
10.1016/j.jmatprotec.2005.04.031,EN AW-2124/5%BN,2000,Tensile properties of EN AW-2124 matrix composites reinforced with BN or Al2O3 ceramic particles,2124,258,377,,,FALSE,
10.1016/j.jmatprotec.2005.04.031,EN AW-2124/10%BN,2000,Tensile properties of EN AW-2124 matrix composites reinforced with BN or Al2O3 ceramic particles,2124,221,311,,,FALSE,
10.1016/j.jmatprotec.2005.04.031,EN AW-2124/15%BN,2000,Tensile properties of EN AW-2124 matrix composites reinforced with BN or Al2O3 ceramic particles,2124,199,213,,,FALSE,
10.1016/j.jmatprotec.2005.04.031,EN AW-2124/5%Al2O3,2000,Tensile properties of EN AW-2124 matrix composites reinforced with BN or Al2O3 ceramic particles,2124,227,392,,,FALSE,
10.1016/j.jmatprotec.2005.04.031,EN AW-2124/10%Al2O3,2000,Tensile properties of EN AW-2124 matrix composites reinforced with BN or Al2O3 ceramic particles,2124,246,406,,,FALSE,
10.1016/j.jmatprotec.2005.04.031,EN AW-2124/15%Al2O3,2000,Tensile properties of EN AW-2124 matrix composites reinforced with BN or Al2O3 ceramic particles,2124,260,425,,,FALSE,
10.1016/j.jmatprotec.2016.06.021,LT,2000,Mechanical properties of alloy AA2060-T8. The BM specimens in long-transverse and longitudinal rolling directions were tested with the as-welded joints for comparison.,2060,428,499,T8,14.3,FALSE,
10.1016/j.jmatprotec.2016.06.021,TL,2000,Mechanical properties of alloy AA2060-T8. The BM specimens in long-transverse and longitudinal rolling directions were tested with the as-welded joints for comparison.,2060,414,498,T8,14,FALSE,
10.1016/j.jmatprotec.2016.06.021,As-welded joint,2000,Tensile properties of the as-welded joints (Values are average of five specimens).,,347,416,,1.2,FALSE,
10.1016/j.jmatprotec.2006.10.021,Al,2000,Material properties of Al2O3/2024 Al alloy based composites,2024,,68,,,FALSE,
10.1016/j.jmatprotec.2006.10.021,Al-10-16,2000,Material properties of Al2O3/2024 Al alloy based composites,2024,,88,,,FALSE,
10.1016/j.jmatprotec.2006.10.021,Al-20-16,2000,Material properties of Al2O3/2024 Al alloy based composites,2024,,100,,,FALSE,
10.1016/j.jmatprotec.2006.10.021,Al-30-16,2000,Material properties of Al2O3/2024 Al alloy based composites,2024,,112,,,FALSE,
10.1016/j.jmatprotec.2006.10.021,Al-10-32,2000,Material properties of Al2O3/2024 Al alloy based composites,2024,,90,,,FALSE,
10.1016/j.jmatprotec.2006.10.021,Al-20-32,2000,Material properties of Al2O3/2024 Al alloy based composites,2024,,97,,,FALSE,
10.1016/j.jmatprotec.2006.10.021,Al-30-32,2000,Material properties of Al2O3/2024 Al alloy based composites,2024,,105,,,FALSE,
10.1016/s0924-0136(03)00806-9,Balance,2000,Chemical compositions and mechanical properties of 2017-T351 aluminum alloy,2017,319.2,428.1,T351,23.8,FALSE,
10.1007/s11665-011-0060-8,Bal.,2000,Chemical compositions and mechanical properties of 2219-T6 aluminum alloy,2219,,432,T6,,FALSE,
10.1007/s11665-014-0875-1,383.8,2000,Mechanical properties of AA2024-T351 aeronautic aluminum alloy,2024,,533.8,T351,,FALSE,
10.1016/j.jmatprotec.2017.12.042,Annealed parent (P),2000,Mechanical Properties of Al-2219 sheet blank heat-treated to different conditions.,2219,,668.17,,78,FALSE,
10.1016/j.jmatprotec.2017.12.042,Solution treated (ST),2000,Mechanical Properties of Al-2219 sheet blank heat-treated to different conditions.,2219,,473.36,,43,FALSE,
10.1016/j.jmatprotec.2017.12.042,Age hardened (T6),2000,Mechanical Properties of Al-2219 sheet blank heat-treated to different conditions.,2219,,886.83,T6,302,FALSE,
10.1016/j.jmatprotec.2018.01.010,6.48,2000,Chemical compositions and mechanical properties of 2219-T6 sheets.,2219,,432,T6,11,FALSE,
10.1016/j.msea.2018.03.088,AA 2219-O [29],2000,"Comparison of AA2219 YS, UTS, and ef of different manufacturing processes.",2219,75,170,O,18,FALSE,
10.1016/j.msea.2018.03.088,AA 2219-T62 [29],2000,"Comparison of AA2219 YS, UTS, and ef of different manufacturing processes.",2219,290,415,T62,10,FALSE,
10.1016/j.msea.2018.03.088,AA 2219-T851 [29],2000,"Comparison of AA2219 YS, UTS, and ef of different manufacturing processes.",2219,350,455,T851,10,FALSE,
10.1016/j.msea.2018.03.088,MELD AA 2219 (As Deposited) [This research],2000,"Comparison of AA2219 YS, UTS, and ef of different manufacturing processes.",2219,145.5,359,,25,FALSE,
10.1016/j.msea.2018.03.088,FSW AA 2219-T8 (SZ) [52],2000,"Comparison of AA2219 YS, UTS, and ef of different manufacturing processes.",2219,209,364.5,T8,19.95,FALSE,
10.1016/j.msea.2018.03.088,FSW AA 2219-T6 [8],2000,"Comparison of AA2219 YS, UTS, and ef of different manufacturing processes.",2219,,295.5,T6,,FALSE,
10.1016/j.msea.2018.03.088,FSW AA 2219-O [3],2000,"Comparison of AA2219 YS, UTS, and ef of different manufacturing processes.",2219,99,169.2,O,7.55,FALSE,
10.1016/j.msea.2018.03.088,EBF AA 2219 (As Deposited) [10],2000,"Comparison of AA2219 YS, UTS, and ef of different manufacturing processes.",2219,112,283,,19.4,FALSE,
10.1016/j.msea.2018.03.088,EBF AA 2219 (Deposit + T62) [10],2000,"Comparison of AA2219 YS, UTS, and ef of different manufacturing processes.",2219,290,416,T62,11.1,FALSE,
10.1016/j.commatsci.2010.06.018,68,2000,Tensile properties of Al 2024-T351.,2024,360,478,T351,,FALSE,
10.1016/j.jallcom.2013.09.140,10,2000,Mechanical properties for different SiC/2024Al alloy co-continuous composites in different direction.,2024,,859.4,,,FALSE,
10.1016/j.jallcom.2013.09.140,10,2000,Mechanical properties for different SiC/2024Al alloy co-continuous composites in different direction.,2024,,931.3,,,FALSE,
10.1016/j.jallcom.2013.09.140,20,2000,Mechanical properties for different SiC/2024Al alloy co-continuous composites in different direction.,2024,,763.6,,,FALSE,
10.1016/j.jallcom.2013.09.140,20,2000,Mechanical properties for different SiC/2024Al alloy co-continuous composites in different direction.,2024,,783.7,,,FALSE,
10.1016/j.jallcom.2013.09.140,30,2000,Mechanical properties for different SiC/2024Al alloy co-continuous composites in different direction.,2024,,770.3,,,FALSE,
10.1016/j.jallcom.2013.09.140,30,2000,Mechanical properties for different SiC/2024Al alloy co-continuous composites in different direction.,2024,,880.9,,,FALSE,
10.1016/j.jallcom.2016.05.247,0.4 wt%Mg,2000,Tensile test results of the peak-aged Al-Cu-Mg-Ag alloys with different Mg content tested at different temperatures.,,421,459,,10.1,FALSE,
10.1016/j.jallcom.2016.05.247,0.4 wt%Mg,2000,Tensile test results of the peak-aged Al-Cu-Mg-Ag alloys with different Mg content tested at different temperatures.,,252,272,,14.6,FALSE,
10.1016/j.jallcom.2016.05.247,0.8 wt%Mg,2000,Tensile test results of the peak-aged Al-Cu-Mg-Ag alloys with different Mg content tested at different temperatures.,,433,487,,9.7,FALSE,
10.1016/j.jallcom.2016.05.247,0.8 wt%Mg,2000,Tensile test results of the peak-aged Al-Cu-Mg-Ag alloys with different Mg content tested at different temperatures.,,276,306,,14.2,FALSE,
10.1016/j.jallcom.2016.05.247,1.2 wt%Mg,2000,Tensile test results of the peak-aged Al-Cu-Mg-Ag alloys with different Mg content tested at different temperatures.,,391,486,,11,FALSE,
10.1016/j.jallcom.2016.05.247,1.2 wt%Mg,2000,Tensile test results of the peak-aged Al-Cu-Mg-Ag alloys with different Mg content tested at different temperatures.,,297,319,,12.7,FALSE,
10.1016/j.jallcom.2015.01.160,Conv. AA2139 T8,2000,"Summary of grain size and tensile properties of cryomilled (CM) and unmilled (UM) samples: yield stress (YS), ultimate stress (UTS) and elongation to failure, increase of yield stress after aging (DYS) in comparison to sample after solid solution treatment (SST), strain hardening (YS/UTS).",2139,480,493,T8,11.4,FALSE,
10.1016/j.jallcom.2016.05.317,Sample 1-1,2000,Mechanical properties of the AA2524-T3 alloy sheet samples.,2524,368,506,T3,19.8,FALSE,
10.1016/j.jallcom.2016.05.317,Sample 1-2,2000,Mechanical properties of the AA2524-T3 alloy sheet samples.,2524,378,512,T3,21.7,FALSE,
10.1016/j.jallcom.2016.05.317,Sample 1-3,2000,Mechanical properties of the AA2524-T3 alloy sheet samples.,2524,351,498,T3,18.4,FALSE,
10.1016/j.jallcom.2016.05.317,2524 T3 [19],2000,Mechanical properties of the AA2524-T3 alloy sheet samples.,2524,306,434,T3,24,FALSE,
10.1016/j.jallcom.2016.08.330,2A97,2000,Nominal chemical compositions and mechanical properties of 2A97 AlLi alloy.,,318.7,501.7,,17,FALSE,
10.1016/j.jallcom.2009.10.185,2519A,2000,Mechanical properties of the studied alloy plates at room temperature and 300degC.,2519,,483.2,,10.8,FALSE,
10.1016/j.jallcom.2009.10.185,2519A,2000,Mechanical properties of the studied alloy plates at room temperature and 300degC.,2519,,139.5,,22.1,FALSE,
10.1016/j.jallcom.2009.10.185,2519A-0.2Ce,2000,Mechanical properties of the studied alloy plates at room temperature and 300degC.,2519,,493,,10.7,FALSE,
10.1016/j.jallcom.2009.10.185,2519A-0.2Ce,2000,Mechanical properties of the studied alloy plates at room temperature and 300degC.,2519,,175,,25.4,FALSE,
10.1016/j.jallcom.2009.10.185,2519A-0.4Ce,2000,Mechanical properties of the studied alloy plates at room temperature and 300degC.,2519,,447.7,,12.3,FALSE,
10.1016/j.jallcom.2009.10.185,2519A-0.4Ce,2000,Mechanical properties of the studied alloy plates at room temperature and 300degC.,2519,,152,,27,FALSE,
10.1016/j.jallcom.2016.01.152,0,2000,Mechanical properties of the 10vol.% nano ZrB2/2024Al composites with different sonication time.,2024,103,245,,17.5,FALSE,
10.1016/j.jallcom.2016.01.152,1,2000,Mechanical properties of the 10vol.% nano ZrB2/2024Al composites with different sonication time.,2024,125,250,,17.8,FALSE,
10.1016/j.jallcom.2016.01.152,3,2000,Mechanical properties of the 10vol.% nano ZrB2/2024Al composites with different sonication time.,2024,142,274,,17.7,FALSE,
10.1016/j.jallcom.2016.01.152,5,2000,Mechanical properties of the 10vol.% nano ZrB2/2024Al composites with different sonication time.,2024,182,296,,19.2,FALSE,
10.1016/j.jallcom.2016.01.152,7,2000,Mechanical properties of the 10vol.% nano ZrB2/2024Al composites with different sonication time.,2024,170,282,,18.6,FALSE,
10.1016/j.jallcom.2016.01.152,9,2000,Mechanical properties of the 10vol.% nano ZrB2/2024Al composites with different sonication time.,2024,135,268,,18.7,FALSE,
10.1016/j.jallcom.2013.09.202,S,2000,Tensile properties of 2024 Al alloy before and after one pass of ECAP.,2024,185,393,,18.5,FALSE,
10.1016/j.jallcom.2013.09.202,T4,2000,Tensile properties of 2024 Al alloy before and after one pass of ECAP.,2024,385,552,T4,11.8,FALSE,
10.1016/j.jallcom.2013.09.202,T6,2000,Tensile properties of 2024 Al alloy before and after one pass of ECAP.,2024,414,578,T6,15.8,FALSE,
10.1016/j.jallcom.2013.09.202,T8,2000,Tensile properties of 2024 Al alloy before and after one pass of ECAP.,2024,485,574,T8,11.9,FALSE,
10.1016/j.jallcom.2013.09.202,SE,2000,Tensile properties of 2024 Al alloy before and after one pass of ECAP.,2024,575,608,,7.5,FALSE,
10.1016/j.jallcom.2013.09.202,SEA70,2000,Tensile properties of 2024 Al alloy before and after one pass of ECAP.,2024,595,647,,7.8,FALSE,
10.1016/j.jallcom.2013.09.202,SEA100,2000,Tensile properties of 2024 Al alloy before and after one pass of ECAP.,2024,610,670,,7.7,FALSE,
10.1016/j.jallcom.2017.12.045,AA2195,2000,Room temperature tensile properties of peak aged alloys.,2195,443,524,,,FALSE,
10.1016/j.jallcom.2017.12.045,AA2195-0.025Sc,2000,Room temperature tensile properties of peak aged alloys.,2195,485,586,,,FALSE,
10.1016/j.jallcom.2017.12.045,AA2195-0.25Sc,2000,Room temperature tensile properties of peak aged alloys.,2195,536,634,,,FALSE,
10.1016/j.jallcom.2013.08.214,Al-4Cu-1.3Mg,2000,Room temperature tensile properties of the Al-4Cu-1.3Mg-xSi alloys aged 12h at 190degC.,,310,385,,9,FALSE,
10.1016/j.jallcom.2013.08.214,Al-4Cu-1.3Mg-0.3Si,2000,Room temperature tensile properties of the Al-4Cu-1.3Mg-xSi alloys aged 12h at 190degC.,,394,430,,6.8,FALSE,
10.1016/j.jallcom.2013.08.214,Al-4Cu-1.3Mg-0.6Si,2000,Room temperature tensile properties of the Al-4Cu-1.3Mg-xSi alloys aged 12h at 190degC.,,402,441,,7.2,FALSE,
10.1016/j.jallcom.2013.08.214,Al-4Cu-1.3Mg-0.9Si,2000,Room temperature tensile properties of the Al-4Cu-1.3Mg-xSi alloys aged 12h at 190degC.,,420,452,,5,FALSE,
10.1016/j.jallcom.2013.08.214,Al-4Cu-1.3Mg,2000,Elevated temperature tensile properties of the Al-4Cu-1.3Mg-xSi alloys aged 12h at 190degC.,,157,165,,10.5,FALSE,
10.1016/j.jallcom.2013.08.214,Al-4Cu-1.3Mg-0.3Si,2000,Elevated temperature tensile properties of the Al-4Cu-1.3Mg-xSi alloys aged 12h at 190degC.,,185,194,,10,FALSE,
10.1016/j.jallcom.2013.08.214,Al-4Cu-1.3Mg-0.6Si,2000,Elevated temperature tensile properties of the Al-4Cu-1.3Mg-xSi alloys aged 12h at 190degC.,,202,220,,7,FALSE,
10.1016/j.jallcom.2013.08.214,Al-4Cu-1.3Mg-0.9Si,2000,Elevated temperature tensile properties of the Al-4Cu-1.3Mg-xSi alloys aged 12h at 190degC.,,171,180,,8.3,FALSE,
10.1016/j.msea.2018.04.116,Al-3.72Cu-1.06Li-0.44Mg-0.31Ag-0.12Zr (deposited alloy),2000,Tensile properties of 2195 spray deposited alloy and 2195 as-cast alloy.,2195,157,247,,4.2,FALSE,
10.1016/j.msea.2018.04.116,Al-3.72Cu-1.06Li-0.44Mg-0.31Ag-0.12Zr (spray + hot extrusion),2000,Tensile properties of 2195 spray deposited alloy and 2195 as-cast alloy.,2195,160,250,,16,FALSE,
10.1016/j.msea.2018.04.116,Al-3.72Cu-1.06Li-0.44Mg-0.31Ag-0.12Zr (spray + hot extrusion + under-ageing),2000,Tensile properties of 2195 spray deposited alloy and 2195 as-cast alloy.,2195,480,561,,11.6,FALSE,
10.1016/j.msea.2018.04.116,Al-3.72Cu-1.06Li-0.44Mg-0.31Ag-0.12Zr (spray + hot extrusion + T6 treatment),2000,Tensile properties of 2195 spray deposited alloy and 2195 as-cast alloy.,2195,556,612,T6,8,FALSE,
10.1016/j.msea.2018.04.116,Al-3.72Cu-1.06Li-0.44Mg-0.31Ag-0.12Zr (spray + hot extrusion + over-ageing),2000,Tensile properties of 2195 spray deposited alloy and 2195 as-cast alloy.,2195,522,585,,9.3,FALSE,
10.1016/j.msea.2018.04.116,Al-3.72Cu-1.06Li-0.44Mg-0.31Ag-0.12Zr (spray + hot extrusion + T83 treatment),2000,Tensile properties of 2195 spray deposited alloy and 2195 as-cast alloy.,2195,600,632,T83,10,FALSE,
10.1016/j.msea.2018.04.116,Al-3.97Cu-1.07Li-0.43Mg-0.42Ag-0.15Zr-0.11Ti (as-cast + hot and cold rolling +504 degC/1 h solid solution + 6% pre-deformation + 160 degC/16 h aging treatment),2000,Tensile properties of 2195 spray deposited alloy and 2195 as-cast alloy.,2195,531,571,,8.8,FALSE,
10.1016/j.msea.2018.04.116,Al-4.2Cu-1.1Li-0.35Mg-0.35Ag-0.15Zr (as-cast + forge and hot rolling + 500 degC/1 h solid solution + 7% pre-strain + 146 degC/30 h aging treatment),2000,Tensile properties of 2195 spray deposited alloy and 2195 as-cast alloy.,2195,557,591,,9,FALSE,
10.1016/j.msea.2018.04.116,Al-3.76Cu-1.0Li-0.28Mg-0.19Ag-0.11Zr (plate + 530 degC/2 h solid solution + 2.5% pre-strain + 160 degC/20 h aging treatment),2000,Tensile properties of 2195 spray deposited alloy and 2195 as-cast alloy.,2195,540,574,,7.8,FALSE,
10.1016/j.msea.2018.04.116,Al-4Cu-1.2Li-0.4Mg-0.4Ag-0.12Zr-0.25Sc (as-cast + hot forge and caliber rolling + 530 degC/45 min solid solution + 160 degC/16 h aging treatment),2000,Tensile properties of 2195 spray deposited alloy and 2195 as-cast alloy.,2195,536,634,,9.2,FALSE,
10.1016/j.msea.2018.04.116,Al-4.0Cu-1.0Li-0.40Mg-0.35Ag-0.13Zr (T8 treatment),2000,Tensile properties of 2195 spray deposited alloy and 2195 as-cast alloy.,2195,538,568,T8,6,FALSE,
10.1016/j.matchar.2011.12.005,Standard,2000,Tensile test results of FSWed AA2017A-T451 and the standard tensile test properties of that alloy.,2017,275,425,T451,90.8,FALSE,
10.1016/j.matchar.2011.12.005,FSWed,2000,Tensile test results of FSWed AA2017A-T451 and the standard tensile test properties of that alloy.,2017,213.42,386,T451,5.77,FALSE,
10.1016/j.matchar.2005.07.006,GTA,2000,Mechanical properties and hardness of 2219 GTA and EB weldments,2219,125,229,,,FALSE,
10.1016/j.matchar.2005.07.006,EB,2000,Mechanical properties and hardness of 2219 GTA and EB weldments,2219,220,327,,,FALSE,
10.1016/j.matchar.2005.12.015,2014+Zr FSP,2000,Room temperature tensile properties of 2014+Zr aluminium alloy in the FSP and as-received conditions,2014,440,650,,,FALSE,
10.1016/j.matchar.2005.12.015,2014+Zr,2000,Room temperature tensile properties of 2014+Zr aluminium alloy in the FSP and as-received conditions,2014,410,600,,,FALSE,
10.1016/j.corsci.2015.11.035,2024 Al-alloy,2000,Influence of silane treatment on the adhesion property of silicone-epoxy hybrid coatings.,2024,,0.114,,,FALSE,
10.1016/j.corsci.2015.11.035,Silane treated 2024 Al-alloy,2000,Influence of silane treatment on the adhesion property of silicone-epoxy hybrid coatings.,2024,,0.097,,,FALSE,
10.1016/j.corsci.2015.11.035,Silane treated 2024 Al-alloy,2000,Influence of silane treatment on the adhesion property of silicone-epoxy hybrid coatings.,2024,,0.086,,,FALSE,
10.1016/j.corsci.2015.11.035,Silane treated 2024 Al-alloy,2000,Influence of silane treatment on the adhesion property of silicone-epoxy hybrid coatings.,2024,,0.079,,,FALSE,
10.1016/j.corsci.2011.09.021,L (longitudinal),2000,Tensile properties of Al 2024-T351 with different grain directions used in this study.,2024,377,475,T351,17,FALSE,
10.1016/j.corsci.2011.09.021,T (transverse),2000,Tensile properties of Al 2024-T351 with different grain directions used in this study.,2024,334,463,T351,16,FALSE,
10.1016/j.corsci.2011.09.021,ST (short transverse),2000,Tensile properties of Al 2024-T351 with different grain directions used in this study.,2024,306,400,T351,5,FALSE,
10.1016/s0013-7944(98)00101-5,345,2000,Tensile properties of test material,,,483,,17.5,FALSE,
10.1016/j.engfracmech.2011.05.005,2024 sheet,2000,Mechanical properties of sheet and plate materials [17].,2024,338,456,,22.4,FALSE,
10.1016/j.engfracmech.2011.05.005,2024 sheet,2000,Mechanical properties of sheet and plate materials [17].,2024,298,446,,21.2,FALSE,
10.1016/j.engfracmech.2011.05.005,2024 plate,2000,Mechanical properties of sheet and plate materials [17].,2024,367,463,,17.8,FALSE,
10.1016/j.engfracmech.2011.05.005,2024 plate,2000,Mechanical properties of sheet and plate materials [17].,2024,333,471,,15,FALSE,
10.1016/j.engfracmech.2010.08.021,L,2000,Measured mechanical properties of Al 2198 T8.,2198,469,510,T8,,FALSE,
10.1016/j.engfracmech.2010.08.021,T,2000,Measured mechanical properties of Al 2198 T8.,2198,452,498,T8,,FALSE,
10.1016/j.engfracmech.2010.08.021,D,2000,Measured mechanical properties of Al 2198 T8.,2198,394,436,T8,,FALSE,
10.1016/j.engfracmech.2007.04.013,1.6,2000,Mechanical properties of the 2024-T3 aluminum alloy used in this work [8],2024,325,461,T3,,FALSE,
10.1016/j.engfailanal.2010.08.007,370,2000,"Mechanical properties (MPa, %).",,,460,,22.9,FALSE,
10.1016/j.engfailanal.2008.10.016,AA 2219-T6,2000,Mechanical properties.,2219,340,430,T6,,FALSE,
10.1016/j.engfailanal.2008.10.016,AA 2219-T87,2000,Mechanical properties.,2219,356,452,T87,,FALSE,
10.1016/j.engfailanal.2009.02.001,370,2000,"Mechanical properties (MPa, %).",,,460,,22.9,FALSE,
10.1016/j.engfailanal.2009.03.001,AA 2219-T6,2000,Mechanical properties.,2219,340,430,T6,,FALSE,
10.1016/j.engfailanal.2009.03.001,AA 2219-T87,2000,Mechanical properties.,2219,356,452,T87,,FALSE,
10.1016/j.msea.2018.07.003,RT,2000,Comparison of tensile properties of 2219ScZr alloy after10h ageing at 200 degC with that of 2219-T851 alloy at different temperatures.,2219,345,455,T851,,FALSE,
10.1016/j.msea.2018.07.003,200 degC,2000,Comparison of tensile properties of 2219ScZr alloy after10h ageing at 200 degC with that of 2219-T851 alloy at different temperatures.,2219,200,248,T851,,FALSE,
10.1016/j.msea.2018.07.003,250 degC,2000,Comparison of tensile properties of 2219ScZr alloy after10h ageing at 200 degC with that of 2219-T851 alloy at different temperatures.,2219,160,200,T851,,FALSE,
10.1016/j.engfailanal.2012.04.008,2024-T3,2000,Mechanical properties of Al 2024-T3.,2024,375,535,T3,,FALSE,
10.1016/j.msea.2016.02.040,3003 Al alloy,3000,Mechanical properties of parent metals.,3003,44,168,,3.5,FALSE,
10.1016/j.msea.2012.11.015,2740,3000,Properties of AA3003-O tube.,3003,42,97,O,,FALSE,
10.1016/j.jmatprotec.2013.08.013,AA3003H,3000,Mechanical properties of the tubes.,3003,162,181,,11.4,FALSE,
10.1016/j.msea.2016.11.018,RD,3000,"Yield strength (YS), ultimate tensile strength (UTS) and Lankford values (r-vaules) under tension along the RD, TD and 45deg away from the RD of the cold-rolled TRC Al-Mn sheets with SSA and TSA treatment. Dr indicates the planar anisotropy of r-values.",,,29,,106,FALSE,
10.1016/j.msea.2016.11.018,45deg,3000,"Yield strength (YS), ultimate tensile strength (UTS) and Lankford values (r-vaules) under tension along the RD, TD and 45deg away from the RD of the cold-rolled TRC Al-Mn sheets with SSA and TSA treatment. Dr indicates the planar anisotropy of r-values.",,,32,,105,FALSE,
10.1016/j.msea.2016.11.018,TD,3000,"Yield strength (YS), ultimate tensile strength (UTS) and Lankford values (r-vaules) under tension along the RD, TD and 45deg away from the RD of the cold-rolled TRC Al-Mn sheets with SSA and TSA treatment. Dr indicates the planar anisotropy of r-values.",,,25,,105,FALSE,
10.1016/j.msea.2016.11.018,RD,3000,"Yield strength (YS), ultimate tensile strength (UTS) and Lankford values (r-vaules) under tension along the RD, TD and 45deg away from the RD of the cold-rolled TRC Al-Mn sheets with SSA and TSA treatment. Dr indicates the planar anisotropy of r-values.",,,34,,108,FALSE,
10.1016/j.msea.2016.11.018,45deg,3000,"Yield strength (YS), ultimate tensile strength (UTS) and Lankford values (r-vaules) under tension along the RD, TD and 45deg away from the RD of the cold-rolled TRC Al-Mn sheets with SSA and TSA treatment. Dr indicates the planar anisotropy of r-values.",,,34,,106,FALSE,
10.1016/j.msea.2016.11.018,TD,3000,"Yield strength (YS), ultimate tensile strength (UTS) and Lankford values (r-vaules) under tension along the RD, TD and 45deg away from the RD of the cold-rolled TRC Al-Mn sheets with SSA and TSA treatment. Dr indicates the planar anisotropy of r-values.",,,33,,107,FALSE,
10.1016/j.actamat.2018.07.001,"3003_0.2Cd, 450 degC",3000,Mechanical properties of the 3003 and 3003_0.2Cd alloys subjected to different heat treatments.,3003,86,136,,,FALSE,
10.1016/j.actamat.2018.07.001,"3003, 450 degC",3000,Mechanical properties of the 3003 and 3003_0.2Cd alloys subjected to different heat treatments.,3003,69,128,,,FALSE,
10.1016/j.actamat.2018.07.001,"3003_0.2Cd, 600 degC_24 h",3000,Mechanical properties of the 3003 and 3003_0.2Cd alloys subjected to different heat treatments.,3003,49,126,,,FALSE,
10.1007/s11661-014-2494-8,"T6 (540 degC/4 h, 165 degC/5 h)",4000,Tensile Properties of Cast A356 Alloy,,241,273,T6,,FALSE,
10.1016/j.msea.2012.12.029,As-cast,4000,Variation in tensile properties of as-cast and T6-treated alloys.,,7.6,19.7,T6,4.7,FALSE,
10.1016/j.msea.2012.12.029,Solution treatment (540 degC); followed by artificial aging at 160 degC for 16 h,4000,Variation in tensile properties of as-cast and T6-treated alloys.,,3,9.7,T6,2.8,FALSE,
10.1016/j.msea.2012.12.029,,4000,Variation in tensile properties of as-cast and T6-treated alloys.,,4.2,3.2,T6,1.6,FALSE,
10.1016/j.msea.2012.12.029,,4000,Variation in tensile properties of as-cast and T6-treated alloys.,,8.8,4.5,T6,1.9,FALSE,
10.1016/j.msea.2012.12.029,Artificial aging (160 degC); after solution treatment at 540 degC for 6 h,4000,Variation in tensile properties of as-cast and T6-treated alloys.,,7.2,12,T6,2.1,FALSE,
10.1016/j.msea.2012.12.029,,4000,Variation in tensile properties of as-cast and T6-treated alloys.,,7.9,3.8,T6,1,FALSE,
10.1016/j.msea.2014.10.053,0.04,4000,Quantitative metallography results for eutectic Si particles and mechanical properties of the as cast Al-Si-Cu-Fe-Zn alloys with different additions of Sr and Bi.,,118.2,157.5,,1.28,FALSE,
10.1016/j.msea.2014.10.053,0.04,4000,Quantitative metallography results for eutectic Si particles and mechanical properties of the as cast Al-Si-Cu-Fe-Zn alloys with different additions of Sr and Bi.,,119,131.9,,0.58,FALSE,
10.1016/j.msea.2014.10.053,0.05,4000,Quantitative metallography results for eutectic Si particles and mechanical properties of the as cast Al-Si-Cu-Fe-Zn alloys with different additions of Sr and Bi.,,118.2,159.1,,1.22,FALSE,
10.1016/j.msea.2014.10.053,0.05,4000,Quantitative metallography results for eutectic Si particles and mechanical properties of the as cast Al-Si-Cu-Fe-Zn alloys with different additions of Sr and Bi.,,119.6,130.2,,0.62,FALSE,
10.1016/j.msea.2014.10.053,0.06,4000,Quantitative metallography results for eutectic Si particles and mechanical properties of the as cast Al-Si-Cu-Fe-Zn alloys with different additions of Sr and Bi.,,118.8,148.1,,1.12,FALSE,
10.1016/j.msea.2014.10.053,0.06,4000,Quantitative metallography results for eutectic Si particles and mechanical properties of the as cast Al-Si-Cu-Fe-Zn alloys with different additions of Sr and Bi.,,119.9,131.5,,0.65,FALSE,
10.1016/j.msea.2014.10.053,0.028,4000,Quantitative metallography results for eutectic Si particles and mechanical properties of the as cast Al-Si-Cu-Fe-Zn alloys with different additions of Sr and Bi.,,119.5,131.2,,0.6,FALSE,
10.1016/j.msea.2014.10.053,0.062,4000,Quantitative metallography results for eutectic Si particles and mechanical properties of the as cast Al-Si-Cu-Fe-Zn alloys with different additions of Sr and Bi.,,118.2,157.8,,1.3,FALSE,
10.1016/j.msea.2014.10.053,0.056,4000,Quantitative metallography results for eutectic Si particles and mechanical properties of the as cast Al-Si-Cu-Fe-Zn alloys with different additions of Sr and Bi.,,118.9,134.2,,0.55,FALSE,
10.1016/j.msea.2014.10.053,0.118,4000,Quantitative metallography results for eutectic Si particles and mechanical properties of the as cast Al-Si-Cu-Fe-Zn alloys with different additions of Sr and Bi.,,118.6,158.3,,1.29,FALSE,
10.1016/j.msea.2014.10.053,0.125,4000,Quantitative metallography results for eutectic Si particles and mechanical properties of the as cast Al-Si-Cu-Fe-Zn alloys with different additions of Sr and Bi.,,119.7,130.9,,0.58,FALSE,
10.1016/j.msea.2014.10.053,0.26,4000,Quantitative metallography results for eutectic Si particles and mechanical properties of the as cast Al-Si-Cu-Fe-Zn alloys with different additions of Sr and Bi.,,118.1,159.1,,1.22,FALSE,
10.1016/j.msea.2014.10.053,0.225,4000,Quantitative metallography results for eutectic Si particles and mechanical properties of the as cast Al-Si-Cu-Fe-Zn alloys with different additions of Sr and Bi.,,120.1,130.1,,0.55,FALSE,
10.1016/j.msea.2014.10.053,0.33,4000,Quantitative metallography results for eutectic Si particles and mechanical properties of the as cast Al-Si-Cu-Fe-Zn alloys with different additions of Sr and Bi.,,118.7,149.5,,1.13,FALSE,
10.1016/j.msea.2014.10.053,0.28,4000,Quantitative metallography results for eutectic Si particles and mechanical properties of the as cast Al-Si-Cu-Fe-Zn alloys with different additions of Sr and Bi.,,119.5,129.4,,0.55,FALSE,
10.1016/j.msea.2014.10.053,0.41,4000,Quantitative metallography results for eutectic Si particles and mechanical properties of the as cast Al-Si-Cu-Fe-Zn alloys with different additions of Sr and Bi.,,119.4,151.7,,1.11,FALSE,
10.1016/j.actamat.2011.10.029,T4,4000,Tensile properties of SSM-HPDC alloy F357.,,176,299,T4,,FALSE,
10.1016/j.matdes.2015.09.045,F357,4000,Tensile properties and work hardening exponent (n) of T6 tempered alloys.,,264.6,300.8,T6,,FALSE,
10.1016/j.matdes.2015.09.045,SZ50,4000,Tensile properties and work hardening exponent (n) of T6 tempered alloys.,,294,362.9,T6,,FALSE,
10.1016/j.matdes.2015.09.045,SZ41,4000,Tensile properties and work hardening exponent (n) of T6 tempered alloys.,,313.6,363.8,T6,,FALSE,
10.1016/j.matdes.2015.09.045,SZ32,4000,Tensile properties and work hardening exponent (n) of T6 tempered alloys.,,329.9,379.8,T6,,FALSE,
10.1016/j.matdes.2015.09.045,SZ23,4000,Tensile properties and work hardening exponent (n) of T6 tempered alloys.,,284.6,346.3,T6,,FALSE,
10.1016/j.matdes.2015.09.045,SZ14,4000,Tensile properties and work hardening exponent (n) of T6 tempered alloys.,,273.1,309.6,T6,,FALSE,
10.1016/j.msea.2016.05.087,w/o UST,4000,Tensile properties at ambient and elevated temperatures of as-cast Al-Si piston alloys without and with ultrasonic melt treatment.,,38,57,,9.2,FALSE,
10.1016/j.msea.2016.05.087,w/ UST,4000,Tensile properties at ambient and elevated temperatures of as-cast Al-Si piston alloys without and with ultrasonic melt treatment.,,36,60,,18.7,FALSE,
10.1016/j.msea.2007.11.014,As-cast,4000,Maximum tensile properties of squeeze-cast Al-10%Si-2%Cu-0.4%Mg alloy in a defect-free condition and the defect susceptibility of tensile properties to the variation of fraction of micro-voids,,,224.1,,1.9,FALSE,
10.1016/j.msea.2007.11.014,T6-treat,4000,Maximum tensile properties of squeeze-cast Al-10%Si-2%Cu-0.4%Mg alloy in a defect-free condition and the defect susceptibility of tensile properties to the variation of fraction of micro-voids,,,263.2,T6,1.9,FALSE,
10.1016/j.matdes.2015.09.095,709,4000,Tensile properties of the EN AC 46000 alloy processed by HPDC at different combinations of injection temperature and pressure.,,148.21,244.4,,4.35,FALSE,
10.1016/j.matdes.2015.09.095,709,4000,Tensile properties of the EN AC 46000 alloy processed by HPDC at different combinations of injection temperature and pressure.,,165.15,264.83,,4.7,FALSE,
10.1016/j.matdes.2015.09.095,643,4000,Tensile properties of the EN AC 46000 alloy processed by HPDC at different combinations of injection temperature and pressure.,,141.97,235.71,,4.32,FALSE,
10.1016/j.matdes.2015.09.095,643,4000,Tensile properties of the EN AC 46000 alloy processed by HPDC at different combinations of injection temperature and pressure.,,150.95,233.06,,4.43,FALSE,
10.1016/j.matdes.2015.09.095,579,4000,Tensile properties of the EN AC 46000 alloy processed by HPDC at different combinations of injection temperature and pressure.,,157.54,217.09,,5.01,FALSE,
10.1016/j.matdes.2015.09.095,579,4000,Tensile properties of the EN AC 46000 alloy processed by HPDC at different combinations of injection temperature and pressure.,,165.76,220.42,,4.22,FALSE,
10.1007/s11837-013-0580-9,1,4000,Tensile Properties of Sr-Modified 4004 Al Alloy,4004,,168,,4,FALSE,
10.1007/s11837-013-0580-9,2,4000,Tensile Properties of Sr-Modified 4004 Al Alloy,4004,,190,,4.2,FALSE,
10.1007/s11837-013-0580-9,3,4000,Tensile Properties of Sr-Modified 4004 Al Alloy,4004,,184,,4,FALSE,
10.1007/s11837-013-0580-9,4,4000,Tensile Properties of Sr-Modified 4004 Al Alloy,4004,,205,,5.2,FALSE,
10.1007/s11837-013-0580-9,5,4000,Tensile Properties of Sr-Modified 4004 Al Alloy,4004,,189,,4.5,FALSE,
10.1007/s11837-013-0580-9,6,4000,Tensile Properties of Sr-Modified 4004 Al Alloy,4004,,188,,5,FALSE,
10.1007/s11837-013-0580-9,7,4000,Tensile Properties of Sr-Modified 4004 Al Alloy,4004,,204,,4,FALSE,
10.1007/s11837-013-0580-9,8,4000,Tensile Properties of Sr-Modified 4004 Al Alloy,4004,,198,,4.8,FALSE,
10.1007/s11837-013-0580-9,9,4000,Tensile Properties of Sr-Modified 4004 Al Alloy,4004,,188,,4.5,FALSE,
10.1016/j.matdes.2015.09.015,A356/4.2% Cf + T6,4000,Tensile properties of composites and aluminum alloy.,,176,220,T6,,FALSE,
10.1016/j.matdes.2015.09.015,A356/8.1% Cf + T6,4000,Tensile properties of composites and aluminum alloy.,,188,238,T6,,FALSE,
10.1016/j.matdes.2015.09.015,A357/4.2% Cf + T6,4000,Tensile properties of composites and aluminum alloy.,,198,240,T6,,FALSE,
10.1016/j.matdes.2015.09.015,A357/8.1% Cf + T6,4000,Tensile properties of composites and aluminum alloy.,,224,261,T6,,FALSE,
10.1007/s11661-014-2515-7,O6.0,4000,Average Mechanical Properties of Die-Cast and Machined AlSi9Cu3(Fe) Tensile Bars in the T1-Condition,,173,344,T1,,FALSE,
10.1007/s11661-014-2515-7,O3.4,4000,Average Mechanical Properties of Die-Cast and Machined AlSi9Cu3(Fe) Tensile Bars in the T1-Condition,,160,333,T1,,FALSE,
10.1007/s11661-014-2515-7,O3.0,4000,Average Mechanical Properties of Die-Cast and Machined AlSi9Cu3(Fe) Tensile Bars in the T1-Condition,,148,306,T1,,FALSE,
101016jmsea201503021,Al-12Si,4000,,,221,287,,3.3,FALSE,
101016jmsea201503021,4wt% TiB2/Al-12Si,4000,,,240,298,,1.5,FALSE,
101016jmsea201303084,A/T6,4000,,,,338.648,T6,,FALSE,
101016jmsea201303084,A/T6,4000,,,,274.818,T6,,FALSE,
101016jmsea201303084,A/T6,4000,,,,214.422,T6,,FALSE,
101016jmsea201303084,A/T6,4000,,,,101.174,T6,,FALSE,
101016jmsea201303084,B/T6,4000,,,,337.652,T6,,FALSE,
101016jmsea201303084,B/T6,4000,,,,276.098,T6,,FALSE,
101016jmsea201303084,B/T6,4000,,,,217.082,T6,,FALSE,
101016jmsea201303084,B/T6,4000,,,,103.688,T6,,FALSE,
101016jmsea201303084,C/T6,4000,,,,340.212,T6,,FALSE,
101016jmsea201303084,C/T6,4000,,,,273.466,T6,,FALSE,
101016jmsea201303084,C/T6,4000,,,,214.442,T6,,FALSE,
101016jmsea201303084,C/T6,4000,,,,104.688,T6,,FALSE,
101016jmsea201303084,D/T6,4000,,,,339.852,T6,,FALSE,
101016jmsea201303084,D/T6,4000,,,,269.866,T6,,FALSE,
101016jmsea201303084,D/T6,4000,,,,208.888,T6,,FALSE,
101016jmsea201303084,D/T6,4000,,,,133.982,T6,,FALSE,
101016jmsea201303084,E/T6,4000,,,,346.212,T6,,FALSE,
101016jmsea201303084,E/T6,4000,,,,286.266,T6,,FALSE,
101016jmsea201303084,E/T6,4000,,,,229.932,T6,,FALSE,
101016jmsea201303084,E/T6,4000,,,,143.184,T6,,FALSE,
10.1016/j.msea.2014.05.059,A356 - T6,4000,Mechanical properties of the sand cast reference and Ni/V-containing alloys.,,183.2,212,T6,,FALSE,
10.1016/j.msea.2014.05.059,Ni - T6,4000,Mechanical properties of the sand cast reference and Ni/V-containing alloys.,,212.7,244.6,T6,,FALSE,
10.1016/j.msea.2014.05.059,V - T6,4000,Mechanical properties of the sand cast reference and Ni/V-containing alloys.,,216.9,250.4,T6,,FALSE,
10.1016/j.msea.2014.05.059,A356 PM - T6,4000,Mechanical properties of the permanent mould cast reference and Ni/V-containing alloys.,,224.3,282,T6,,FALSE,
10.1016/j.msea.2014.05.059,Ni PM - T6,4000,Mechanical properties of the permanent mould cast reference and Ni/V-containing alloys.,,228.7,284.8,T6,,FALSE,
10.1016/j.msea.2014.05.059,V PM - T6,4000,Mechanical properties of the permanent mould cast reference and Ni/V-containing alloys.,,224.2,289.5,T6,,FALSE,
10.1016/j.msea.2014.07.023,16,4000,Mechanical properties of near eutectic Al-Si-Mg-V alloy extruded at 540degC with different extrusion ratios.,,147,273,,15.1,FALSE,
10.1016/j.msea.2014.07.023,50,4000,Mechanical properties of near eutectic Al-Si-Mg-V alloy extruded at 540degC with different extrusion ratios.,,102,206,,17.1,FALSE,
10.1016/j.msea.2011.10.023,Group 1,4000,The UTS of near eutectic Al-Si multicomponent alloys after modification.,,,74.96,,,FALSE,
10.1016/j.msea.2011.10.023,Group 2,4000,The UTS of near eutectic Al-Si multicomponent alloys after modification.,,,75.04,,,FALSE,
10.1016/j.msea.2011.10.023,Group 3,4000,The UTS of near eutectic Al-Si multicomponent alloys after modification.,,,78.32,,,FALSE,
10.1016/j.msea.2004.08.056,Rheocasting,4000,Tensile and impact properties of the RC and LPC products of A356-T6 alloy,,213.5,274,T6,12.8,FALSE,
10.1016/j.msea.2004.08.056,Low-pressure casting,4000,Tensile and impact properties of the RC and LPC products of A356-T6 alloy,,251,294.5,T6,4.35,FALSE,
10.1016/j.msea.2004.08.056,Rheocasting,4000,The in situ slow strain rate test results for both RC and LPC products of A356-T6 alloy in 3.5% NaCl solution,,232,298,T6,11.7,FALSE,
10.1016/j.msea.2004.08.056,,4000,The in situ slow strain rate test results for both RC and LPC products of A356-T6 alloy in 3.5% NaCl solution,,229,290,T6,9.6,FALSE,
10.1016/j.msea.2004.08.056,Low-pressure casting,4000,The in situ slow strain rate test results for both RC and LPC products of A356-T6 alloy in 3.5% NaCl solution,,252,288,T6,6,FALSE,
10.1016/j.msea.2004.08.056,,4000,The in situ slow strain rate test results for both RC and LPC products of A356-T6 alloy in 3.5% NaCl solution,,249,287,T6,4.2,FALSE,
10.1016/j.msea.2015.03.021,Al-12Si,4000,Tensile properties of in situ TiB2/Al-12Si composite and matrix alloy at room and elevated temperatures.,,221,287,,3.3,FALSE,
10.1016/j.msea.2015.03.021,,4000,Tensile properties of in situ TiB2/Al-12Si composite and matrix alloy at room and elevated temperatures.,,184,225,,4,FALSE,
10.1016/j.msea.2015.03.021,,4000,Tensile properties of in situ TiB2/Al-12Si composite and matrix alloy at room and elevated temperatures.,,80,88,,6,FALSE,
10.1016/j.msea.2015.03.021,4wt% TiB2/Al-12Si,4000,Tensile properties of in situ TiB2/Al-12Si composite and matrix alloy at room and elevated temperatures.,,240,298,,1.5,FALSE,
10.1016/j.msea.2015.03.021,,4000,Tensile properties of in situ TiB2/Al-12Si composite and matrix alloy at room and elevated temperatures.,,189,233,,3,FALSE,
10.1016/j.msea.2015.03.021,,4000,Tensile properties of in situ TiB2/Al-12Si composite and matrix alloy at room and elevated temperatures.,,84,96,,5.8,FALSE,
10.1016/j.msea.2017.10.049,CF6 [4],4000,"Strength data (UTS, ultimate tensile strength) of Al-Si-Cu system heat-resistant Al alloys at room temperature and high temperature about 350degC reported in literature.",,,285,,,FALSE,
10.1016/j.msea.2017.10.049,CF6 [4],4000,"Strength data (UTS, ultimate tensile strength) of Al-Si-Cu system heat-resistant Al alloys at room temperature and high temperature about 350degC reported in literature.",,,85,,,FALSE,
10.1016/j.msea.2017.10.049,CU6 [4],4000,"Strength data (UTS, ultimate tensile strength) of Al-Si-Cu system heat-resistant Al alloys at room temperature and high temperature about 350degC reported in literature.",,,336,,,FALSE,
10.1016/j.msea.2017.10.049,CU6 [4],4000,"Strength data (UTS, ultimate tensile strength) of Al-Si-Cu system heat-resistant Al alloys at room temperature and high temperature about 350degC reported in literature.",,,88,,,FALSE,
10.1016/j.msea.2017.10.049,Alloy A [7],4000,"Strength data (UTS, ultimate tensile strength) of Al-Si-Cu system heat-resistant Al alloys at room temperature and high temperature about 350degC reported in literature.",,,263.8,,,FALSE,
10.1016/j.msea.2017.10.049,Alloy A [7],4000,"Strength data (UTS, ultimate tensile strength) of Al-Si-Cu system heat-resistant Al alloys at room temperature and high temperature about 350degC reported in literature.",,,78.1,,,FALSE,
10.1016/j.msea.2017.10.049,Alloy B [7],4000,"Strength data (UTS, ultimate tensile strength) of Al-Si-Cu system heat-resistant Al alloys at room temperature and high temperature about 350degC reported in literature.",,,278.9,,,FALSE,
10.1016/j.msea.2017.10.049,Alloy B [7],4000,"Strength data (UTS, ultimate tensile strength) of Al-Si-Cu system heat-resistant Al alloys at room temperature and high temperature about 350degC reported in literature.",,,93.5,,,FALSE,
10.1016/j.msea.2017.10.049,A3 [9],4000,"Strength data (UTS, ultimate tensile strength) of Al-Si-Cu system heat-resistant Al alloys at room temperature and high temperature about 350degC reported in literature.",,,61.63,,,FALSE,
10.1016/j.msea.2017.10.049,A4 [9],4000,"Strength data (UTS, ultimate tensile strength) of Al-Si-Cu system heat-resistant Al alloys at room temperature and high temperature about 350degC reported in literature.",,,61.71,,,FALSE,
10.1016/j.msea.2017.10.049,1 [15],4000,"Strength data (UTS, ultimate tensile strength) of Al-Si-Cu system heat-resistant Al alloys at room temperature and high temperature about 350degC reported in literature.",,,67.07,,,FALSE,
10.1016/j.msea.2017.10.049,2 [15],4000,"Strength data (UTS, ultimate tensile strength) of Al-Si-Cu system heat-resistant Al alloys at room temperature and high temperature about 350degC reported in literature.",,,75.62,,,FALSE,
10.1016/j.msea.2017.10.049,5 [15],4000,"Strength data (UTS, ultimate tensile strength) of Al-Si-Cu system heat-resistant Al alloys at room temperature and high temperature about 350degC reported in literature.",,,71.92,,,FALSE,
10.1016/j.msea.2017.05.116,Composites/Al-12Si,4000,Tensile properties of C/A specimens and Al-12Si alloys at elevated temperatures.,,177,203,,0.6,FALSE,
10.1016/j.msea.2017.05.116,,4000,Tensile properties of C/A specimens and Al-12Si alloys at elevated temperatures.,,153,177,,0.7,FALSE,
10.1016/j.msea.2017.05.116,,4000,Tensile properties of C/A specimens and Al-12Si alloys at elevated temperatures.,,83,93,,1.5,FALSE,
10.1016/j.msea.2017.05.116,Al-12Si,4000,Tensile properties of C/A specimens and Al-12Si alloys at elevated temperatures.,,221,287,,3.3,FALSE,
10.1016/j.msea.2017.05.116,,4000,Tensile properties of C/A specimens and Al-12Si alloys at elevated temperatures.,,184,225,,4,FALSE,
10.1016/j.msea.2017.05.116,,4000,Tensile properties of C/A specimens and Al-12Si alloys at elevated temperatures.,,80,88,,6,FALSE,
10.1016/j.msea.2011.11.026,GISS-T6 aging (165degC-18h),4000,Tensile properties of the as-cast and the aged A356 Al alloy produced by GISS process in comparison to other forming processes.,,277,312,T6,7.6,FALSE,
10.1016/j.msea.2011.11.026,GISS-T6 aging (195degC-3h),4000,Tensile properties of the as-cast and the aged A356 Al alloy produced by GISS process in comparison to other forming processes.,,272,305,T6,9.8,FALSE,
10.1016/j.msea.2011.11.026,GISS-T6 aging (225degC-15min),4000,Tensile properties of the as-cast and the aged A356 Al alloy produced by GISS process in comparison to other forming processes.,,125,226,T6,14.9,FALSE,
10.1016/j.msea.2011.11.026,Cast-T6 aging (182degC-8h),4000,Tensile properties of the as-cast and the aged A356 Al alloy produced by GISS process in comparison to other forming processes.,,200,298,T6,12,FALSE,
10.1016/j.msea.2011.11.026,Thixoformed-T6 aging (160degC-24h),4000,Tensile properties of the as-cast and the aged A356 Al alloy produced by GISS process in comparison to other forming processes.,,150,264,T6,16,FALSE,
10.1016/j.msea.2011.11.026,Thixoformed-T6 aging (160degC-4h),4000,Tensile properties of the as-cast and the aged A356 Al alloy produced by GISS process in comparison to other forming processes.,,229,317,T6,16.7,FALSE,
10.1016/j.msea.2014.01.012,SLM under N2,4000,"Comparison of the tensile properties for the Al-12Si alloys produced using Selective Laser Melting under purity argon, nitrogen and helium (laser power: 200W; laser scan speed: 500mm/s) and by conventional casting method: yield strength s
0.2, ultimate tensile strength s
UTS and ductility d. Error bars show one standard deviation. The load was applied perpendicular to the build direction (see Fig. 2).",,224,368,,,FALSE,
10.1016/j.msea.2014.01.012,SLM under Ar,4000,"Comparison of the tensile properties for the Al-12Si alloys produced using Selective Laser Melting under purity argon, nitrogen and helium (laser power: 200W; laser scan speed: 500mm/s) and by conventional casting method: yield strength s
0.2, ultimate tensile strength s
UTS and ductility d. Error bars show one standard deviation. The load was applied perpendicular to the build direction (see Fig. 2).",,223,355,,,FALSE,
10.1016/j.msea.2014.01.012,SLM under He,4000,"Comparison of the tensile properties for the Al-12Si alloys produced using Selective Laser Melting under purity argon, nitrogen and helium (laser power: 200W; laser scan speed: 500mm/s) and by conventional casting method: yield strength s
0.2, ultimate tensile strength s
UTS and ductility d. Error bars show one standard deviation. The load was applied perpendicular to the build direction (see Fig. 2).",,221,342,,,FALSE,
10.1016/j.msea.2014.01.012,Die casting,4000,"Comparison of the tensile properties for the Al-12Si alloys produced using Selective Laser Melting under purity argon, nitrogen and helium (laser power: 200W; laser scan speed: 500mm/s) and by conventional casting method: yield strength s
0.2, ultimate tensile strength s
UTS and ductility d. Error bars show one standard deviation. The load was applied perpendicular to the build direction (see Fig. 2).",,145,300,,,FALSE,
10.1016/j.msea.2016.02.002,HPHE9,4000,Tensile mechanical properties of the Al-7Si-0.3Mg alloy rods.,,202,320,,3.9,FALSE,
10.1016/j.msea.2016.02.002,HPHE25,4000,Tensile mechanical properties of the Al-7Si-0.3Mg alloy rods.,,298,345,,5.9,FALSE,
10.1016/j.msea.2016.02.002,SPSHE9,4000,Tensile mechanical properties of the Al-7Si-0.3Mg alloy rods.,,269,327,,7.4,FALSE,
10.1016/j.msea.2011.01.041,T1,4000,Mechanical properties of the Al-12.7Si-0.7Mg alloy in different treatment conditions.,,108,190,T1,15.03,FALSE,
10.1016/j.msea.2011.01.041,T4,4000,Mechanical properties of the Al-12.7Si-0.7Mg alloy in different treatment conditions.,,151,285,T4,14.08,FALSE,
10.1016/j.msea.2011.01.041,T6 (solution treatment at 540degC for 90min+aged at 180degC for 1h),4000,Mechanical properties of the Al-12.7Si-0.7Mg alloy in different treatment conditions.,,186,307,T6,14,FALSE,
10.1016/j.msea.2011.01.041,T6 (solution treatment at 540degC for 90min+aged at 180degC for 2h),4000,Mechanical properties of the Al-12.7Si-0.7Mg alloy in different treatment conditions.,,242,338,T6,8.43,FALSE,
10.1016/j.msea.2011.01.041,T6 (solution treatment at 540degC for 90min+aged at 180degC for 3h),4000,Mechanical properties of the Al-12.7Si-0.7Mg alloy in different treatment conditions.,,282,365,T6,7.44,FALSE,
10.1016/j.msea.2011.01.041,T4,4000,Mechanical properties of extruded 6063 alloys (GB/T 6892-2000) [20].,,65,130,T4,12,FALSE,
10.1016/j.msea.2011.01.041,T6,4000,Mechanical properties of extruded 6063 alloys (GB/T 6892-2000) [20].,,180,205,T6,8,FALSE,
10.1016/j.msea.2007.05.064,AA4032-T651,4000,Tensile properties measured for AA4032-T651 and PM12Si-70-T6 alloys at room temperature,4032,344,364,T651,5.2,FALSE,
10.1016/j.msea.2007.05.064,PM12Si-70-T6,4000,Tensile properties measured for AA4032-T651 and PM12Si-70-T6 alloys at room temperature,4032,341,357,T6,2.7,FALSE,
10.1016/j.msea.2013.03.084,A/AC,4000,Comparison of ultimate tensile strength (UTS) of as-cast and T6-treated alloys.,,,233.236,T6,,FALSE,
10.1016/j.msea.2013.03.084,A/AC,4000,Comparison of ultimate tensile strength (UTS) of as-cast and T6-treated alloys.,,,213.176,T6,,FALSE,
10.1016/j.msea.2013.03.084,A/AC,4000,Comparison of ultimate tensile strength (UTS) of as-cast and T6-treated alloys.,,,101.204,T6,,FALSE,
10.1016/j.msea.2013.03.084,B/AC,4000,Comparison of ultimate tensile strength (UTS) of as-cast and T6-treated alloys.,,,230.914,T6,,FALSE,
10.1016/j.msea.2013.03.084,B/AC,4000,Comparison of ultimate tensile strength (UTS) of as-cast and T6-treated alloys.,,,208.492,T6,,FALSE,
10.1016/j.msea.2013.03.084,B/AC,4000,Comparison of ultimate tensile strength (UTS) of as-cast and T6-treated alloys.,,,98.466,T6,,FALSE,
10.1016/j.msea.2013.03.084,C/AC,4000,Comparison of ultimate tensile strength (UTS) of as-cast and T6-treated alloys.,,,233.108,T6,,FALSE,
10.1016/j.msea.2013.03.084,C/AC,4000,Comparison of ultimate tensile strength (UTS) of as-cast and T6-treated alloys.,,,206.794,T6,,FALSE,
10.1016/j.msea.2013.03.084,C/AC,4000,Comparison of ultimate tensile strength (UTS) of as-cast and T6-treated alloys.,,,93.91,T6,,FALSE,
10.1016/j.msea.2013.03.084,D/AC,4000,Comparison of ultimate tensile strength (UTS) of as-cast and T6-treated alloys.,,,228.71,T6,,FALSE,
10.1016/j.msea.2013.03.084,D/AC,4000,Comparison of ultimate tensile strength (UTS) of as-cast and T6-treated alloys.,,,210.676,T6,,FALSE,
10.1016/j.msea.2013.03.084,D/AC,4000,Comparison of ultimate tensile strength (UTS) of as-cast and T6-treated alloys.,,,105.288,T6,,FALSE,
10.1016/j.msea.2013.03.084,E/AC,4000,Comparison of ultimate tensile strength (UTS) of as-cast and T6-treated alloys.,,,250.13,T6,,FALSE,
10.1016/j.msea.2013.03.084,E/AC,4000,Comparison of ultimate tensile strength (UTS) of as-cast and T6-treated alloys.,,,215.704,T6,,FALSE,
10.1016/j.msea.2013.03.084,E/AC,4000,Comparison of ultimate tensile strength (UTS) of as-cast and T6-treated alloys.,,,172.228,T6,,FALSE,
10.1016/j.msea.2013.03.084,A/T6,4000,Comparison of ultimate tensile strength (UTS) of as-cast and T6-treated alloys.,,,338.648,T6,,FALSE,
10.1016/j.msea.2013.03.084,A/T6,4000,Comparison of ultimate tensile strength (UTS) of as-cast and T6-treated alloys.,,,274.818,T6,,FALSE,
10.1016/j.msea.2013.03.084,A/T6,4000,Comparison of ultimate tensile strength (UTS) of as-cast and T6-treated alloys.,,,214.422,T6,,FALSE,
10.1016/j.msea.2013.03.084,A/T6,4000,Comparison of ultimate tensile strength (UTS) of as-cast and T6-treated alloys.,,,101.174,T6,,FALSE,
10.1016/j.msea.2013.03.084,B/T6,4000,Comparison of ultimate tensile strength (UTS) of as-cast and T6-treated alloys.,,,337.652,T6,,FALSE,
10.1016/j.msea.2013.03.084,B/T6,4000,Comparison of ultimate tensile strength (UTS) of as-cast and T6-treated alloys.,,,276.098,T6,,FALSE,
10.1016/j.msea.2013.03.084,B/T6,4000,Comparison of ultimate tensile strength (UTS) of as-cast and T6-treated alloys.,,,217.082,T6,,FALSE,
10.1016/j.msea.2013.03.084,B/T6,4000,Comparison of ultimate tensile strength (UTS) of as-cast and T6-treated alloys.,,,103.688,T6,,FALSE,
10.1016/j.msea.2013.03.084,C/T6,4000,Comparison of ultimate tensile strength (UTS) of as-cast and T6-treated alloys.,,,340.212,T6,,FALSE,
10.1016/j.msea.2013.03.084,C/T6,4000,Comparison of ultimate tensile strength (UTS) of as-cast and T6-treated alloys.,,,273.466,T6,,FALSE,
10.1016/j.msea.2013.03.084,C/T6,4000,Comparison of ultimate tensile strength (UTS) of as-cast and T6-treated alloys.,,,214.442,T6,,FALSE,
10.1016/j.msea.2013.03.084,C/T6,4000,Comparison of ultimate tensile strength (UTS) of as-cast and T6-treated alloys.,,,104.688,T6,,FALSE,
10.1016/j.msea.2013.03.084,D/T6,4000,Comparison of ultimate tensile strength (UTS) of as-cast and T6-treated alloys.,,,339.852,T6,,FALSE,
10.1016/j.msea.2013.03.084,D/T6,4000,Comparison of ultimate tensile strength (UTS) of as-cast and T6-treated alloys.,,,269.866,T6,,FALSE,
10.1016/j.msea.2013.03.084,D/T6,4000,Comparison of ultimate tensile strength (UTS) of as-cast and T6-treated alloys.,,,208.888,T6,,FALSE,
10.1016/j.msea.2013.03.084,D/T6,4000,Comparison of ultimate tensile strength (UTS) of as-cast and T6-treated alloys.,,,133.982,T6,,FALSE,
10.1016/j.msea.2013.03.084,E/T6,4000,Comparison of ultimate tensile strength (UTS) of as-cast and T6-treated alloys.,,,346.212,T6,,FALSE,
10.1016/j.msea.2013.03.084,E/T6,4000,Comparison of ultimate tensile strength (UTS) of as-cast and T6-treated alloys.,,,286.266,T6,,FALSE,
10.1016/j.msea.2013.03.084,E/T6,4000,Comparison of ultimate tensile strength (UTS) of as-cast and T6-treated alloys.,,,229.932,T6,,FALSE,
10.1016/j.msea.2013.03.084,E/T6,4000,Comparison of ultimate tensile strength (UTS) of as-cast and T6-treated alloys.,,,143.184,T6,,FALSE,
10.1016/j.msea.2014.01.009,as-cast,4000,Tensile properties of the A357 alloys with different additions of RE under as-cast and T6 heat treatment conditions.,,153,193,T6,2.2,FALSE,
10.1016/j.msea.2014.01.009,as-cast,4000,Tensile properties of the A357 alloys with different additions of RE under as-cast and T6 heat treatment conditions.,,152,208.5,T6,2.75,FALSE,
10.1016/j.msea.2014.01.009,as-cast,4000,Tensile properties of the A357 alloys with different additions of RE under as-cast and T6 heat treatment conditions.,,160.2,228.1,T6,2.97,FALSE,
10.1016/j.msea.2014.01.009,as-cast,4000,Tensile properties of the A357 alloys with different additions of RE under as-cast and T6 heat treatment conditions.,,153,226,T6,2.83,FALSE,
10.1016/j.msea.2014.01.009,T6,4000,Tensile properties of the A357 alloys with different additions of RE under as-cast and T6 heat treatment conditions.,,286,310,T6,2.56,FALSE,
10.1016/j.msea.2014.01.009,T6,4000,Tensile properties of the A357 alloys with different additions of RE under as-cast and T6 heat treatment conditions.,,290,322.3,T6,3.12,FALSE,
10.1016/j.msea.2014.01.009,T6,4000,Tensile properties of the A357 alloys with different additions of RE under as-cast and T6 heat treatment conditions.,,312.2,349.1,T6,3.89,FALSE,
10.1016/j.msea.2014.01.009,T6,4000,Tensile properties of the A357 alloys with different additions of RE under as-cast and T6 heat treatment conditions.,,287,324.2,T6,3.36,FALSE,
10.1016/j.msea.2015.08.029,25,4000,Tensile properties of material AS7GU-T64.,,210,294,T64,8.8,FALSE,
10.1016/s0921-5093(02)00320-9,Al-Si alloy,4000,Some physical and mechanical properties of WCMs/metal composites,,,405.7,,,FALSE,
10.1016/j.jmatprotec.2016.01.030,HE400,4000,Tensile mechanical properties of the as-cast Al-7Si-0.3Mg alloy and extruded Al-7Si-0.3Mg alloy rods.,,89,169,,20.5,FALSE,
10.1016/j.jmatprotec.2016.01.030,HE450,4000,Tensile mechanical properties of the as-cast Al-7Si-0.3Mg alloy and extruded Al-7Si-0.3Mg alloy rods.,,86,171,,20.2,FALSE,
10.1016/j.jmatprotec.2016.01.030,HE500,4000,Tensile mechanical properties of the as-cast Al-7Si-0.3Mg alloy and extruded Al-7Si-0.3Mg alloy rods.,,101,187,,16.6,FALSE,
10.1016/j.jmatprotec.2016.01.030,As-cast,4000,Tensile mechanical properties of the as-cast Al-7Si-0.3Mg alloy and extruded Al-7Si-0.3Mg alloy rods.,,115,168,,2.5,FALSE,
10.1016/j.jmatprotec.2016.01.030,As-cast(T6),4000,Tensile mechanical properties of the T6 heat treated cast Al-7Si-0.3Mg alloy and extruded rods.,,236,282,T6,1.9,FALSE,
10.1016/j.jmatprotec.2016.01.030,HE400(T6),4000,Tensile mechanical properties of the T6 heat treated cast Al-7Si-0.3Mg alloy and extruded rods.,,212,272,T6,8.2,FALSE,
10.1016/j.jmatprotec.2016.01.030,HE450(T6),4000,Tensile mechanical properties of the T6 heat treated cast Al-7Si-0.3Mg alloy and extruded rods.,,214,268,T6,8.4,FALSE,
10.1016/j.jmatprotec.2016.01.030,HE500(T6),4000,Tensile mechanical properties of the T6 heat treated cast Al-7Si-0.3Mg alloy and extruded rods.,,213,274,T6,10.8,FALSE,
10.1016/j.jallcom.2014.04.030,A390+Al-3P,4000,Chemical compositions and mechanical properties of A390 alloy before and after modification.,,,297.1,,,FALSE,
10.1016/j.jallcom.2014.04.030,A390+Al-10Fe-3.2P,4000,Chemical compositions and mechanical properties of A390 alloy before and after modification.,,,317.2,,,FALSE,
10.1016/j.jallcom.2017.04.084,w/o,4000,Effect of UST and transition elements on tensile properties at room and elevated temperatures of T7 piston alloys.,,0.71,38.5,T7,63,FALSE,
10.1016/j.jallcom.2017.04.084,w/,4000,Effect of UST and transition elements on tensile properties at room and elevated temperatures of T7 piston alloys.,,0.65,39.7,T7,65.5,FALSE,
10.1016/j.jallcom.2017.04.084,w/o,4000,Effect of UST and transition elements on tensile properties at room and elevated temperatures of T7 piston alloys.,,0.89,39.8,T7,65.5,FALSE,
10.1016/j.jallcom.2017.04.084,w/,4000,Effect of UST and transition elements on tensile properties at room and elevated temperatures of T7 piston alloys.,,0.78,39.8,T7,68.5,FALSE,
10.1016/j.jallcom.2017.04.084,w/o,4000,Effect of UST and transition elements on tensile properties at room and elevated temperatures of T7 piston alloys.,,0.49,41.5,T7,67,FALSE,
10.1016/j.jallcom.2017.04.084,w/,4000,Effect of UST and transition elements on tensile properties at room and elevated temperatures of T7 piston alloys.,,0.95,43.7,T7,68.1,FALSE,
10.1016/j.jallcom.2017.04.084,w/o,4000,Effect of UST and transition elements on tensile properties at room and elevated temperatures of T7 piston alloys.,,0.39,41,T7,67.7,FALSE,
10.1016/j.jallcom.2017.04.084,w/,4000,Effect of UST and transition elements on tensile properties at room and elevated temperatures of T7 piston alloys.,,0.42,42,T7,68.3,FALSE,
10.1016/j.jallcom.2017.04.084,w/o,4000,Effect of UST and transition elements on tensile properties at room and elevated temperatures of T7 piston alloys.,,0.41,45.8,T7,71.9,FALSE,
10.1016/j.jallcom.2017.04.084,w/,4000,Effect of UST and transition elements on tensile properties at room and elevated temperatures of T7 piston alloys.,,0.53,45.3,T7,76.1,FALSE,
10.1016/j.jallcom.2017.09.117,143,4000,Mechanical properties of the base material (LM25AA-SiCp).,,,155,,2,FALSE,
10.1016/j.jallcom.2013.11.145,Group 1,4000,Compositions and mechanical properties of the Al-Si multicomponent alloys.,,,275.6,,,FALSE,
10.1016/j.jallcom.2013.11.145,Group 2,4000,Compositions and mechanical properties of the Al-Si multicomponent alloys.,,,318.3,,,FALSE,
10.1016/j.jallcom.2018.01.138,0Nd,4000,Tensile properties of alloys with different Nd content under as-cast and T6 conditions.,,,263,T6,2.1,FALSE,
10.1016/j.jallcom.2018.01.138,0.03Nd,4000,Tensile properties of alloys with different Nd content under as-cast and T6 conditions.,,,302,T6,3.1,FALSE,
10.1016/j.jallcom.2018.01.138,0.06Nd,4000,Tensile properties of alloys with different Nd content under as-cast and T6 conditions.,,,284,T6,2.7,FALSE,
10.1016/j.jallcom.2018.01.138,0.09Nd,4000,Tensile properties of alloys with different Nd content under as-cast and T6 conditions.,,,269,T6,2.5,FALSE,
10.1016/j.matchar.2016.01.011,Equal channel angular pressing (ECAP),4000,Comparative study of tensile properties with our result and published literature on Al-7%Si alloy.,,,248,,22,FALSE,
10.1016/j.matchar.2016.01.011,High pressure torsion (HPT),4000,Comparative study of tensile properties with our result and published literature on Al-7%Si alloy.,,,240,,85,FALSE,
10.1016/j.matchar.2016.01.011,Accumulative roll bonding (ARB),4000,Comparative study of tensile properties with our result and published literature on Al-7%Si alloy.,,,269,,5.3,FALSE,
10.1016/j.matchar.2016.01.011,Cryorolling (CR),4000,Comparative study of tensile properties with our result and published literature on Al-7%Si alloy.,,,332,,5,FALSE,
10.1016/j.matchar.2016.01.011,FSP 3 pass,4000,Comparative study of tensile properties with our result and published literature on Al-7%Si alloy.,,,200.56,,36.51,FALSE,
10.1016/j.matchar.2016.01.011,ST  +  FSP 3 pass,4000,Comparative study of tensile properties with our result and published literature on Al-7%Si alloy.,,,250.74,,24.45,FALSE,
10.1016/j.wear.2004.05.009,Al-12Si,4000,"Mechanical properties of monolithic Al-12Si alloy, 4vol.% C/Al-12Si, 12vol.% Al2O3/Al-12Si and 4vol.% C/12vol.% Al2O3/Al-12Si composites",,,216,,,FALSE,
10.1016/j.wear.2004.05.009,4vol.% C/Al-12Si,4000,"Mechanical properties of monolithic Al-12Si alloy, 4vol.% C/Al-12Si, 12vol.% Al2O3/Al-12Si and 4vol.% C/12vol.% Al2O3/Al-12Si composites",,,251,,,FALSE,
10.1016/j.wear.2004.05.009,12vol.% Al2O3/Al-12Si,4000,"Mechanical properties of monolithic Al-12Si alloy, 4vol.% C/Al-12Si, 12vol.% Al2O3/Al-12Si and 4vol.% C/12vol.% Al2O3/Al-12Si composites",,,246,,,FALSE,
10.1016/j.wear.2004.05.009,4vol.% C/12vol.% Al2O3/Al-12Si,4000,"Mechanical properties of monolithic Al-12Si alloy, 4vol.% C/Al-12Si, 12vol.% Al2O3/Al-12Si and 4vol.% C/12vol.% Al2O3/Al-12Si composites",,,271,,,FALSE,
10.1016/j.wear.2007.05.011,A356 T6,4000,Mechanical characteristics of tested materials,,276,304.3,T6,13.7,FALSE,
10.1016/j.wear.2007.05.011,Thixo T6,4000,Mechanical characteristics of tested materials,,,341.5,T6,9.2,FALSE,
10.1016/j.wear.2007.01.026,Al-Si alloy,4000,Properties of MMC's and Matrix material used in this study,,,255.6,,,FALSE,
10.1016/j.wear.2007.01.026,Al-Si+5% flyash,4000,Properties of MMC's and Matrix material used in this study,,,273.5,,,FALSE,
10.1016/j.wear.2007.01.026,Al-Si+10% flyash,4000,Properties of MMC's and Matrix material used in this study,,,280.4,,,FALSE,
10.1016/j.wear.2007.01.026,Al-Si+15% flyash,4000,Properties of MMC's and Matrix material used in this study,,,305.8,,,FALSE,
10.1016/s0043-1648(03)00387-9,Al-12Si,4000,"Mechanical properties of monolithic Al-12Si alloy, 4vol.% C/Al-12Si, 12vol.% Al2O3/Al-12Si and 4vol.% C/12vol.% Al2O3/Al-12Si composites",,,216,,,FALSE,
10.1016/s0043-1648(03)00387-9,4vol.% C/Al-12Si,4000,"Mechanical properties of monolithic Al-12Si alloy, 4vol.% C/Al-12Si, 12vol.% Al2O3/Al-12Si and 4vol.% C/12vol.% Al2O3/Al-12Si composites",,,251,,,FALSE,
10.1016/s0043-1648(03)00387-9,12vol.% Al2O3/Al-12Si,4000,"Mechanical properties of monolithic Al-12Si alloy, 4vol.% C/Al-12Si, 12vol.% Al2O3/Al-12Si and 4vol.% C/12vol.% Al2O3/Al-12Si composites",,,246,,,FALSE,
10.1016/s0043-1648(03)00387-9,4vol.% C/12vol.% Al2O3/Al-12Si,4000,"Mechanical properties of monolithic Al-12Si alloy, 4vol.% C/Al-12Si, 12vol.% Al2O3/Al-12Si and 4vol.% C/12vol.% Al2O3/Al-12Si composites",,,271,,,FALSE,
10.1016/j.engfracmech.2013.11.016,197,4000,Mechanical properties of the new precipitation-hardened aluminium alloy (extruded bar).,,,283,,12.2,FALSE,
10.1016/j.jallcom.2016.07.149,HPT 6 GPa,5000,"Grain size and mechanical properties of Al-xMg alloys processed by various SPD procedures [3,41-56].",,490,265,,,TRUE,SPD: see 'name' column for process
10.1016/j.jallcom.2016.07.149,ECAP 6p (B),5000,"Grain size and mechanical properties of Al-xMg alloys processed by various SPD procedures [3,41-56].",,285,450,,,TRUE,SPD: see 'name' column for process
10.1016/j.jallcom.2016.07.149,CCDP 18p,5000,"Grain size and mechanical properties of Al-xMg alloys processed by various SPD procedures [3,41-56].",,,250,,,TRUE,SPD: see 'name' column for process
10.1016/j.jallcom.2016.07.149,HPT 3 GPa (16t),5000,"Grain size and mechanical properties of Al-xMg alloys processed by various SPD procedures [3,41-56].",,,210,,,TRUE,SPD: see 'name' column for process
10.1016/j.jallcom.2016.07.149,HPT 6 GPa (10t),5000,"Grain size and mechanical properties of Al-xMg alloys processed by various SPD procedures [3,41-56].",,440,230,,,TRUE,SPD: see 'name' column for process
10.1016/j.jallcom.2016.07.149,HPT 6 GPa,5000,"Grain size and mechanical properties of Al-xMg alloys processed by various SPD procedures [3,41-56].",,670,86,,,TRUE,SPD: see 'name' column for process
10.1016/j.jallcom.2016.07.149,ECAP 4p,5000,"Grain size and mechanical properties of Al-xMg alloys processed by various SPD procedures [3,41-56].",,400,200,,,TRUE,SPD: see 'name' column for process
10.1016/j.jallcom.2016.07.149,ECAP 8p (A),5000,"Grain size and mechanical properties of Al-xMg alloys processed by various SPD procedures [3,41-56].",,510,250,,,TRUE,SPD: see 'name' column for process
10.1016/j.jallcom.2016.07.149,ECAP 8p (B),5000,"Grain size and mechanical properties of Al-xMg alloys processed by various SPD procedures [3,41-56].",,460,270,,,TRUE,SPD: see 'name' column for process
10.1016/j.jallcom.2016.07.149,CCDP 18p,5000,"Grain size and mechanical properties of Al-xMg alloys processed by various SPD procedures [3,41-56].",,,200,,,TRUE,SPD: see 'name' column for process
10.1016/j.jallcom.2016.07.149,HPT 3 GPa (16t),5000,"Grain size and mechanical properties of Al-xMg alloys processed by various SPD procedures [3,41-56].",,,150,,,TRUE,SPD: see 'name' column for process
10.1016/j.jallcom.2016.07.149,Quasi-Isostatic Forging 523K,5000,"Grain size and mechanical properties of Al-xMg alloys processed by various SPD procedures [3,41-56].",,598,193,,,TRUE,SPD: see 'name' column for process
10.1016/j.jallcom.2016.07.149,HPT 6 GPa,5000,"Grain size and mechanical properties of Al-xMg alloys processed by various SPD procedures [3,41-56].",,800,71,,,TRUE,SPD: see 'name' column for process
10.1016/j.jallcom.2016.07.149,Cryo-milling + consolidation,5000,"Grain size and mechanical properties of Al-xMg alloys processed by various SPD procedures [3,41-56].",,742,26,,,TRUE,SPD: see 'name' column for process
10.1016/j.jallcom.2016.07.149,Plastic consolidation of powders at 753K,5000,"Grain size and mechanical properties of Al-xMg alloys processed by various SPD procedures [3,41-56].",,470,450,,,TRUE,SPD: see 'name' column for process
10.1016/j.jallcom.2016.07.149,ECAP 373K 8p (C),5000,"Grain size and mechanical properties of Al-xMg alloys processed by various SPD procedures [3,41-56].",,430,500,,,TRUE,SPD: see 'name' column for process
10.1016/j.jallcom.2016.07.149,CCDP 18p,5000,"Grain size and mechanical properties of Al-xMg alloys processed by various SPD procedures [3,41-56].",,,100,,,TRUE,SPD: see 'name' column for process
10.1016/j.jallcom.2016.07.149,HPT 5 GPa (5t),5000,"Grain size and mechanical properties of Al-xMg alloys processed by various SPD procedures [3,41-56].",,,150,,,TRUE,SPD: see 'name' column for process
10.1016/j.jallcom.2016.07.149,HE,5000,"Grain size and mechanical properties of Al-xMg alloys processed by various SPD procedures [3,41-56].",,520,190,,,TRUE,SPD: see 'name' column for process
10.1016/j.jallcom.2016.07.149,ECAP + HE,5000,"Grain size and mechanical properties of Al-xMg alloys processed by various SPD procedures [3,41-56].",,595,100,,,TRUE,SPD: see 'name' column for process
10.1016/j.jallcom.2016.07.149,ECAP 6p (Bc),5000,"Grain size and mechanical properties of Al-xMg alloys processed by various SPD procedures [3,41-56].",,600,150,,,TRUE,SPD: see 'name' column for process
10.1016/j.jallcom.2016.07.149,Cryo-milling + HPT consolidation,5000,"Grain size and mechanical properties of Al-xMg alloys processed by various SPD procedures [3,41-56].",,,20,,,TRUE,SPD: see 'name' column for process
10.1016/j.jallcom.2016.07.149,Cryo-milling + HIP consolidation,5000,"Grain size and mechanical properties of Al-xMg alloys processed by various SPD procedures [3,41-56].",,,200,,,TRUE,SPD: see 'name' column for process
10.1016/j.jallcom.2016.07.149,HPT 5 GPa (5t),5000,"Grain size and mechanical properties of Al-xMg alloys processed by various SPD procedures [3,41-56].",,,90,,,TRUE,SPD: see 'name' column for process
10.1016/j.jallcom.2016.07.149,HPT 6 GPa (3t),5000,"Grain size and mechanical properties of Al-xMg alloys processed by various SPD procedures [3,41-56].",,850,130,,,TRUE,SPD: see 'name' column for process
10.1016/j.msea.2017.04.024,CG,5000,Tensile mechanical properties of the CG and UFG Al 5083 alloy at different strain rates.,5083,,274,,30,FALSE,
10.1016/j.msea.2017.04.024,CG,5000,Tensile mechanical properties of the CG and UFG Al 5083 alloy at different strain rates.,5083,,256,,32,FALSE,
10.1016/j.msea.2017.04.024,UFG,5000,Tensile mechanical properties of the CG and UFG Al 5083 alloy at different strain rates.,5083,,324,,19,FALSE,
10.1016/j.msea.2017.04.024,UFG,5000,Tensile mechanical properties of the CG and UFG Al 5083 alloy at different strain rates.,5083,,326,,21,FALSE,
10.1016/j.compositesa.2009.06.007,AZ31,5000,Results of tensile testing of AZ31 and AZ31-1.0 vol%CNT/0.079 AA5052 macrocomposite.,5052,172,263,,10.4,FALSE,
10.1016/j.msea.2009.07.022,90,5000,Nominal chemical compositions (wt.%) and mechanical properties of the aluminum alloy wires.,,,195,,25,FALSE,
10.1007/s11663-016-0727-5,H321,5000,Main Chemical Compositions (Weight Percent) and Mechanical Properties of Two Sheets Materials,,,380,H321,,FALSE,
10.1016/j.jmatprotec.2015.04.003,T40,5000,"Mechanical properties of the as-received materials: ultimate tensile strength (UTS), yield stress (YS), Young module (E), elongation to fracture (A%), Vickers microhardness (HV).",,276,460,T40,,FALSE,
10.1016/j.jmatprotec.2015.04.003,5754 Al,5000,"Mechanical properties of the as-received materials: ultimate tensile strength (UTS), yield stress (YS), Young module (E), elongation to fracture (A%), Vickers microhardness (HV).",5754,80,230,,,FALSE,
10.1016/j.matdes.2016.02.075,Al5052,5000,Mechanical properties of the sheet materials.,5052,211.5,229.9,,14,FALSE,
10.1016/j.matdes.2016.02.075,H62,5000,Mechanical properties of the sheet materials.,,340.3,424.5,H62,37,FALSE,
10.1007/s10853-006-0832-y,Conventional 5052-O sheet,5000,Mechanical properties of the lab-processed sheets and conventionally produced 5052-O Al sheet,5052,90,193,O,25,FALSE,
10.1007/s10853-006-0832-y,Lab-processed sheet (1.6 mm),5000,Mechanical properties of the lab-processed sheets and conventionally produced 5052-O Al sheet,5052,102.1,215.1,O,21.1,FALSE,
10.1007/s10853-006-0832-y,Lab-processed sheet (0.8 mm),5000,Mechanical properties of the lab-processed sheets and conventionally produced 5052-O Al sheet,5052,97.9,217.3,O,20,FALSE,
10.1007/s11837-016-1896-z,0 (aged),5000,Vickers microhardnesses and tensile properties of the Al-0.09 Sc-0.045 Zr/Saffil MMC before and after aging,,128,164,,31,FALSE,
10.1007/s11837-016-1896-z,4 (aged),5000,Vickers microhardnesses and tensile properties of the Al-0.09 Sc-0.045 Zr/Saffil MMC before and after aging,,127,196,,10,FALSE,
10.1007/s11837-016-1896-z,Al-2Cu,5000,"Minimum toughness, UTS and minimum elongation of Al-2Cu/Saffil composite samples with different Saffil short fiber volume fractions ranging from 0 vol.% to 40 vol.%",,,133,,13,FALSE,
10.1007/s11837-016-1896-z,Al-Sc-Zr/4%,5000,"Minimum toughness, UTS and minimum elongation of Al-2Cu/Saffil composite samples with different Saffil short fiber volume fractions ranging from 0 vol.% to 40 vol.%",,,196,,9.7,FALSE,
10.1007/s11837-016-1896-z,Al-Sc-Zr,5000,"Minimum toughness, UTS and minimum elongation of Al-2Cu/Saffil composite samples with different Saffil short fiber volume fractions ranging from 0 vol.% to 40 vol.%",,,164,,26.9,FALSE,
10.1007/s11837-016-1896-z,AA5083-H131,5000,"Minimum toughness, UTS and minimum elongation of Al-2Cu/Saffil composite samples with different Saffil short fiber volume fractions ranging from 0 vol.% to 40 vol.%",5083,,310,H131,12,FALSE,
10.1007/s11837-016-1896-z,AA6061-T6,5000,"Minimum toughness, UTS and minimum elongation of Al-2Cu/Saffil composite samples with different Saffil short fiber volume fractions ranging from 0 vol.% to 40 vol.%",6061,,310,T6,12,FALSE,
10.1016/j.ijfatigue.2013.10.012,70.3,5000,Mechanical properties of 5083-H111 aluminium alloy.,5083,161,302,H111,20,FALSE,
10.1016/j.msea.2007.01.121,5083ZM,5000,The room-temperature mechanical properties of 5083ZM alloys in the extruded state and typical 5000-series alloys with different tempers,5083,253,410,,19,FALSE,
10.1016/j.msea.2007.01.121,5083-O,5000,The room-temperature mechanical properties of 5083ZM alloys in the extruded state and typical 5000-series alloys with different tempers,5083,145,290,,22,FALSE,
10.1016/j.msea.2007.01.121,5083-H343,5000,The room-temperature mechanical properties of 5083ZM alloys in the extruded state and typical 5000-series alloys with different tempers,5083,280,360,H343,8,FALSE,
10.1016/j.msea.2007.01.121,5086-O,5000,The room-temperature mechanical properties of 5083ZM alloys in the extruded state and typical 5000-series alloys with different tempers,5086,115,260,,22,FALSE,
10.1016/j.msea.2007.01.121,5086-H34,5000,The room-temperature mechanical properties of 5083ZM alloys in the extruded state and typical 5000-series alloys with different tempers,5086,255,325,H34,10,FALSE,
10.1016/j.msea.2007.01.121,5052-O,5000,The room-temperature mechanical properties of 5083ZM alloys in the extruded state and typical 5000-series alloys with different tempers,5052,90,195,,25,FALSE,
10.1016/j.msea.2007.01.121,5052-H38,5000,The room-temperature mechanical properties of 5083ZM alloys in the extruded state and typical 5000-series alloys with different tempers,5052,255,270,H38,7,FALSE,
10.1016/j.jmatprotec.2005.02.078,5083/native material,5000,Mechanical properties of the native material and welded joints of Al-Mg alloys (average value from two to four replicates),5083,270,346,,19.7,FALSE,
10.1016/j.jmatprotec.2005.02.078,5083/FSW,5000,Mechanical properties of the native material and welded joints of Al-Mg alloys (average value from two to four replicates),5083,238.3,322.2,,10.4,FALSE,
10.1016/j.jmatprotec.2005.02.078,5059/native material,5000,Mechanical properties of the native material and welded joints of Al-Mg alloys (average value from two to four replicates),5059,280,401,,16.2,FALSE,
10.1016/j.jmatprotec.2005.02.078,5059/FSW,5000,Mechanical properties of the native material and welded joints of Al-Mg alloys (average value from two to four replicates),5059,278.4,367.3,,12.7,FALSE,
10.1016/j.jmatprotec.2005.02.078,5059/MIG,5000,Mechanical properties of the native material and welded joints of Al-Mg alloys (average value from two to four replicates),5059,192.7,296.6,,7.6,FALSE,
10.1007/s11661-014-2330-1,"Strain rate, s-1",5000,"Effect of Pretreatment, FSP, and Strain Rate on the Tensile Properties of Al-Mg Alloy and Al-Mg-TiO2 Nanocomposite",,5.5,5.5,,,FALSE,
10.1007/s11661-014-2330-1,Al-Mg alloy,5000,"Effect of Pretreatment, FSP, and Strain Rate on the Tensile Properties of Al-Mg Alloy and Al-Mg-TiO2 Nanocomposite",,107,180,,,FALSE,
10.1007/s11661-014-2330-1,Al-Mg alloy,5000,"Effect of Pretreatment, FSP, and Strain Rate on the Tensile Properties of Al-Mg Alloy and Al-Mg-TiO2 Nanocomposite",,180,220,,,FALSE,
10.1007/s11661-014-2330-1,Al-Mg alloy,5000,"Effect of Pretreatment, FSP, and Strain Rate on the Tensile Properties of Al-Mg Alloy and Al-Mg-TiO2 Nanocomposite",,88,195,,,FALSE,
10.1007/s11661-014-2330-1,Al-Mg alloy,5000,"Effect of Pretreatment, FSP, and Strain Rate on the Tensile Properties of Al-Mg Alloy and Al-Mg-TiO2 Nanocomposite",,94,193,,,FALSE,
10.1007/s11661-014-2330-1,Al-Mg-TiO2,5000,"Effect of Pretreatment, FSP, and Strain Rate on the Tensile Properties of Al-Mg Alloy and Al-Mg-TiO2 Nanocomposite",,149,211,,,FALSE,
10.1007/s11661-014-2330-1,Al-Mg-TiO2,5000,"Effect of Pretreatment, FSP, and Strain Rate on the Tensile Properties of Al-Mg Alloy and Al-Mg-TiO2 Nanocomposite",,163,248,,,FALSE,
10.1007/s10853-009-3742-y,AZ31,5000,Results of tensile testing of AZ31 and AZ31-1.5 vol.%Al2O3/0.079 AA5052 macrocomposite,5052,172,263,,10.4,FALSE,
10.1007/s11661-009-9971-5,AA5083-H131,5000,"Tensile Properties and Alloy Composition (Presented in Weight Percent Except H, Which is Presented in Parts per Million) for the Three Materials Studied",5083,286,286,H131,,FALSE,
10.1016/j.matdes.2015.06.106,Bal.,5000,Chemical compositions and mechanical properties of 5052-H32 aluminum alloy.,5052,,225,H32,24,FALSE,
10.1016/j.msea.2009.07.067,Coarse-grained Al 5083,5000,"Density, initial yield strength and elastic modulus of the main microconstituents in the tri-modal Al 5083 based composite  and .",5083,,124,,,FALSE,
10.1016/j.matdes.2015.08.121,69.45,5000,Compositions and mechanical properties of AA5052 sheet.,5052,185.26,234.18,,13.78,FALSE,
10.1016/j.msea.2016.12.107,Rolled sheet(T4),5000,Tensile properties of the cast slab and the PB treated and rolled sheets.,,96.9,242.9,T4,20.9,FALSE,
10.1016/j.msea.2016.12.107,Rolled sheet(T6),5000,Tensile properties of the cast slab and the PB treated and rolled sheets.,,179.6,248.6,T6,11.5,FALSE,
10.1016/j.msea.2012.07.074,Al-Si,5000,Typical mechanical properties of aluminium diecast alloys commonly available in industry.,,170,300,,2.5,FALSE,
10.1016/j.msea.2012.07.074,Al-Si,5000,Typical mechanical properties of aluminium diecast alloys commonly available in industry.,,170,320,,3.5,FALSE,
10.1016/j.msea.2012.07.074,Al-Si-Cu,5000,Typical mechanical properties of aluminium diecast alloys commonly available in industry.,,160,320,,2.5,FALSE,
10.1016/j.msea.2012.07.074,Al-Si-Cu,5000,Typical mechanical properties of aluminium diecast alloys commonly available in industry.,,160,320,,3.5,FALSE,
10.1016/j.msea.2012.07.074,Al-Si-Cu,5000,Typical mechanical properties of aluminium diecast alloys commonly available in industry.,,150,310,,3.5,FALSE,
10.1016/j.msea.2012.07.074,Al-Si-Cu,5000,Typical mechanical properties of aluminium diecast alloys commonly available in industry.,,170,330,,2.5,FALSE,
10.1016/j.msea.2012.07.074,Al-Si-Cu-Mg,5000,Typical mechanical properties of aluminium diecast alloys commonly available in industry.,,240,280,,1,FALSE,
10.1016/j.msea.2012.07.074,Al-Si-Cu-Mg,5000,Typical mechanical properties of aluminium diecast alloys commonly available in industry.,,250,320,,1,FALSE,
10.1016/j.msea.2012.07.074,Al-Si-Mg-Cu,5000,Typical mechanical properties of aluminium diecast alloys commonly available in industry.,,270,290,,1,FALSE,
10.1016/j.msea.2012.07.074,Al-Si,5000,Typical mechanical properties of aluminium diecast alloys commonly available in industry.,,140,300,,2.5,FALSE,
10.1016/j.msea.2012.07.074,Al-Si,5000,Typical mechanical properties of aluminium diecast alloys commonly available in industry.,,130,290,,3.5,FALSE,
10.1016/j.msea.2012.07.074,Al-Mg,5000,Typical mechanical properties of aluminium diecast alloys commonly available in industry.,,190,310,,5,FALSE,
10.1016/j.jmatprotec.2009.02.002,HIP/HSRF,5000,Tensile and hardness properties of the Al 5083-plus-B4C nano-composite plates in the longitudinal orientation. Data on Standard Al 5083 H131 are provided for comparison.,5083,397,502,H131,0.9,FALSE,
10.1016/j.jmatprotec.2009.02.002,HIP/QIF,5000,Tensile and hardness properties of the Al 5083-plus-B4C nano-composite plates in the longitudinal orientation. Data on Standard Al 5083 H131 are provided for comparison.,5083,320,471,H131,2,FALSE,
10.1016/j.jmatprotec.2009.02.002,QIF,5000,Tensile and hardness properties of the Al 5083-plus-B4C nano-composite plates in the longitudinal orientation. Data on Standard Al 5083 H131 are provided for comparison.,5083,318,460,H131,1.7,FALSE,
10.1016/j.jmatprotec.2009.02.002,H131,5000,Tensile and hardness properties of the Al 5083-plus-B4C nano-composite plates in the longitudinal orientation. Data on Standard Al 5083 H131 are provided for comparison.,5083,255,338,H131,14,FALSE,
10.1016/j.jmatprotec.2009.02.002,Longitudinal,5000,Compression properties of the Al 5083-plus-B4C nano-composite plates. Data on standard Al 5083 H131 is provided for comparison.,5083,,473,H131,,FALSE,
10.1016/j.jmatprotec.2009.02.002,Transverse,5000,Compression properties of the Al 5083-plus-B4C nano-composite plates. Data on standard Al 5083 H131 is provided for comparison.,5083,,464,H131,,FALSE,
10.1016/j.jmatprotec.2009.02.002,Longitudinal,5000,Compression properties of the Al 5083-plus-B4C nano-composite plates. Data on standard Al 5083 H131 is provided for comparison.,5083,,386,H131,,FALSE,
10.1016/j.jmatprotec.2009.02.002,Transverse,5000,Compression properties of the Al 5083-plus-B4C nano-composite plates. Data on standard Al 5083 H131 is provided for comparison.,5083,,358,H131,,FALSE,
10.1016/j.jmatprotec.2009.02.002,Longitudinal,5000,Compression properties of the Al 5083-plus-B4C nano-composite plates. Data on standard Al 5083 H131 is provided for comparison.,5083,,398,H131,,FALSE,
10.1016/j.jmatprotec.2009.02.002,Transverse,5000,Compression properties of the Al 5083-plus-B4C nano-composite plates. Data on standard Al 5083 H131 is provided for comparison.,5083,,348,H131,,FALSE,
10.1016/j.jmatprotec.2009.02.002,Longitudinal,5000,Compression properties of the Al 5083-plus-B4C nano-composite plates. Data on standard Al 5083 H131 is provided for comparison.,5083,,288,H131,,FALSE,
10.1016/j.jmatprotec.2009.02.002,Transverse,5000,Compression properties of the Al 5083-plus-B4C nano-composite plates. Data on standard Al 5083 H131 is provided for comparison.,5083,,266,H131,,FALSE,
10.1016/j.jmatprotec.2013.11.022,Pure Al,5000,"Tensile test results of the Fe-Al dissimilar materials lap joints made with pure Al, Al-4.5Mg, Al-5Si and Al-12Si filler wires.",,,163.78,,,FALSE,
10.1016/j.jmatprotec.2013.11.022,Al-5Mg,5000,"Tensile test results of the Fe-Al dissimilar materials lap joints made with pure Al, Al-4.5Mg, Al-5Si and Al-12Si filler wires.",,,112.47,,,FALSE,
10.1016/j.jmatprotec.2013.11.022,Al-5Si,5000,"Tensile test results of the Fe-Al dissimilar materials lap joints made with pure Al, Al-4.5Mg, Al-5Si and Al-12Si filler wires.",,,188.75,,,FALSE,
10.1016/j.jmatprotec.2013.11.022,Al-12Si,5000,"Tensile test results of the Fe-Al dissimilar materials lap joints made with pure Al, Al-4.5Mg, Al-5Si and Al-12Si filler wires.",,,205.7,,,FALSE,
10.1007/s11663-010-9375-3,5056-Al,5000,Chemical Composition and Tensile Strength of 5056 Aluminum Alloy Used in this Study,5056,,340,,,FALSE,
10.1007/s11661-011-0722-z,Modified,5000,"Average Mechanical Properties of Tensile Samples from Three Different Orientations (Longitudinal, Transverse, and 45 Deg); for Comparative Purposes, Primary Alloy (AA5754) Properties Are Also Given; the Error Bar Shows the Standard Deviation",,135,239,,,FALSE,
10.1007/s11661-011-0722-z,Modified,5000,"Average Mechanical Properties of Tensile Samples from Three Different Orientations (Longitudinal, Transverse, and 45 Deg); for Comparative Purposes, Primary Alloy (AA5754) Properties Are Also Given; the Error Bar Shows the Standard Deviation",,137,255,,,FALSE,
10.1007/s11661-011-0722-z,Primary,5000,"Average Mechanical Properties of Tensile Samples from Three Different Orientations (Longitudinal, Transverse, and 45 Deg); for Comparative Purposes, Primary Alloy (AA5754) Properties Are Also Given; the Error Bar Shows the Standard Deviation",,122,238,,,FALSE,
10.1016/j.msea.2014.10.030,HA1,5000,Mechanical properties of the AA5083ZrHA1.,5083,125,280,,27,FALSE,
10.1016/j.msea.2014.10.030,ECAP 1 pass,5000,Mechanical properties of the AA5083ZrHA1.,5083,180,310,,28,FALSE,
10.1016/j.msea.2014.10.030,ECAP 2 passes,5000,Mechanical properties of the AA5083ZrHA1.,5083,200,325,,32,FALSE,
10.1016/j.msea.2014.10.030,ECAP 4 passes,5000,Mechanical properties of the AA5083ZrHA1.,5083,230,355,,29,FALSE,
10.1016/j.msea.2014.10.030,ECAP 8 passes,5000,Mechanical properties of the AA5083ZrHA1.,5083,285,390,,28,FALSE,
10.1016/j.msea.2014.10.030,ECAP 12 passes,5000,Mechanical properties of the AA5083ZrHA1.,5083,335,415,,24,FALSE,
10.1016/j.msea.2014.10.030,HA2,5000,Mechanical properties of the AA5083ZrHA2.,5083,125,310,,21,FALSE,
10.1016/j.msea.2014.10.030,ECAP 1 pass,5000,Mechanical properties of the AA5083ZrHA2.,5083,160,310,,24,FALSE,
10.1016/j.msea.2014.10.030,ECAP 2 passes,5000,Mechanical properties of the AA5083ZrHA2.,5083,185,320,,28,FALSE,
10.1016/j.msea.2014.10.030,ECAP 4 passes,5000,Mechanical properties of the AA5083ZrHA2.,5083,220,345,,24,FALSE,
10.1016/j.msea.2014.10.030,ECAP 8 passes,5000,Mechanical properties of the AA5083ZrHA2.,5083,255,375,,23,FALSE,
10.1016/j.msea.2014.10.030,ECAP 12 passes,5000,Mechanical properties of the AA5083ZrHA2.,5083,270,380,,26,FALSE,
10.1007/s11661-015-3079-x,Al 5754,5000,Mechanical Properties of the Base Materials,5754,85,239,,,FALSE,
10.1007/s11661-011-0849-y,forged at 523 K (250 degC),5000,Mechanical Properties for Cryomilled and Forged UFG Plates as Well as Conventional AA 5083,5083,165,521,,,FALSE,
10.1007/s11661-011-0849-y,forged at 623 K (350 degC),5000,Mechanical Properties for Cryomilled and Forged UFG Plates as Well as Conventional AA 5083,5083,149,451,,,FALSE,
10.1007/s11661-011-0849-y,forged at 723 K (450 degC),5000,Mechanical Properties for Cryomilled and Forged UFG Plates as Well as Conventional AA 5083,5083,136,400,,,FALSE,
10.1007/s11661-011-0849-y,H131 (Cold rolled),5000,Mechanical Properties for Cryomilled and Forged UFG Plates as Well as Conventional AA 5083,5083,,287,H131,,FALSE,
10.1007/s11661-011-0849-y,O [Annealed at 686 K (413 degC)],5000,Mechanical Properties for Cryomilled and Forged UFG Plates as Well as Conventional AA 5083,5083,,138,,,FALSE,
10.1016/j.msea.2016.04.029,Al-Mg-Mn,5000,Mechanical properties of Al-Mg-Mn and Al-Mg-Mn-Sc-Zr alloys homogenized at different temperatures for 8 h and annealed at various temperatures for 1  h.,,304,411,,,FALSE,
10.1016/j.msea.2016.04.029,Al-Mg-Mn,5000,Mechanical properties of Al-Mg-Mn and Al-Mg-Mn-Sc-Zr alloys homogenized at different temperatures for 8 h and annealed at various temperatures for 1  h.,,196,360,,,FALSE,
10.1016/j.msea.2016.04.029,Al-Mg-Mn,5000,Mechanical properties of Al-Mg-Mn and Al-Mg-Mn-Sc-Zr alloys homogenized at different temperatures for 8 h and annealed at various temperatures for 1  h.,,186,356,,,FALSE,
10.1016/j.msea.2016.04.029,Al-Mg-Mn-Sc-Zr,5000,Mechanical properties of Al-Mg-Mn and Al-Mg-Mn-Sc-Zr alloys homogenized at different temperatures for 8 h and annealed at various temperatures for 1  h.,,380,460,,,FALSE,
10.1016/j.msea.2016.04.029,Al-Mg-Mn-Sc-Zr,5000,Mechanical properties of Al-Mg-Mn and Al-Mg-Mn-Sc-Zr alloys homogenized at different temperatures for 8 h and annealed at various temperatures for 1  h.,,376,455,,,FALSE,
10.1016/j.msea.2016.04.029,Al-Mg-Mn-Sc-Zr,5000,Mechanical properties of Al-Mg-Mn and Al-Mg-Mn-Sc-Zr alloys homogenized at different temperatures for 8 h and annealed at various temperatures for 1  h.,,358,437,,,FALSE,
10.1016/j.msea.2016.04.029,Al-Mg-Mn-Sc-Zr,5000,Mechanical properties of Al-Mg-Mn and Al-Mg-Mn-Sc-Zr alloys homogenized at different temperatures for 8 h and annealed at various temperatures for 1  h.,,366,459,,,FALSE,
10.1016/j.msea.2016.04.029,Al-Mg-Mn-Sc-Zr,5000,Mechanical properties of Al-Mg-Mn and Al-Mg-Mn-Sc-Zr alloys homogenized at different temperatures for 8 h and annealed at various temperatures for 1  h.,,355,449,,,FALSE,
10.1016/j.msea.2016.04.029,Al-Mg-Mn-Sc-Zr,5000,Mechanical properties of Al-Mg-Mn and Al-Mg-Mn-Sc-Zr alloys homogenized at different temperatures for 8 h and annealed at various temperatures for 1  h.,,350,444,,,FALSE,
10.1016/j.msea.2016.04.029,Al-Mg-Mn-Sc-Zr,5000,Mechanical properties of Al-Mg-Mn and Al-Mg-Mn-Sc-Zr alloys homogenized at different temperatures for 8 h and annealed at various temperatures for 1  h.,,325,451,,,FALSE,
10.1016/j.msea.2016.04.029,Al-Mg-Mn-Sc-Zr,5000,Mechanical properties of Al-Mg-Mn and Al-Mg-Mn-Sc-Zr alloys homogenized at different temperatures for 8 h and annealed at various temperatures for 1  h.,,316,440,,,FALSE,
10.1016/j.msea.2016.04.029,Al-Mg-Mn-Sc-Zr,5000,Mechanical properties of Al-Mg-Mn and Al-Mg-Mn-Sc-Zr alloys homogenized at different temperatures for 8 h and annealed at various temperatures for 1  h.,,313,437,,,FALSE,
10.1016/j.matdes.2010.02.038,AZ31-H24,5000,Materials characteristics in different conditions.,,,282,H24,,FALSE,
10.1016/s1359-6454(02)00259-8,Al-Mg,5000,Mechanical properties,,107,191,,7,FALSE,
10.1016/s1359-6454(02)00259-8,Al-Mg-Sc,5000,Mechanical properties,,172,218,,5,FALSE,
10.1016/j.jclepro.2013.12.056,AA5083,5000,Physical and mechanical properties of AA5083.,5083,305,200,,,FALSE,
10.1016/j.msea.2014.08.057,6063-T4,5000,Mechanical properties of alloy 6063 and sample 70-8.,6063,90,150,T4,,FALSE,
10.1016/j.msea.2014.08.057,6063-T6,5000,Mechanical properties of alloy 6063 and sample 70-8.,6063,170,220,T6,,FALSE,
10.1016/j.msea.2015.10.127,B1,5000,Tensile properties of the as-cast Al-5Mg-0.6Mn alloy tested at different strain rates (Test temperature of 20degC).,,212,357,,17.6,FALSE,
10.1016/j.msea.2015.10.127,B2,5000,Tensile properties of the as-cast Al-5Mg-0.6Mn alloy tested at different strain rates (Test temperature of 20degC).,,213,356,,17.5,FALSE,
10.1016/j.msea.2015.10.127,B3,5000,Tensile properties of the as-cast Al-5Mg-0.6Mn alloy tested at different strain rates (Test temperature of 20degC).,,210,340,,12.1,FALSE,
10.1016/j.msea.2015.10.127,B4,5000,Tensile properties of the as-cast Al-5Mg-0.6Mn alloy tested at different strain rates (Test temperature of 20degC).,,207,333,,10.8,FALSE,
10.1016/j.msea.2015.10.127,B5,5000,Tensile properties of the as-cast Al-5Mg-0.6Mn alloy tested at different strain rates (Test temperature of 20degC).,,207,325,,10.2,FALSE,
10.1016/j.msea.2015.10.127,C1,5000,"Tensile properties of the as-cast Al-5Mg-0.6Mn alloy tested at different temperatures (Strain rate of 6.67x10-4
s-1).",,210,340,,,FALSE,
10.1016/j.msea.2015.10.127,C2,5000,"Tensile properties of the as-cast Al-5Mg-0.6Mn alloy tested at different temperatures (Strain rate of 6.67x10-4
s-1).",,202,281,,,FALSE,
10.1016/j.msea.2015.10.127,C3,5000,"Tensile properties of the as-cast Al-5Mg-0.6Mn alloy tested at different temperatures (Strain rate of 6.67x10-4
s-1).",,188,250,,,FALSE,
10.1016/j.msea.2015.10.127,C4,5000,"Tensile properties of the as-cast Al-5Mg-0.6Mn alloy tested at different temperatures (Strain rate of 6.67x10-4
s-1).",,165,205,,,FALSE,
10.1016/j.msea.2015.10.127,C5,5000,"Tensile properties of the as-cast Al-5Mg-0.6Mn alloy tested at different temperatures (Strain rate of 6.67x10-4
s-1).",,163,191,,,FALSE,
10.1016/j.msea.2007.02.080,5556+CC,5000,Tensile test data,5556,174,264,,,FALSE,
10.1016/j.msea.2007.02.080,5556+PC,5000,Tensile test data,5556,191,292,,,FALSE,
10.1016/j.msea.2007.02.080,5556+0.25% Sc+0.15% Zr,5000,Tensile test data,5556,208,294,,,FALSE,
10.1016/j.msea.2007.02.080,5556+0.5% Sc,5000,Tensile test data,5556,208,317,,,FALSE,
10.1016/j.msea.2007.02.080,5556+0.65% Sc,5000,Tensile test data,5556,224,309,,,FALSE,
10.1016/j.msea.2014.09.108,5083Al base,5000,Mechanical properties of the 5083 Al-W composite.,5083,,296,W,,FALSE,
10.1016/j.msea.2014.09.108,5083Al-W,5000,Mechanical properties of the 5083 Al-W composite.,5083,,404,W,,FALSE,
10.1016/j.msea.2014.09.108,5083 FSPed,5000,Mechanical properties of the 5083 Al-W composite.,5083,,337,W,,FALSE,
10.1016/j.jmatprotec.2010.11.004,Mechanical properties,5000,Mechanical properties and nominal composition of AA5754.,5754,,240,,22,FALSE,
10.1016/j.jmatprotec.2017.07.031,Bal.,5000,Chemical compositions and mechanical properties of BM.,,,239.6,,21.5,FALSE,
10.1016/j.jmatprotec.2017.10.016,AA5052-H32,5000,Mechanical properties of AA5052-H32 and HDPE sheets.,5052,155,356,H32,9,FALSE,
10.1016/j.jmatprotec.2017.10.016,AA5052-H32,5000,Mechanical properties of AA5052-H32 and HDPE sheets.,5052,147,327,H32,12,FALSE,
10.1016/j.jmatprotec.2017.10.016,AA5052-H32,5000,Mechanical properties of AA5052-H32 and HDPE sheets.,5052,148,333,H32,13,FALSE,
10.1016/j.jmatprotec.2017.10.016,HDPE,5000,Mechanical properties of AA5052-H32 and HDPE sheets.,5052,,29,H32,17.4,FALSE,
10.1016/j.jmatprotec.2014.10.025,AA5754,5000,Chemical composition and some physical properties of used alloys.,5754,,220,,,FALSE,
10.1016/j.jmatprotec.2016.07.032,Value,5000,Grain size and mechanical property of base metal 5083.,5083,180,275,,10,FALSE,
10.1007/s11665-018-3311-0,5052 alloy,5000,"Mean values and standard deviation values for the ultimate tensile strength, yield strength and the ductility",5052,92.6,197.1,,8.1,FALSE,
10.1007/s11665-018-3174-4,5083 Al,5000,Mechanical properties of experiment materials and shear test results,5083,,84,,,FALSE,
10.1016/j.msea.2018.02.054,As-annealed,5000,Detailed tensile properties of annealed and ECAP processed AA5052 samples.,5052,85,211,,32.4,FALSE,
10.1016/j.msea.2018.02.054,2P,5000,Detailed tensile properties of annealed and ECAP processed AA5052 samples.,5052,221,267,,5.99,FALSE,
10.1016/j.msea.2018.02.054,4P,5000,Detailed tensile properties of annealed and ECAP processed AA5052 samples.,5052,281,333,,8.02,FALSE,
10.1016/j.msea.2018.02.054,6P,5000,Detailed tensile properties of annealed and ECAP processed AA5052 samples.,5052,280,376,,6.52,FALSE,
10.1016/j.jallcom.2015.07.096,Al-2Mg-2.5FeCu [18] (ex-situ composite),5000,A comparative study of present work with literature.,,74,98,,,FALSE,
10.1016/j.jallcom.2015.07.096,Al-2Mg-5Fe [19] (ex-situ composite),5000,A comparative study of present work with literature.,,74,112,,,FALSE,
10.1016/j.jallcom.2015.07.096,Al-2Mg-5FeNi [19] (ex-situ composite),5000,A comparative study of present work with literature.,,69,105,,,FALSE,
10.1016/j.jallcom.2015.07.096,Al-20vol.%SiC [52] (ex-situ composite),5000,A comparative study of present work with literature.,,64.6,127,,,FALSE,
10.1016/j.jallcom.2003.10.084,"ECAP, three passes",5000,"Grain size, microhardness, and tensile properties of the AA5083 alloy in different states",5083,375,427,,8,FALSE,
10.1016/j.jallcom.2003.10.084,,5000,"Grain size, microhardness, and tensile properties of the AA5083 alloy in different states",5083,353,418,,7.5,FALSE,
10.1016/j.jallcom.2003.10.084,H121,5000,"Grain size, microhardness, and tensile properties of the AA5083 alloy in different states",5083,234,352,H121,16,FALSE,
10.1016/j.jallcom.2003.10.084,SST,5000,"Grain size, microhardness, and tensile properties of the AA5083 alloy in different states",5083,163,320,,36.5,FALSE,
10.1016/j.jallcom.2003.10.084,,5000,"Grain size, microhardness, and tensile properties of the AA5083 alloy in different states",5083,144,295,,35.5,FALSE,
10.1016/j.matchar.2018.04.045,0%,5000,"Tensile properties of the AlMg5Si2Mn alloy extrudates with different amounts of PHD for as-extruded, T4 heat-treated, and T6 heat-treated conditions (YS: yield strength, TS: tensile strength, and El: elongation).",,236.6,275.6,T4,11.3,FALSE,
10.1016/j.matchar.2018.04.045,5%,5000,"Tensile properties of the AlMg5Si2Mn alloy extrudates with different amounts of PHD for as-extruded, T4 heat-treated, and T6 heat-treated conditions (YS: yield strength, TS: tensile strength, and El: elongation).",,250.6,286.3,T4,11.2,FALSE,
10.1016/j.matchar.2018.04.045,10%,5000,"Tensile properties of the AlMg5Si2Mn alloy extrudates with different amounts of PHD for as-extruded, T4 heat-treated, and T6 heat-treated conditions (YS: yield strength, TS: tensile strength, and El: elongation).",,255.3,291.6,T4,10.7,FALSE,
10.1016/j.matchar.2018.02.018,AA5182,5000,Mechanical properties of AA5182 and HC340LA.,5182,103,236,,,FALSE,
10.1016/j.matchar.2018.02.018,HC340LA,5000,Mechanical properties of AA5182 and HC340LA.,5182,340,510,,,FALSE,
10.1016/j.corsci.2018.03.027,385,5000,Summary of slow strain rate tensile testing results on the sensitized and thermally remediated 5083-H131 alloy in different environments.,5083,285,385,H131,6.8,FALSE,
10.1016/j.corsci.2018.03.027,364,5000,Summary of slow strain rate tensile testing results on the sensitized and thermally remediated 5083-H131 alloy in different environments.,5083,275,364,H131,6.6,FALSE,
10.1016/j.corsci.2018.03.027,333,5000,Summary of slow strain rate tensile testing results on the sensitized and thermally remediated 5083-H131 alloy in different environments.,5083,264,333,H131,4.6,FALSE,
10.1016/j.corsci.2018.03.027,342,5000,Summary of slow strain rate tensile testing results on the sensitized and thermally remediated 5083-H131 alloy in different environments.,5083,267,342,H131,4.9,FALSE,
10.1016/j.engfracmech.2017.10.014,175,5000,Mechanical properties of 5A06-O (GB) from uniaxial tensile tests.,,,722,O,30.6,FALSE,
10.1016/j.engfracmech.2007.01.026,1,5000,Tensile (UTS) and 0.2% proof strength data for 5083-H321 parent plate and the FS welds,5083,,171,H321,,FALSE,
10.1016/j.engfracmech.2007.01.026,2,5000,Tensile (UTS) and 0.2% proof strength data for 5083-H321 parent plate and the FS welds,5083,,153,H321,,FALSE,
10.1016/j.engfracmech.2007.01.026,3,5000,Tensile (UTS) and 0.2% proof strength data for 5083-H321 parent plate and the FS welds,5083,,161,H321,,FALSE,
10.1016/j.engfracmech.2007.01.026,4,5000,Tensile (UTS) and 0.2% proof strength data for 5083-H321 parent plate and the FS welds,5083,,144,H321,,FALSE,
10.1016/j.engfracmech.2007.01.026,5,5000,Tensile (UTS) and 0.2% proof strength data for 5083-H321 parent plate and the FS welds,5083,,165,H321,,FALSE,
10.1016/j.engfracmech.2007.01.026,6,5000,Tensile (UTS) and 0.2% proof strength data for 5083-H321 parent plate and the FS welds,5083,,164,H321,,FALSE,
10.1016/j.engfracmech.2007.01.026,7,5000,Tensile (UTS) and 0.2% proof strength data for 5083-H321 parent plate and the FS welds,5083,,150,H321,,FALSE,
10.1016/j.engfracmech.2007.01.026,8,5000,Tensile (UTS) and 0.2% proof strength data for 5083-H321 parent plate and the FS welds,5083,,145,H321,,FALSE,
10.1016/j.engfracmech.2007.01.026,9,5000,Tensile (UTS) and 0.2% proof strength data for 5083-H321 parent plate and the FS welds,5083,,145,H321,,FALSE,
10.1016/j.engfracmech.2007.01.026,10,5000,Tensile (UTS) and 0.2% proof strength data for 5083-H321 parent plate and the FS welds,5083,,148,H321,,FALSE,
10.1016/j.engfracmech.2007.01.026,11,5000,Tensile (UTS) and 0.2% proof strength data for 5083-H321 parent plate and the FS welds,5083,,141,H321,,FALSE,
10.1016/j.engfracmech.2007.01.026,Parent plate,5000,Tensile (UTS) and 0.2% proof strength data for 5083-H321 parent plate and the FS welds,5083,,254,H321,,FALSE,
10.1016/j.msea.2018.06.081,As-annealed,5000,Tensile properties of homogenized and ECAPed samples of AA5052 alloy.,5052,85,210,,,FALSE,
10.1016/j.msea.2018.06.081,2PA,5000,Tensile properties of homogenized and ECAPed samples of AA5052 alloy.,5052,220,266,,,FALSE,
10.1016/j.msea.2018.06.081,4PA,5000,Tensile properties of homogenized and ECAPed samples of AA5052 alloy.,5052,280,332,,,FALSE,
10.1016/j.msea.2018.06.081,6PA,5000,Tensile properties of homogenized and ECAPed samples of AA5052 alloy.,5052,280,375,,,FALSE,
10.1016/j.msea.2018.06.081,2PC,5000,Tensile properties of homogenized and ECAPed samples of AA5052 alloy.,5052,245,280,,,FALSE,
10.1016/j.msea.2018.06.081,4PC,5000,Tensile properties of homogenized and ECAPed samples of AA5052 alloy.,5052,257,303,,,FALSE,
10.1016/j.msea.2018.06.081,6PC,5000,Tensile properties of homogenized and ECAPed samples of AA5052 alloy.,5052,244,316,,,FALSE,
10.1016/j.actamat.2010.01.037,,6000,Room temperature tensile properties of AA6016-O processed by different number of ECAP passes without and with 200 MPa of back pressure.,6016,89,170,O,23.6,TRUE,SPD: ECAP
10.1016/j.actamat.2010.01.037,0,6000,Room temperature tensile properties of AA6016-O processed by different number of ECAP passes without and with 200 MPa of back pressure.,6016,166,175,O,5.8,TRUE,SPD: ECAP
10.1016/j.actamat.2010.01.037,,6000,Room temperature tensile properties of AA6016-O processed by different number of ECAP passes without and with 200 MPa of back pressure.,6016,180,200,O,7.5,TRUE,SPD: ECAP
10.1016/j.actamat.2010.01.037,,6000,Room temperature tensile properties of AA6016-O processed by different number of ECAP passes without and with 200 MPa of back pressure.,6016,197,240,O,7.2,TRUE,SPD: ECAP
10.1016/j.actamat.2010.01.037,,6000,Room temperature tensile properties of AA6016-O processed by different number of ECAP passes without and with 200 MPa of back pressure.,6016,207,268,O,9.3,TRUE,SPD: ECAP
10.1016/j.actamat.2010.01.037,,6000,Room temperature tensile properties of AA6016-O processed by different number of ECAP passes without and with 200 MPa of back pressure.,6016,219,280,O,10.2,TRUE,SPD: ECAP
10.1016/j.actamat.2010.01.037,200,6000,Room temperature tensile properties of AA6016-O processed by different number of ECAP passes without and with 200 MPa of back pressure.,6016,157,171,O,6.7,TRUE,SPD: ECAP
10.1016/j.actamat.2010.01.037,,6000,Room temperature tensile properties of AA6016-O processed by different number of ECAP passes without and with 200 MPa of back pressure.,6016,173,194,O,8,TRUE,SPD: ECAP
10.1016/j.actamat.2010.01.037,,6000,Room temperature tensile properties of AA6016-O processed by different number of ECAP passes without and with 200 MPa of back pressure.,6016,187,230,O,8.1,TRUE,SPD: ECAP
10.1016/j.actamat.2010.01.037,,6000,Room temperature tensile properties of AA6016-O processed by different number of ECAP passes without and with 200 MPa of back pressure.,6016,207,259,O,9.7,TRUE,SPD: ECAP
10.1016/j.actamat.2010.01.037,,6000,Room temperature tensile properties of AA6016-O processed by different number of ECAP passes without and with 200 MPa of back pressure.,6016,216,276,O,12.2,TRUE,SPD: ECAP
10.1016/j.actamat.2010.01.037,,6000,Room temperature tensile properties of AA6016-O processed by different number of ECAP passes without and with 200 MPa of back pressure.,6016,208,259,O,13,TRUE,SPD: ECAP
10.1016/j.actamat.2010.01.037,,6000,Tensile properties (tested at 200 degC and initial strain rate 10-3 s-1) of AA6016-O processed by different number of ECAP passes without and with 200 MPa of back pressure.,6016,64,114,O,31,TRUE,SPD: ECAP
10.1016/j.actamat.2010.01.037,0,6000,Tensile properties (tested at 200 degC and initial strain rate 10-3 s-1) of AA6016-O processed by different number of ECAP passes without and with 200 MPa of back pressure.,6016,54,84,O,32,TRUE,SPD: ECAP
10.1016/j.actamat.2010.01.037,,6000,Tensile properties (tested at 200 degC and initial strain rate 10-3 s-1) of AA6016-O processed by different number of ECAP passes without and with 200 MPa of back pressure.,6016,53,80,O,54.3,TRUE,SPD: ECAP
10.1016/j.actamat.2010.01.037,,6000,Tensile properties (tested at 200 degC and initial strain rate 10-3 s-1) of AA6016-O processed by different number of ECAP passes without and with 200 MPa of back pressure.,6016,48,79,O,83.6,TRUE,SPD: ECAP
10.1016/j.actamat.2010.01.037,200,6000,Tensile properties (tested at 200 degC and initial strain rate 10-3 s-1) of AA6016-O processed by different number of ECAP passes without and with 200 MPa of back pressure.,6016,50,83,O,57.3,TRUE,SPD: ECAP
10.1016/j.actamat.2010.01.037,,6000,Tensile properties (tested at 200 degC and initial strain rate 10-3 s-1) of AA6016-O processed by different number of ECAP passes without and with 200 MPa of back pressure.,6016,47,80,O,76.8,TRUE,SPD: ECAP
10.1016/j.actamat.2010.01.037,,6000,Tensile properties (tested at 200 degC and initial strain rate 10-3 s-1) of AA6016-O processed by different number of ECAP passes without and with 200 MPa of back pressure.,6016,43,76,O,86.9,TRUE,SPD: ECAP
10.1016/j.actamat.2010.01.037,,6000,Tensile properties (tested at 200 degC and initial strain rate 10-3 s-1) of AA6016-O processed by different number of ECAP passes without and with 200 MPa of back pressure.,6016,41,69,O,98.8,TRUE,SPD: ECAP
10.1007/s11661-012-1121-9,6061-T6,6000,Mechanical Properties,6061,287,315,T6,,FALSE,
10.1016/j.jmatprotec.2012.02.008,6005A T6 actual,6000,Mechanical properties of 6005A.,6005,253,280,T6,10,FALSE,
10.1016/j.jmatprotec.2012.02.008,6005A T6 typical (AluSelect),6000,Mechanical properties of 6005A.,6005,260,285,T6,13,FALSE,
10.1016/j.ijmecsci.2010.08.005,AZ31B,6000,"Mechanical properties of AZ31B , AA6061T6  and ASTM A106 Grade B steel .",6061,,276,T6,16,FALSE,
10.1016/j.ijmecsci.2010.08.005,AA6061T6,6000,"Mechanical properties of AZ31B , AA6061T6  and ASTM A106 Grade B steel .",6061,,310,T6,12,FALSE,
10.1016/j.ijmecsci.2010.08.005,ASTM A106 Grade B (min),6000,"Mechanical properties of AZ31B , AA6061T6  and ASTM A106 Grade B steel .",6061,,415,T6,22,FALSE,
10.1016/j.msea.2012.06.076,AA6181-T4,6000,"Obtained yield, strength and strain values for each material selected for this study. The values are an average of at least three tensile tests conducted for each material.",6181,127,259,T4,26,FALSE,
10.1016/j.actamat.2007.01.006,T6,6000,Summary of mechanical properties of peak aged T6 and T6I6 tempers,,311,352,T6,8.2,FALSE,
10.1016/j.actamat.2007.01.006,T6I6,6000,Summary of mechanical properties of peak aged T6 and T6I6 tempers,,335,368,T6,7.3,FALSE,
10.1016/j.optlastec.2012.06.019,Al-6061-T6,6000,Mechanical properties of the unpeened material.,6061,277.29,324.37,T6,16.4,FALSE,
10.1016/j.ijfatigue.2004.07.007,281,6000,Mechanical properties of the material used (in T6 condition),,,348,T6,16,FALSE,
10.1007/s11663-006-9003-4,6061,6000,Mechanical Properties for the Matrix and the MMCs in As-Extruded Condition and T6 Treated,6061,181,306,T6,,FALSE,
10.1007/s11663-006-9003-4,6061/5 pct TiN,6000,Mechanical Properties for the Matrix and the MMCs in As-Extruded Condition and T6 Treated,6061,192,327,T6,,FALSE,
10.1007/s11663-006-9003-4,6061/10 pct TiN,6000,Mechanical Properties for the Matrix and the MMCs in As-Extruded Condition and T6 Treated,6061,184,303,T6,,FALSE,
10.1007/s11663-006-9003-4,6061/15 pct TiN,6000,Mechanical Properties for the Matrix and the MMCs in As-Extruded Condition and T6 Treated,6061,135,196,T6,,FALSE,
10.1007/s10853-010-4609-y,6063 Al alloy,6000,Mechanical and thermal properties of materials,6063,,215,,,FALSE,
10.1007/s10853-010-4609-y,6063 aluminum alloy,6000,Comparison of tensile strength and impact toughness for parent metals and welded joint (24-146-3),6063,,215,,,FALSE,
10.1016/j.jmatprotec.2012.06.024,Alloy 6061-T6,6000,Mechanical properties specification limits of 6061-T6 aluminum alloy.,6061,,255,T6,12,FALSE,
10.1016/j.jmatprotec.2017.01.029,74.2,6000,The mechanical properties of AA6061-T6 sheet obtained from the uniaxial tension test along the rolling direction.,6061,349.2,381.1,T6,6.95,FALSE,
10.1016/j.msea.2016.04.011,Al 6061-O,6000,The mechanical properties of aluminum and magnesium alloys.,6061,276,82.8,,,FALSE,
10.1016/j.msea.2016.04.011,Al 6061-T6,6000,The mechanical properties of aluminum and magnesium alloys.,6061,185,207,T6,,FALSE,
10.1016/j.jmatprotec.2011.01.023,Al 6061,6000,Specifications of the 6061 aluminum alloy.,6061,,162,,19,FALSE,
10.1016/j.msea.2009.01.057,Forged,6000,"Results of the tensile tests, at room and high temperature, for the as-cast and forged AA6061/Al2O3/23p composite.",6061,144,181,,6.9,FALSE,
10.1007/s11661-010-0279-2,6061Al-T651-BM,6000,LCF Parameters of 6061Al-T651 Alloy in Different Conditions,6061,305,632,T651,,FALSE,
10.1007/s11661-010-0279-2,1400-600,6000,LCF Parameters of 6061Al-T651 Alloy in Different Conditions,1400,275,520,T651,,FALSE,
10.1007/s11661-010-0279-2,1400-400,6000,LCF Parameters of 6061Al-T651 Alloy in Different Conditions,1400,250,471,T651,,FALSE,
10.1007/s11661-010-0279-2,1400-200,6000,LCF Parameters of 6061Al-T651 Alloy in Different Conditions,1400,232,408,T651,,FALSE,
10.1007/s11661-010-0279-2,1000-200,6000,LCF Parameters of 6061Al-T651 Alloy in Different Conditions,1000,230,409,T651,,FALSE,
10.1007/s11661-010-0279-2,600-200,6000,LCF Parameters of 6061Al-T651 Alloy in Different Conditions,6061,220,371,T651,,FALSE,
10.1016/j.msea.2010.10.050,DP 600,6000,Typical mechanical properties of DP600 steel and 6016-T4 Al alloy sheets.,6016,385,625,T4,22,FALSE,
10.1016/j.msea.2010.10.050,AA6016,6000,Typical mechanical properties of DP600 steel and 6016-T4 Al alloy sheets.,6016,130,220,T4,24,FALSE,
10.1007/978-3-319-00765-6_8,Al 6082,6000,Mechanical properties of Al 6082,6082,260,340,,11,FALSE,
10.1016/s0254-0584(01)00536-3,6061,6000,Contents and mechanical properties of Al606l/SiCp,6061,,600,,,FALSE,
10.1016/j.solmat.2017.06.063,CSEW,6000,Mechanical properties of the concentrated solar energy weld (CSEW) as well as the 6082-T6 base metal (BM).,6082,156,226,T6,9.1,FALSE,
10.1016/j.solmat.2017.06.063,BM,6000,Mechanical properties of the concentrated solar energy weld (CSEW) as well as the 6082-T6 base metal (BM).,6082,289,334,T6,7.5,FALSE,
10.1016/j.apsusc.2006.02.060,AA6063,6000,Mechanical properties of test materials,6063,150,185,,7,FALSE,
10.1016/j.apsusc.2006.02.060,AA6061,6000,Mechanical properties of test materials,6061,118,190,,14,FALSE,
10.1016/j.msea.2015.06.036,ST,6000,Mechanical properties of Al 6061 alloy after MDF followed by peak ageing treatment.,6061,50,172,,,FALSE,
10.1016/j.msea.2015.06.036,T6,6000,Mechanical properties of Al 6061 alloy after MDF followed by peak ageing treatment.,6061,220,330,T6,,FALSE,
10.1016/j.msea.2015.06.036,3C,6000,Mechanical properties of Al 6061 alloy after MDF followed by peak ageing treatment.,6061,295,310,,,FALSE,
10.1016/j.msea.2015.06.036,6C,6000,Mechanical properties of Al 6061 alloy after MDF followed by peak ageing treatment.,6061,334,350,,,FALSE,
10.1016/j.msea.2015.06.036,9C,6000,Mechanical properties of Al 6061 alloy after MDF followed by peak ageing treatment.,6061,374,388,,,FALSE,
10.1016/j.msea.2015.06.036,3C+PA,6000,Mechanical properties of Al 6061 alloy after MDF followed by peak ageing treatment.,6061,324,389,,,FALSE,
10.1016/j.msea.2015.06.036,6C+PA,6000,Mechanical properties of Al 6061 alloy after MDF followed by peak ageing treatment.,6061,361,422,,,FALSE,
10.1016/j.msea.2015.06.036,9C+PA,6000,Mechanical properties of Al 6061 alloy after MDF followed by peak ageing treatment.,6061,409,472,,,FALSE,
10.1016/s0921-5093(02)00456-2,6063UA,6000,Mechanical properties of the alloys in different aging conditions,6063,67,164,,26,FALSE,
10.1016/s0921-5093(02)00456-2,6063PA,6000,Mechanical properties of the alloys in different aging conditions,6063,220,259,,15,FALSE,
10.1016/s0921-5093(02)00456-2,6082UA,6000,Mechanical properties of the alloys in different aging conditions,6082,142,190,,18,FALSE,
10.1016/s0921-5093(02)00456-2,6082PA,6000,Mechanical properties of the alloys in different aging conditions,6082,256,300,,14,FALSE,
10.1016/s0921-5093(00)00805-4,6005A T6,6000,Mechanical properties of the aluminum alloys,6005,260,285,T6,12,FALSE,
10.1016/s0921-5093(00)00805-4,6082 T6,6000,Mechanical properties of the aluminum alloys,6082,280,315,T6,12,FALSE,
10.1016/j.msea.2016.10.027,RD,6000,Mechanical properties of AA-6061 (T6) aluminium alloy sheet obtained using tension test and r-bar test.,6061,,308,T6,,FALSE,
10.1016/j.msea.2016.10.027,ID,6000,Mechanical properties of AA-6061 (T6) aluminium alloy sheet obtained using tension test and r-bar test.,6061,,293,T6,,FALSE,
10.1016/j.msea.2016.10.027,TD,6000,Mechanical properties of AA-6061 (T6) aluminium alloy sheet obtained using tension test and r-bar test.,6061,,274,T6,,FALSE,
10.1016/j.msea.2015.06.046,6061 aluminum,6000,YS and UTS values in tested alloys in the as received and flow formed conditions.,6061,170,195,,,FALSE,
10.1016/j.msea.2015.10.014,Pass 0,6000,The tensile properties of 6082 aluminum alloy before and after the ECFE process up to the four passes.,6082,87,140,,33,FALSE,
10.1016/j.msea.2015.10.014,Pass 1,6000,The tensile properties of 6082 aluminum alloy before and after the ECFE process up to the four passes.,6082,148,163,,20.5,FALSE,
10.1016/j.msea.2015.10.014,Pass 2,6000,The tensile properties of 6082 aluminum alloy before and after the ECFE process up to the four passes.,6082,166,172,,18.3,FALSE,
10.1016/j.msea.2015.10.014,Pass 3,6000,The tensile properties of 6082 aluminum alloy before and after the ECFE process up to the four passes.,6082,170,177,,17,FALSE,
10.1016/j.msea.2015.10.014,Pass 4,6000,The tensile properties of 6082 aluminum alloy before and after the ECFE process up to the four passes.,6082,175.5,181,,18.2,FALSE,
10.1016/j.msea.2015.07.059,A,6000,Mechanical properties of the T4P treated sheets.,,113,237,T4,26.3,FALSE,
10.1016/j.msea.2015.07.059,A,6000,Mechanical properties of the T4P treated sheets.,,105,224,T4,25.3,FALSE,
10.1016/j.msea.2015.07.059,A,6000,Mechanical properties of the T4P treated sheets.,,105,223,T4,24.9,FALSE,
10.1016/j.msea.2015.07.059,B,6000,Mechanical properties of the T4P treated sheets.,,162,306,T4,25.4,FALSE,
10.1016/j.msea.2015.07.059,B,6000,Mechanical properties of the T4P treated sheets.,,154,293,T4,28.1,FALSE,
10.1016/j.msea.2015.07.059,B,6000,Mechanical properties of the T4P treated sheets.,,157,299,T4,25.8,FALSE,
10.1016/j.msea.2006.09.122,A6061,6000,"Mechanical properties of A6061, Al-MMCs, AZ91D and Mg-MMCs",6061,,103,,,FALSE,
10.1016/j.msea.2006.09.122,Al-10MMC,6000,"Mechanical properties of A6061, Al-MMCs, AZ91D and Mg-MMCs",6061,,132,,,FALSE,
10.1016/j.msea.2006.09.122,Al-18MMC,6000,"Mechanical properties of A6061, Al-MMCs, AZ91D and Mg-MMCs",6061,,157,,,FALSE,
10.1016/j.msea.2006.09.122,Al-25MMC,6000,"Mechanical properties of A6061, Al-MMCs, AZ91D and Mg-MMCs",6061,,182,,,FALSE,
10.1016/j.msea.2006.09.122,AZ91D,6000,"Mechanical properties of A6061, Al-MMCs, AZ91D and Mg-MMCs",6061,,127,,,FALSE,
10.1016/j.msea.2006.09.122,Mg-10MMC,6000,"Mechanical properties of A6061, Al-MMCs, AZ91D and Mg-MMCs",6061,,148,,,FALSE,
10.1016/j.msea.2006.09.122,Mg-18MMC,6000,"Mechanical properties of A6061, Al-MMCs, AZ91D and Mg-MMCs",6061,,157,,,FALSE,
10.1016/j.msea.2006.09.122,Mg-25MMC,6000,"Mechanical properties of A6061, Al-MMCs, AZ91D and Mg-MMCs",6061,,107,,,FALSE,
10.1016/j.msea.2013.10.046,30,6000,Some properties of the Al 6061-1vol%SiC-6wt% CNT composites as a function of the milling time.,6061,,117,,,FALSE,
10.1016/j.msea.2013.10.046,60,6000,Some properties of the Al 6061-1vol%SiC-6wt% CNT composites as a function of the milling time.,6061,,114,,,FALSE,
10.1016/j.msea.2013.10.046,120,6000,Some properties of the Al 6061-1vol%SiC-6wt% CNT composites as a function of the milling time.,6061,,230,,,FALSE,
10.1016/j.msea.2013.10.046,180,6000,Some properties of the Al 6061-1vol%SiC-6wt% CNT composites as a function of the milling time.,6061,,264,,,FALSE,
10.1016/j.msea.2013.10.046,360,6000,Some properties of the Al 6061-1vol%SiC-6wt% CNT composites as a function of the milling time.,6061,,286,,,FALSE,
10.1016/j.msea.2012.09.044,A6061P-T6,6000,Mechanical properties of base materials.,6061,289,318,T6,11.2,FALSE,
10.1016/j.msea.2014.10.012,ST,6000,The tensile properties of the 6061 alloy in different conditions.,6061,85,218,,48,FALSE,
10.1016/j.msea.2014.10.012,ST+PA,6000,The tensile properties of the 6061 alloy in different conditions.,6061,343,363,,21,FALSE,
10.1016/j.msea.2014.10.012,RA+CR+ST,6000,The tensile properties of the 6061 alloy in different conditions.,6061,151,251,,25,FALSE,
10.1016/j.msea.2014.10.012,RA+CR+ST+PA,6000,The tensile properties of the 6061 alloy in different conditions.,6061,369,384,,11,FALSE,
10.1016/j.msea.2014.10.012,ST+CR+ST,6000,The tensile properties of the 6061 alloy in different conditions.,6061,175,280,,32,FALSE,
10.1016/j.msea.2014.10.012,ST+CR+ST+PA,6000,The tensile properties of the 6061 alloy in different conditions.,6061,439,454,,13,FALSE,
10.1016/j.msea.2012.01.125,289.9,6000,Mechanical properties of 6061-T6 aluminum alloy.,6061,,328,T6,,FALSE,
10.1016/j.msea.2007.07.092,AACD,6000,Properties of [?] 3.0mm AA6201 finished wires produced by CDAA and AACD with 8h aging at a temperature of 423.15K,6201,,368,,4.2,FALSE,
10.1016/j.msea.2007.07.092,CDAA,6000,Properties of [?] 3.0mm AA6201 finished wires produced by CDAA and AACD with 8h aging at a temperature of 423.15K,6201,,359,,4.5,FALSE,
10.1016/j.msea.2015.11.019,Al6061-T6,6000,The nominal composition along with mechanical properties of Al and Mg alloys used in present study.,6061,275,350,T6,,FALSE,
10.1016/j.jmatprotec.2016.05.013,Base Metal:AA 6061-T6,6000,Mechanical properties of base material.,6061,255,311,T6,22.3,FALSE,
10.1016/j.jmatprotec.2015.06.023,A6061P-T6,6000,Mechanical properties of the used metallic sheets.,6061,276,310,T6,12,FALSE,
10.1016/j.jmatprotec.2014.08.016,AA 6111-T4,6000,Mechanical properties of SAE1004 steel and AA6111-T4.,6111,151.27,290.79,T4,23.45,FALSE,
10.1016/j.jmatprotec.2017.09.034,AA6061-T6,6000,Important thermal and mechanical properties of the workpiece material.,6061,276,312,T6,18,FALSE,
10.1016/j.jmatprotec.2017.11.031,6061-T4,6000,Nominal chemical compositions and Mechanical properties of base metals.,6061,,300,T4,9,FALSE,
10.1016/j.powtec.2015.04.001,Alumix 321-T6,6000,Comparison of T6 tensile properties of Alumix 321 and the commercial alloy 601 AB.,,248,252,T6,0.7,FALSE,
10.1016/j.msea.2018.04.064,Al-15 vol% SiCP,6000,Comparison of mechanical properties of the extruded in-situ composite in the present work with other extruded aluminum-matrix composites.,,,220,,10,FALSE,
10.1016/j.msea.2018.04.064,Al-1 vol% CNT,6000,Comparison of mechanical properties of the extruded in-situ composite in the present work with other extruded aluminum-matrix composites.,,,297.7,,9.1,FALSE,
10.1016/j.msea.2018.04.064,In-situ Al-Mg2Si,6000,Comparison of mechanical properties of the extruded in-situ composite in the present work with other extruded aluminum-matrix composites.,,,309,,10,FALSE,
10.1016/j.matchar.2007.09.006,Base metal (6061-T6),6000,Mechanical properties of base metal,6061,235,283,T6,26.4,FALSE,
10.1016/j.matchar.2017.09.028,Al6061,6000,Mechanical properties of the SPSed and extruded Al6061 aluminum alloys and Al6061-CNT composite samples sintered at different SPS temperature.,6061,260,325,,5.9,FALSE,
10.1016/j.matchar.2017.09.028,Al6061,6000,Mechanical properties of the SPSed and extruded Al6061 aluminum alloys and Al6061-CNT composite samples sintered at different SPS temperature.,6061,222,290,,9.3,FALSE,
10.1016/j.matchar.2017.09.028,Al6061-CNT,6000,Mechanical properties of the SPSed and extruded Al6061 aluminum alloys and Al6061-CNT composite samples sintered at different SPS temperature.,6061,310,375,,4.1,FALSE,
10.1016/j.matchar.2017.09.028,Al6061-CNT,6000,Mechanical properties of the SPSed and extruded Al6061 aluminum alloys and Al6061-CNT composite samples sintered at different SPS temperature.,6061,360,430,,4.9,FALSE,
10.1016/j.wear.2012.07.026,AA6063-T6,6000,Mechanical properties of the target material.,6063,150,185,T6,7,FALSE,
10.1016/j.wear.2010.12.078,Al6061 alloy,6000,Mechanical properties of Al6061 alloy and Al6061-SiC composites.,6061,78,123,,,FALSE,
10.1016/j.wear.2010.12.078,,6000,Mechanical properties of Al6061 alloy and Al6061-SiC composites.,6061,80,126,,,FALSE,
10.1016/j.wear.2010.12.078,,6000,Mechanical properties of Al6061 alloy and Al6061-SiC composites.,6061,82,161,,,FALSE,
10.1016/j.wear.2010.12.078,,6000,Mechanical properties of Al6061 alloy and Al6061-SiC composites.,6061,86,170,,,FALSE,
10.1016/j.wear.2010.12.078,Al6061-10wt%SiC (uncoated),6000,Mechanical properties of Al6061 alloy and Al6061-SiC composites.,6061,92,269,,,FALSE,
10.1016/j.wear.2010.12.078,,6000,Mechanical properties of Al6061 alloy and Al6061-SiC composites.,6061,125,272,,,FALSE,
10.1016/j.wear.2010.12.078,,6000,Mechanical properties of Al6061 alloy and Al6061-SiC composites.,6061,142,290,,,FALSE,
10.1016/j.wear.2010.12.078,,6000,Mechanical properties of Al6061 alloy and Al6061-SiC composites.,6061,165,333,,,FALSE,
10.1016/j.wear.2010.12.078,Al6061-10wt%SiC (Ni-P coated),6000,Mechanical properties of Al6061 alloy and Al6061-SiC composites.,6061,99,313,,,FALSE,
10.1016/j.wear.2010.12.078,,6000,Mechanical properties of Al6061 alloy and Al6061-SiC composites.,6061,148,314,,,FALSE,
10.1016/j.wear.2010.12.078,,6000,Mechanical properties of Al6061 alloy and Al6061-SiC composites.,6061,151,324,,,FALSE,
10.1016/j.wear.2010.12.078,,6000,Mechanical properties of Al6061 alloy and Al6061-SiC composites.,6061,184,347,,,FALSE,
10.1016/s0010-938x(00)00170-0,SiC/Al,6000,Extrusion temperature and mechanical properties of SiC/Al,,,468,,,FALSE,
10.1016/j.engfracmech.2012.06.012,145,6000,Principal mechanical properties of aluminum alloy 6063-T5.,6063,,187,T5,,FALSE,
10.1016/j.engfracmech.2013.01.011,289.9,6000,Mechanical properties of 6061-T6 aluminum alloy.,6061,,328,T6,,FALSE,
10.1016/j.engfracmech.2017.11.006,257,6000,Mechanical properties and chemical composition of aluminum 6061-T6.,6061,,300,T6,12,FALSE,
10.1016/j.jnucmat.2018.05.070,Al6061,6000,Mechanical properties data for the raw materials used for the fabricated Al6061-T6:304LSS joints.,6061,298,325,T6,15.5,FALSE,
10.1016/j.addma.2018.05.047,Specimen 1,6000,Comparison of mechanical properties of LPBF fabricated AA6061 and wrought annealed AA6061 for both annealed and T6 heat treated conditions [41].,6061,,66,T6,,FALSE,
10.1016/j.addma.2018.05.047,Specimen 2,6000,Comparison of mechanical properties of LPBF fabricated AA6061 and wrought annealed AA6061 for both annealed and T6 heat treated conditions [41].,6061,,75,T6,,FALSE,
10.1016/j.addma.2018.05.047,Specimen 1,6000,Comparison of mechanical properties of LPBF fabricated AA6061 and wrought annealed AA6061 for both annealed and T6 heat treated conditions [41].,6061,,282,T6,,FALSE,
10.1016/j.addma.2018.05.047,Specimen 2,6000,Comparison of mechanical properties of LPBF fabricated AA6061 and wrought annealed AA6061 for both annealed and T6 heat treated conditions [41].,6061,,290,T6,,FALSE,
10.1016/j.addma.2018.05.047,Wrought AA6061-O,6000,Comparison of mechanical properties of LPBF fabricated AA6061 and wrought annealed AA6061 for both annealed and T6 heat treated conditions [41].,6061,,55,T6,,FALSE,
10.1016/j.addma.2018.05.047,Wrought T6 treated AA-6061,6000,Comparison of mechanical properties of LPBF fabricated AA6061 and wrought annealed AA6061 for both annealed and T6 heat treated conditions [41].,6061,,276,T6,,FALSE,
10.1016/j.jallcom.2018.07.072,6061,6000,Mechanical properties of the three kinds of materials.,6061,70,144,,8.8,FALSE,
10.1016/j.jallcom.2018.07.072,6061Al/12 wt%B4C,6000,Mechanical properties of the three kinds of materials.,6061,148,241,,5.4,FALSE,
10.1016/j.jallcom.2018.07.072,6061Al/12 wt%B4C +Al2O3,6000,Mechanical properties of the three kinds of materials.,6061,242,306,,2.9,FALSE,
10.1016/j.matdes.2016.02.011,EURA1,7000,Mechanical properties of Al-Zn-Mg-Cu alloys,,,819,,7.1,FALSE,
10.1016/j.matdes.2016.02.011,Al-10.66Zn-2.48Mg-1.41Cu-0.17Zr-0.17Sc,7000,Mechanical properties of Al-Zn-Mg-Cu alloys,,,774,,13.7,FALSE,
10.1016/j.matdes.2016.02.011,Al-12Zn-3.34Mg-1.3Cu-0.34Mn-0.2Cr,7000,Mechanical properties of Al-Zn-Mg-Cu alloys,,,769.4,,4.3,FALSE,
10.1016/j.matdes.2016.02.011,Al-5.97Zn-1.96Mg-2.25Cu-0.07Zr-0.08Fe-0.02Si,7000,Mechanical properties of Al-Zn-Mg-Cu alloys,,,483,,17,FALSE,
10.1016/j.matdes.2016.02.011,Al-8.6Zn-2.6Mg-2.2Cu,7000,Mechanical properties of Al-Zn-Mg-Cu alloys,,,754,,8,FALSE,
10.1016/j.matdes.2016.02.011,Al-12.82Zn-3.2Mg-1.28Cu-0.17Mn-0.17Cr,7000,Mechanical properties of Al-Zn-Mg-Cu alloys,,,817,,1.2,FALSE,
10.1016/j.matdes.2016.02.011,Al-10.8Zn-2.8Mg-1.9Cu-0.16Zr,7000,Mechanical properties of Al-Zn-Mg-Cu alloys,,,818,,8.9,FALSE,
10.1016/j.matdes.2016.02.011,Al-11.5Zn-3.6Mg-1.8Cu-0.15Ni-0.3Zr-15SiC.,7000,Mechanical properties of Al-Zn-Mg-Cu alloys,,,475,,16.5,FALSE,
10.1016/j.matdes.2016.02.011,Al-8Zn-2.5Mg-1.6Cu-0.25Mn-0.20Cr-0.20Zr,7000,Mechanical properties of Al-Zn-Mg-Cu alloys,,,755,,9,FALSE,
10.1016/j.matdes.2016.02.011,Al-8.11Zn-2.01Mg-2.36Cu-0.12Zr (as-cast + hot extrusion + T6),7000,Mechanical properties of Al-Zn-Mg-Cu alloys,,,622,T6,9.1,FALSE,
10.1016/j.matdes.2016.02.011,Al-8.31Zn-2.07Mg-2.46Cu-0.12Zr (spray-deposited + hot extrusion + T6),7000,Mechanical properties of Al-Zn-Mg-Cu alloys,,,723,T6,11,FALSE,
10.1016/j.matdes.2016.02.011,Al-8.11Zn-2.01 Mg-2.36Cu-0.12Zr (as-cast + hot extrusion + solution),7000,Mechanical properties of Al-Zn-Mg-Cu alloys,,,577,W,16.6,FALSE,
10.1016/j.matdes.2016.02.011,Al-8.31Zn-2.07 Mg-2.46Cu-0.12Zr (spray-deposited + hot extrusion + solution treatment),7000,Mechanical properties of Al-Zn-Mg-Cu alloys,,,684,W,17.4,FALSE,
10.1007/s11661-010-0395-z,T6,7000,Tensile Test of 7075 (T6 and T73) Aluminum Alloys,7075,427,561,T6,,FALSE,
10.1007/s11661-010-0395-z,T73,7000,Tensile Test of 7075 (T6 and T73) Aluminum Alloys,7075,390,536,T73,,FALSE,
10.1016/j.msea.2014.02.036,Under aged (T4),7000,Mechanical properties of the 7150 aluminium alloy of various tempers tested in air at nominal strain rate (~2.2x10-3 s-1) and at slow strain rate (~3.3x10-6 s-1).,7150,385,447,T4,,FALSE,
10.1016/j.msea.2014.02.036,Peak aged (T6),7000,Mechanical properties of the 7150 aluminium alloy of various tempers tested in air at nominal strain rate (~2.2x10-3 s-1) and at slow strain rate (~3.3x10-6 s-1).,7150,530,574,T6,,FALSE,
10.1016/j.msea.2014.02.036,Highly over aged,7000,Mechanical properties of the 7150 aluminium alloy of various tempers tested in air at nominal strain rate (~2.2x10-3 s-1) and at slow strain rate (~3.3x10-6 s-1).,7150,446,477,T7,,FALSE,
10.1016/j.actamat.2006.11.009,70.33,7000,Chemical composition and static properties of 7075-T651 Al alloy,7075,515,557,T651,14.7,FALSE,
10.1007/s11661-015-3026-x,,7000,Mechanical Properties of the Al7050-T7451[],7050,460,520,T7451,,FALSE,
10.1016/j.msea.2014.10.058,Al-Zn-Mg-Cu,7000,"SSRT results of Al-Zn-Mg-Cu alloys with different Sc, Zr contents and tempered conditions at a strain rate of 1.33x10-6 s-1.",,446,474,T6,15.6,FALSE,
10.1016/j.msea.2014.10.058,Al-Zn-Mg-Cu,7000,"SSRT results of Al-Zn-Mg-Cu alloys with different Sc, Zr contents and tempered conditions at a strain rate of 1.33x10-6 s-1.",,418,435,T6,6.5,FALSE,
10.1016/j.msea.2014.10.058,Al-Zn-Mg-Cu-0.10Sc-0.10Zr,7000,"SSRT results of Al-Zn-Mg-Cu alloys with different Sc, Zr contents and tempered conditions at a strain rate of 1.33x10-6 s-1.",,489,509,T6,16.3,FALSE,
10.1016/j.msea.2014.10.058,Al-Zn-Mg-Cu-0.10Sc-0.10Zr,7000,"SSRT results of Al-Zn-Mg-Cu alloys with different Sc, Zr contents and tempered conditions at a strain rate of 1.33x10-6 s-1.",,459,483,T6,12.5,FALSE,
10.1016/j.msea.2014.10.058,Al-Zn-Mg-Cu-0.25Sc-0.10Zr,7000,"SSRT results of Al-Zn-Mg-Cu alloys with different Sc, Zr contents and tempered conditions at a strain rate of 1.33x10-6 s-1.",,536,567,T6,18.8,FALSE,
10.1016/j.msea.2014.10.058,Al-Zn-Mg-Cu-0.25Sc-0.10Zr,7000,"SSRT results of Al-Zn-Mg-Cu alloys with different Sc, Zr contents and tempered conditions at a strain rate of 1.33x10-6 s-1.",,505,542,T6,17.1,FALSE,
10.1016/j.msea.2014.10.058,Al-Zn-Mg-Cu-0.25Sc-0.10Zr,7000,"SSRT results of Al-Zn-Mg-Cu alloys with different Sc, Zr contents and tempered conditions at a strain rate of 1.33x10-6 s-1.",,488,522,T4,16.3,FALSE,
10.1016/j.msea.2014.10.058,Al-Zn-Mg-Cu-0.25Sc-0.10Zr,7000,"SSRT results of Al-Zn-Mg-Cu alloys with different Sc, Zr contents and tempered conditions at a strain rate of 1.33x10-6 s-1.",,453,493,T4,13.6,FALSE,
10.1016/j.msea.2014.10.058,Al-Zn-Mg-Cu-0.25Sc-0.10Zr,7000,"SSRT results of Al-Zn-Mg-Cu alloys with different Sc, Zr contents and tempered conditions at a strain rate of 1.33x10-6 s-1.",,479,510,T7,15.3,FALSE,
10.1016/j.msea.2014.10.058,Al-Zn-Mg-Cu-0.25Sc-0.10Zr,7000,"SSRT results of Al-Zn-Mg-Cu alloys with different Sc, Zr contents and tempered conditions at a strain rate of 1.33x10-6 s-1.",,474,501,T7,14.3,FALSE,
10.1016/j.msea.2014.10.058,Al-Zn-Mg-Cu-0.25Sc-0.10Zr,7000,"SSRT results of Al-Zn-Mg-Cu alloys with different Sc, Zr contents and tempered conditions at a strain rate of 1.33x10-6 s-1.",,468,490,T7,16.1,FALSE,
10.1016/j.msea.2014.10.058,Al-Zn-Mg-Cu-0.25Sc-0.10Zr,7000,"SSRT results of Al-Zn-Mg-Cu alloys with different Sc, Zr contents and tempered conditions at a strain rate of 1.33x10-6 s-1.",,467,485,T7,15.5,FALSE,
10.1016/j.scriptamat.2004.07.020,UA,7000,Quasi-static mechanical properties of 7017,7017,274,435,T4,13,FALSE,
10.1016/j.scriptamat.2004.07.020,PA,7000,Quasi-static mechanical properties of 7017,7017,402,469,T6,5,FALSE,
10.1016/j.ijmecsci.2015.10.004,Value,7000,Physical and mechanical properties of 7050-T7451 aluminum alloy.,7050,455,510,T7451,,FALSE,
10.1016/j.msea.2007.10.083,0%,7000,Average room temperature tensile test properties of 7475-T7351,7475,405.76,482.6,T7351,12.11,FALSE,
10.1016/j.msea.2007.10.083,3%,7000,Average room temperature tensile test properties of 7475-T7351,7475,412.17,496.38,T7351,9.82,FALSE,
10.1016/j.msea.2007.10.083,5%,7000,Average room temperature tensile test properties of 7475-T7351,7475,416,497.67,T7351,8.82,FALSE,
10.1016/j.jmatprotec.2006.11.047,AA7075,7000,Tensile properties at room temperature,7075,251,402,,11.6,FALSE,
10.1016/j.jmatprotec.2006.11.047,0.11 wt.% Sc,7000,Tensile properties at room temperature,7075,301,449,,11.7,FALSE,
10.1016/j.jmatprotec.2006.11.047,0.30 wt.% Sc,7000,Tensile properties at room temperature,7075,314,463,,12.2,FALSE,
10.1016/j.msea.2008.07.028,AlZnMgCu-0.16Zr,7000,Mechanical properties and electric conductivity of T6-tempered alloys,,683.6,709.7,T6,8.9,FALSE,
10.1016/j.msea.2008.07.028,AlZnMgCu-0.16Zr-0.2Cr-0.3Yb,7000,Mechanical properties and electric conductivity of T6-tempered alloys,,725.2,747.1,T6,9.3,FALSE,
10.1016/j.matchemphys.2009.05.048,T76,7000,Transverse mechanical properties of differently treated 7050 Al alloy at a strain rate of 2 x 10-6 s-1.,7050,,489,T76,9.1,FALSE,
10.1016/j.matchemphys.2009.05.048,T6,7000,Transverse mechanical properties of differently treated 7050 Al alloy at a strain rate of 2 x 10-6 s-1.,7050,,588,T6,8.6,FALSE,
10.1016/j.matchemphys.2009.05.048,CR4,7000,Transverse mechanical properties of differently treated 7050 Al alloy at a strain rate of 2 x 10-6 s-1.,7050,,624,CR4,6.6,FALSE,
10.1016/j.matchemphys.2009.05.048,CR2,7000,Transverse mechanical properties of differently treated 7050 Al alloy at a strain rate of 2 x 10-6 s-1.,7050,,636,CR2,4.4,FALSE,
10.1016/j.matchemphys.2009.05.048,T76,7000,Transverse mechanical properties of differently treated 7050 Al alloy at a strain rate of 2 x 10-6 s-1.,7050,,484,T76,8.6,FALSE,
10.1016/j.matchemphys.2009.05.048,T6,7000,Transverse mechanical properties of differently treated 7050 Al alloy at a strain rate of 2 x 10-6 s-1.,7050,,591,T6,5.8,FALSE,
10.1016/j.matchemphys.2009.05.048,CR4,7000,Transverse mechanical properties of differently treated 7050 Al alloy at a strain rate of 2 x 10-6 s-1.,7050,,614,CR4,4.6,FALSE,
10.1016/j.matchemphys.2009.05.048,CR2,7000,Transverse mechanical properties of differently treated 7050 Al alloy at a strain rate of 2 x 10-6 s-1.,7050,,624,CR2,3.4,FALSE,
10.1016/j.mseb.2012.04.008,1,7000,"Mechanical properties, KISCC and SCC duration for 7055 alloy.",7055,717,736,,8.7,FALSE,
10.1016/j.mseb.2012.04.008,2,7000,"Mechanical properties, KISCC and SCC duration for 7055 alloy.",7055,738,755,,10,FALSE,
10.1016/j.mseb.2012.04.008,3,7000,"Mechanical properties, KISCC and SCC duration for 7055 alloy.",7055,662,677,,9.2,FALSE,
10.1007/s10853-007-1604-z,Al7020 (BM),7000,Results of tensile tests (values are average of 3 specimens),7020,326,385,,13.6,FALSE,
10.1016/j.msea.2014.06.037,7017,7000,Room temperature mechanical properties of 7017 and 7055 alloys.,7017,408,455,,17,FALSE,
10.1016/j.msea.2014.06.037,7055,7000,Room temperature mechanical properties of 7017 and 7055 alloys.,7055,611,655,,12,FALSE,
10.1016/j.msea.2006.12.125,Base metal (AA7075),7000,Mechanical properties of base metal and filler metal,7075,417,610,,14.2,FALSE,
10.1016/j.msea.2004.02.052,AA7150-T77511,7000,Results of tensile testing performed on samples in all conditions,7150,582,624,T77511,11,FALSE,
10.1016/j.msea.2004.02.052,AA7150-T77511,7000,Results of tensile testing performed on samples in all conditions,7150,538,586,T77511,7,FALSE,
10.1016/j.msea.2004.02.052,AA7150 - T6,7000,Results of tensile testing performed on samples in all conditions,7150,594,660,T6,14,FALSE,
10.1016/j.msea.2004.02.052,AA7150-RRA20 + T6,7000,Results of tensile testing performed on samples in all conditions,7150,656,665,RRA20+T6,7,FALSE,
10.1016/j.msea.2004.02.052,AA7150-RRA40 + T6,7000,Results of tensile testing performed on samples in all conditions,7150,651,660,RRA40+T6,5,FALSE,
10.1016/j.msea.2004.02.052,AA7050-T76511,7000,Results of tensile testing performed on samples in all conditions,7050,475,540,T76511,10.8,FALSE,
10.1016/j.msea.2004.02.052,AA7050-T76511,7000,Results of tensile testing performed on samples in all conditions,7050,469,531,T76511,7,FALSE,
10.1016/j.msea.2004.02.052,AA7050 - T6,7000,Results of tensile testing performed on samples in all conditions,7050,512,610,T6,16.1,FALSE,
10.1016/j.msea.2004.02.052,AA7050-RRA20 + T6,7000,Results of tensile testing performed on samples in all conditions,7050,585,625,RRA20+T6,13.2,FALSE,
10.1016/j.msea.2004.02.052,AA7050-RRA40 + T6,7000,Results of tensile testing performed on samples in all conditions,7050,600,618,RRA40+T6,9.9,FALSE,
10.1007/s10853-006-0287-1,Laboratory air,7000,SSRT data of 7010 over aged Al-alloy obtained in different environments at 10-6/s strain rate,7010,,528,T7,12,FALSE,
10.1007/s10853-006-0287-1,Glycerin,7000,SSRT data of 7010 over aged Al-alloy obtained in different environments at 10-6/s strain rate,7010,,515,T7,14,FALSE,
10.1007/s10853-006-0287-1,3.5 wt.% NaCl,7000,SSRT data of 7010 over aged Al-alloy obtained in different environments at 10-6/s strain rate,7010,,530,T7,11.4,FALSE,
10.1007/s10853-006-0287-1,Cathodic charged,7000,SSRT data of 7010 over aged Al-alloy obtained in different environments at 10-6/s strain rate,7010,,506,T7,9,FALSE,
10.1016/j.msea.2010.12.058,T7451,7000,Mechanical properties of 7050-T7451.,7050,434,503,T7451,9,FALSE,
10.1016/j.msea.2010.12.058,T7451,7000,Mechanical properties of 7050-T7451.,7050,434,503,T7451,8,FALSE,
10.1016/j.msea.2010.12.058,T7451,7000,Mechanical properties of 7050-T7451.,7050,407,469,T7451,3,FALSE,
10.1016/j.msea.2010.12.058,T7451,7000,Mechanical properties of 7050-T7451.,7050,427,496,T7451,9,FALSE,
10.1016/j.msea.2010.12.058,T7451,7000,Mechanical properties of 7050-T7451.,7050,427,496,T7451,6,FALSE,
10.1016/j.msea.2010.12.058,T7451,7000,Mechanical properties of 7050-T7451.,7050,400,469,T7451,3,FALSE,
10.1016/j.jmatprotec.2016.05.022,AA7075-T6,7000,Mechanical properties and sheet thickness of AA7075-T6 Al alloy and AZ31B-O Mg alloy.,7075,503,572,T6,11,FALSE,
10.1016/j.actamat.2004.06.023,6,7000,Mechanical properties of the 7175 aluminium alloy,7175,463,529,,,FALSE,
10.1016/j.actamat.2004.06.023,16,7000,Mechanical properties of the 7175 aluminium alloy,7175,488,554,,,FALSE,
10.1016/j.actamat.2004.06.023,54,7000,Mechanical properties of the 7175 aluminium alloy,7175,477,528,,,FALSE,
10.1016/j.actamat.2004.06.023,98,7000,Mechanical properties of the 7175 aluminium alloy,7175,491,557,,,FALSE,
10.1016/j.actamat.2004.06.023,200,7000,Mechanical properties of the 7175 aluminium alloy,7175,456,507,,,FALSE,
10.1016/j.ijfatigue.2006.05.007,7075-T651,7000,Tensile properties for the as received AA 7075-T651,7075,534,601,T651,11,FALSE,
10.1016/j.actamat.2013.09.042,UFG7075-E,7000,Mechanical data for the consolidated Al 7075 materials.,7075,583,631,,1.9,FALSE,
10.1016/j.actamat.2013.09.042,UFG7075-E-sol,7000,Mechanical data for the consolidated Al 7075 materials.,7075,584,635,W,5.3,FALSE,
10.1016/j.actamat.2013.09.042,CG7075-E-Nag,7000,Mechanical data for the consolidated Al 7075 materials.,7075,402,564,T4,11.5,FALSE,
10.1016/j.actamat.2013.09.042,UFG7075-E-Nag,7000,Mechanical data for the consolidated Al 7075 materials.,7075,658,686,T4,2.5,FALSE,
10.1016/j.actamat.2013.09.042,CG7075-E-T6,7000,Mechanical data for the consolidated Al 7075 materials.,7075,613,659,T6,3.9,FALSE,
10.1016/j.actamat.2013.09.042,UFG7075-E-T6,7000,Mechanical data for the consolidated Al 7075 materials.,7075,734,774,T6,2.8,FALSE,
10.1016/j.actamat.2013.09.042,C7075-T6,7000,Mechanical data for the consolidated Al 7075 materials.,7075,541,593,T6,13.2,FALSE,
10.1007/s10853-010-4313-y,As-extruded Al-7075 + Sc,7000,Mechanical properties of 7000 alloys,7075,553.3,705.5,,10.4,FALSE,
10.1007/s10853-010-4313-y,Solution-treated Al-7075 + Sc,7000,Mechanical properties of 7000 alloys,7075,462.6,619.6,,7.7,FALSE,
10.1007/s10853-010-4313-y,Al-7010 [],7000,Mechanical properties of 7000 alloys,7010,500,566,,13,FALSE,
10.1007/s10853-010-4313-y,Al-7010 + Sc [],7000,Mechanical properties of 7000 alloys,7010,537,588,,14,FALSE,
10.1007/s10853-010-4313-y,Coarse-grained Al-7075 [],7000,Mechanical properties of 7000 alloys,7075,502,545,,12,FALSE,
10.1007/s10853-010-4313-y,Fine-grained Al-7075 [],7000,Mechanical properties of 7000 alloys,7075,461,514,,16,FALSE,
10.1007/s11661-014-2235-z,1.7,7000,Chemical Composition and Mechanical Properties of AA7075-T6 Base Material,7075,445,520,T6,12,FALSE,
10.1007/s10853-018-2201-z,Al 7449 base metal Alloy A,7000,Tensile results for both aluminum 7449 alloys,7449,607,630,,12,FALSE,
10.1007/s10853-018-2201-z,Al 7449 base metal Alloy B,7000,Tensile results for both aluminum 7449 alloys,7449,409,487,,15,FALSE,
10.1007/s10853-018-2201-z,T7951 [],7000,Tensile results for both aluminum 7449 alloys,7449,591,622,T7951,10.5,FALSE,
10.1007/s10853-018-2201-z,T7E [],7000,Tensile results for both aluminum 7449 alloys,7449,404,481,T7,15,FALSE,
10.1016/j.matdes.2017.07.013,184.9,7000,Mechanical properties of the AA 7075-T651 used in this study.,7075,529.3,576.1,T651,14.79,FALSE,
10.1016/j.msea.2016.02.045,Uncoated,7000,Mechanical properties measured for the PEO coated and uncoated AA7020-T6 alloy after SSRT in 3.5% NaCl solution.,7020,,408,T6,14.2,FALSE,
10.1016/j.msea.2016.02.045,Uncoated,7000,Mechanical properties measured for the PEO coated and uncoated AA7020-T6 alloy after SSRT in 3.5% NaCl solution.,7020,,402,T6,10.6,FALSE,
10.1016/j.msea.2016.02.045,PEO coated,7000,Mechanical properties measured for the PEO coated and uncoated AA7020-T6 alloy after SSRT in 3.5% NaCl solution.,7020,,408,T6,14.1,FALSE,
10.1016/j.msea.2016.02.045,PEO coated,7000,Mechanical properties measured for the PEO coated and uncoated AA7020-T6 alloy after SSRT in 3.5% NaCl solution.,7020,,400,T6,11,FALSE,
10.1016/j.msea.2011.11.031,Annealed condition,7000,Mechanical properties of Al 7075 before and after ECAP.,7075,147,245,O,15.33,FALSE,
10.1016/j.msea.2011.11.031,3-pass,7000,Mechanical properties of Al 7075 before and after ECAP.,7075,336,376,,5.75,FALSE,
10.1016/j.msea.2011.11.031,4-pass,7000,Mechanical properties of Al 7075 before and after ECAP.,7075,381,398,,2,FALSE,
10.1016/j.msea.2011.11.031,3-pass,7000,Mechanical properties of Al 7075 before and after ECAP.,7075,325,373,,7.13,FALSE,
10.1016/j.msea.2011.11.031,4-pass,7000,Mechanical properties of Al 7075 before and after ECAP.,7075,389,427,,7,FALSE,
10.1016/j.msea.2011.11.031,3-pass,7000,Mechanical properties of Al 7075 before and after ECAP.,7075,345,400,,7.94,FALSE,
10.1016/j.msea.2011.11.031,4-pass,7000,Mechanical properties of Al 7075 before and after ECAP.,7075,394,425,,7.88,FALSE,
10.1016/j.msea.2011.11.031,3-pass,7000,Mechanical properties of Al 7075 before and after ECAP.,7075,302,344,,10.75,FALSE,
10.1016/j.msea.2011.11.031,4-pass,7000,Mechanical properties of Al 7075 before and after ECAP.,7075,317,351,,10.56,FALSE,
10.1016/j.msea.2004.01.039,UA,7000,The tensile properties of 7034/SiC/15p composites,7034,662,709,T4,1.8,FALSE,
10.1016/j.msea.2004.01.039,UA,7000,The tensile properties of 7034/SiC/15p composites,7034,574,604,T4,2.5,FALSE,
10.1016/j.msea.2004.01.039,PA,7000,The tensile properties of 7034/SiC/15p composites,7034,612,683,T6,1.9,FALSE,
10.1016/j.msea.2004.01.039,PA,7000,The tensile properties of 7034/SiC/15p composites,7034,562,611,T6,1.9,FALSE,
10.1016/j.msea.2014.09.094,T6,7000,Chemical composition and mechanical properties of AA 7039 aluminum alloy in different temper conditions.,7039,328,414,T6,15.1,FALSE,
10.1016/j.msea.2016.09.022,Al-40Zn-3Cu,7000,Tensile properties of the Al-xZn-3Cu gravity-cast alloys tested with different Zn contents.,,354,434,,3.4,FALSE,
10.1016/j.msea.2016.09.022,Al-45Zn-3Cu,7000,Tensile properties of the Al-xZn-3Cu gravity-cast alloys tested with different Zn contents.,,402,455,,3.1,FALSE,
10.1016/j.msea.2009.08.032,T73 alloy,7000,Mechanical and physical properties of 7075 T73 and annealed aluminum alloy.,7075,434,503,T73,17,FALSE,
10.1016/j.msea.2009.08.032,Annealed alloy,7000,Mechanical and physical properties of 7075 T73 and annealed aluminum alloy.,7075,103,228,O,11,FALSE,
10.1016/j.msea.2012.07.016,Bal.,7000,Chemical composition and mechanical properties of AA 7039 aluminum alloy.,7039,328,414,,15.1,FALSE,
10.1016/j.msea.2013.09.005,T6,7000,Tensile strength and electrical conductivity of the alloy under various aging tempers.,7150,,660,T6,,FALSE,
10.1016/j.msea.2013.09.005,T79,7000,Tensile strength and electrical conductivity of the alloy under various aging tempers.,7150,,655,T79,,FALSE,
10.1016/j.msea.2013.09.005,T76,7000,Tensile strength and electrical conductivity of the alloy under various aging tempers.,7150,,643,T76,,FALSE,
10.1016/j.msea.2013.09.005,T74,7000,Tensile strength and electrical conductivity of the alloy under various aging tempers.,7150,,591,T74,,FALSE,
10.1016/j.msea.2013.09.005,T73,7000,Tensile strength and electrical conductivity of the alloy under various aging tempers.,7150,,562,T73,,FALSE,
10.1016/j.msea.2013.09.005,RRA,7000,Tensile strength and electrical conductivity of the alloy under various aging tempers.,7150,,659,T73,,FALSE,
10.1016/j.msea.2015.05.094,Mg/Al-Al,7000,"The yield strengths, ultimate strengths and elongations to fracture under tension along the ED.",7050,489,572,,6.6,FALSE,
10.1016/j.msea.2015.05.094,Mg/Al,7000,"The yield strengths, ultimate strengths and elongations to fracture under tension along the ED.",7050,300,330,,1.6,FALSE,
10.1016/j.msea.2014.05.021,AlZnMgCu-0.16Zr,7000,Mechanical properties and fracture toughness of T6-tempered alloys.,,683.6,704,T6,8.9,FALSE,
10.1016/j.msea.2014.05.021,AlZnMgCu-0.16Zr-0.3Er-0.18Cr,7000,Mechanical properties and fracture toughness of T6-tempered alloys.,,728.1,743.9,T6,9.2,FALSE,
10.1016/j.msea.2016.03.131,0.3,7000,Chemical compositions and mechanical properties of 7N01-T4 aluminum alloy.,,,445,T4,14.5,FALSE,
10.1016/j.msea.2013.11.094,Al7068-30h,7000,Vickers microhardness and compression tests results for consolidated samples.,7068,,453,,3.7,FALSE,
10.1016/j.msea.2013.11.094,Al7068-40h,7000,Vickers microhardness and compression tests results for consolidated samples.,7068,,667,,4.5,FALSE,
10.1016/j.msea.2013.11.094,Al7068-50h,7000,Vickers microhardness and compression tests results for consolidated samples.,7068,,623,,4.3,FALSE,
10.1016/j.msea.2008.04.023,T6,7000,"Transverse mechanical properties of differently-treated 7050 samples at a strain rate of 2x10-6
s-1",7050,,588,T6,8.6,FALSE,
10.1016/j.msea.2008.04.023,T76,7000,"Transverse mechanical properties of differently-treated 7050 samples at a strain rate of 2x10-6
s-1",7050,,489,T76,9.1,FALSE,
10.1016/j.msea.2008.04.023,HTA0.5,7000,"Transverse mechanical properties of differently-treated 7050 samples at a strain rate of 2x10-6
s-1",7050,,589,,8.6,FALSE,
10.1016/j.msea.2008.04.023,HTA1,7000,"Transverse mechanical properties of differently-treated 7050 samples at a strain rate of 2x10-6
s-1",7050,,575,,8.8,FALSE,
10.1016/j.msea.2008.04.023,HTA5,7000,"Transverse mechanical properties of differently-treated 7050 samples at a strain rate of 2x10-6
s-1",7050,,509,,9.6,FALSE,
10.1016/j.msea.2008.04.023,T6,7000,"Transverse mechanical properties of differently-treated 7050 samples at a strain rate of 2x10-6
s-1",7050,,591,T6,5.8,FALSE,
10.1016/j.msea.2008.04.023,T76,7000,"Transverse mechanical properties of differently-treated 7050 samples at a strain rate of 2x10-6
s-1",7050,,484,T76,8.6,FALSE,
10.1016/j.msea.2008.04.023,HTA0.5,7000,"Transverse mechanical properties of differently-treated 7050 samples at a strain rate of 2x10-6
s-1",7050,,590,,5.9,FALSE,
10.1016/j.msea.2008.04.023,HTA1,7000,"Transverse mechanical properties of differently-treated 7050 samples at a strain rate of 2x10-6
s-1",7050,,575,,6.8,FALSE,
10.1016/j.msea.2008.04.023,HTA5,7000,"Transverse mechanical properties of differently-treated 7050 samples at a strain rate of 2x10-6
s-1",7050,,497,,9.1,FALSE,
10.1016/s0921-5093(02)00158-2,Al-2Mg-5Zn,7000,"Tension test results for YS, UTS, EF, K, n",,192,320,,17,FALSE,
10.1016/s0921-5093(02)00158-2,Al-3Mg-5Zn,7000,"Tension test results for YS, UTS, EF, K, n",,226,363,,17,FALSE,
10.1016/s0921-5093(02)00158-2,Al-4Mg-5Zn,7000,"Tension test results for YS, UTS, EF, K, n",,249,401,,17,FALSE,
10.1016/s0921-5093(02)00158-2,Al-2Mg-5Zn,7000,"Tension test results for YS, UTS, EF, K, n",,340,381,,17,FALSE,
10.1016/s0921-5093(02)00158-2,Al-2Mg-5Zn,7000,"Tension test results for YS, UTS, EF, K, n",,342,382,,12,FALSE,
10.1016/s0921-5093(02)00158-2,Al-3Mg-5Zn,7000,"Tension test results for YS, UTS, EF, K, n",,370,416,,14,FALSE,
10.1016/s0921-5093(02)00158-2,Al-3Mg-5Zn,7000,"Tension test results for YS, UTS, EF, K, n",,400,438,,8,FALSE,
10.1016/s0921-5093(02)00158-2,Al-4Mg-5Zn,7000,"Tension test results for YS, UTS, EF, K, n",,397,449,,15,FALSE,
10.1016/s0921-5093(02)00158-2,Al-4Mg-5Zn,7000,"Tension test results for YS, UTS, EF, K, n",,412,462,,10,FALSE,
10.1016/j.msea.2007.05.116,Base-T7451,7000,Summary of actual and predicted properties for friction stirred samples,7050,489.5,551.6,T7451,17,FALSE,
10.1016/j.jmatprotec.2016.06.026,Rolling (0deg),7000,Mechanical properties for AA7075-O sheets of 1.6mm thickness.,7075,110,214,O,,FALSE,
10.1016/j.jmatprotec.2016.06.026,Diagonal (45deg),7000,Mechanical properties for AA7075-O sheets of 1.6mm thickness.,7075,108,212,O,,FALSE,
10.1016/j.jmatprotec.2016.06.026,Transverse (90deg),7000,Mechanical properties for AA7075-O sheets of 1.6mm thickness.,7075,112,218,O,,FALSE,
10.1016/j.jmatprotec.2016.06.026,Average:      x 0  + 2  x  45   +  x  90    4,7000,Mechanical properties for AA7075-O sheets of 1.6mm thickness.,7075,109.5,214,O,,FALSE,
10.1007/s11665-014-0936-5,Bal.,7000,Chemical compositions and mechanical properties of 7B04-T74 aluminum alloy,,,486,T74,11,FALSE,
10.1016/j.msea.2017.12.067,120degC/24h 7055,7000,Tensile properties of the 7055 and 7055-0.25Sc alloys with various aging parameters.,7055,577,654,,13,FALSE,
10.1016/j.msea.2017.12.067,120degC/24h 7055-0.25Sc,7000,Tensile properties of the 7055 and 7055-0.25Sc alloys with various aging parameters.,7055,600,679,,14,FALSE,
10.1016/j.msea.2017.12.067,150degC/8h 7055,7000,Tensile properties of the 7055 and 7055-0.25Sc alloys with various aging parameters.,7055,589,627,,8,FALSE,
10.1016/j.msea.2017.12.067,150degC/8h 7055-0.25Sc,7000,Tensile properties of the 7055 and 7055-0.25Sc alloys with various aging parameters.,7055,611,648,,12,FALSE,
10.1016/j.msea.2017.12.067,150degC/30h 7055,7000,Tensile properties of the 7055 and 7055-0.25Sc alloys with various aging parameters.,7055,557,585,,10,FALSE,
10.1016/j.msea.2017.12.067,150degC/30h 7055-0.25Sc,7000,Tensile properties of the 7055 and 7055-0.25Sc alloys with various aging parameters.,7055,602,628,,12,FALSE,
10.1016/j.msea.2018.01.040,T6,7000,"Hardness, electrical conductivity and mechanical properties of the alloy under various aging tempers.",,658,704,T6,13.5,FALSE,
10.1016/j.msea.2018.01.040,T79,7000,"Hardness, electrical conductivity and mechanical properties of the alloy under various aging tempers.",,671,683,T79,10.3,FALSE,
10.1016/j.msea.2018.01.040,T74,7000,"Hardness, electrical conductivity and mechanical properties of the alloy under various aging tempers.",,590,614,T74,13.7,FALSE,
10.1016/j.msea.2018.01.040,T73,7000,"Hardness, electrical conductivity and mechanical properties of the alloy under various aging tempers.",,546,581,T73,14.1,FALSE,
10.1016/j.jallcom.2015.10.108,Cast AA7075,7000,Properties of cast and friction stir processed AA7075/TiB2 AMC.,7075,,143,,8.2,FALSE,
10.1016/j.jallcom.2015.10.108,Cast AA7075/9wt.% TiB2,7000,Properties of cast and friction stir processed AA7075/TiB2 AMC.,7075,,287,,3.4,FALSE,
10.1016/j.jallcom.2015.10.108,FSPed AA7075/9wt.% TiB2,7000,Properties of cast and friction stir processed AA7075/TiB2 AMC.,7075,,340,,2.5,FALSE,
10.1016/j.jallcom.2012.03.108,Al-Zn-Mg,7000,Mechanical properties of Al-Zn-Mg alloys with different Sc and Zr additives under different processing conditions.,W,183,328,,25.2,FALSE,
10.1016/j.jallcom.2012.03.108,Al-Zn-Mg,7000,Mechanical properties of Al-Zn-Mg alloys with different Sc and Zr additives under different processing conditions.,T6,439,498,,16.5,FALSE,
10.1016/j.jallcom.2012.03.108,Al-Zn-Mg-0.1Sc-0.1Zr,7000,Mechanical properties of Al-Zn-Mg alloys with different Sc and Zr additives under different processing conditions.,W,252,378,,23.6,FALSE,
10.1016/j.jallcom.2012.03.108,Al-Zn-Mg-0.1Sc-0.1Zr,7000,Mechanical properties of Al-Zn-Mg alloys with different Sc and Zr additives under different processing conditions.,T6,505,529,,14.1,FALSE,
10.1016/j.jallcom.2012.03.108,Al-Zn-Mg-0.25Sc-0.1Zr,7000,Mechanical properties of Al-Zn-Mg alloys with different Sc and Zr additives under different processing conditions.,W,275,397,,23.3,FALSE,
10.1016/j.jallcom.2012.03.108,Al-Zn-Mg-0.25Sc-0.1Zr,7000,Mechanical properties of Al-Zn-Mg alloys with different Sc and Zr additives under different processing conditions.,T6,535,556,,12.1,FALSE,
10.1016/j.jallcom.2013.05.117,Heavily-extruded,7000,Ambient uniaxial-tensile mechanical properties of 7055 alloys with different extrusion deformation and aging status.,7055,325,375,,12,FALSE,
10.1016/j.jallcom.2013.05.117,As-aged,7000,Ambient uniaxial-tensile mechanical properties of 7055 alloys with different extrusion deformation and aging status.,7055,608,667,T6,10,FALSE,
10.1016/j.jallcom.2014.10.044,Al-Zn-Mg-Cu-Zr,7000,"Mechanical properties, plane strain fracture toughness (KIC
), critical stress intensity factor of stress corrosion cracking (KISCC
), and SCC duration for the T6-tempered Al-Zn-Mg-Cu-Zr and Al-Zn-Mg-Cu-Zr-Er-Cr alloys.",,680.3,706.1,T6,8.9,FALSE,
10.1016/j.jallcom.2014.10.044,Al-Zn-Mg-Cu-Zr-Er-Cr,7000,"Mechanical properties, plane strain fracture toughness (KIC
), critical stress intensity factor of stress corrosion cracking (KISCC
), and SCC duration for the T6-tempered Al-Zn-Mg-Cu-Zr and Al-Zn-Mg-Cu-Zr-Er-Cr alloys.",,720.5,736.5,T6,9.2,FALSE,
10.1016/j.jallcom.2008.01.137,0,7000,"Transverse mechanical properties of over-aged 7050 Al plate at a strain rate of 1x10-6
s-1",7050,,512,T7,6.6,FALSE,
10.1016/j.jallcom.2008.01.137,1,7000,"Transverse mechanical properties of over-aged 7050 Al plate at a strain rate of 1x10-6
s-1",7050,,507,T7,7.1,FALSE,
10.1016/j.jallcom.2008.01.137,2,7000,"Transverse mechanical properties of over-aged 7050 Al plate at a strain rate of 1x10-6
s-1",7050,,507,T7,8.3,FALSE,
10.1016/j.jallcom.2008.01.137,5,7000,"Transverse mechanical properties of over-aged 7050 Al plate at a strain rate of 1x10-6
s-1",7050,,480,T7,7.5,FALSE,
10.1016/j.jallcom.2008.01.137,0,7000,"Transverse mechanical properties of over-aged 7050 Al plate at a strain rate of 1x10-6
s-1",7050,,507,T7,6.2,FALSE,
10.1016/j.jallcom.2008.01.137,1,7000,"Transverse mechanical properties of over-aged 7050 Al plate at a strain rate of 1x10-6
s-1",7050,,499,T7,6.5,FALSE,
10.1016/j.jallcom.2008.01.137,2,7000,"Transverse mechanical properties of over-aged 7050 Al plate at a strain rate of 1x10-6
s-1",7050,,507,T7,6.5,FALSE,
10.1016/j.jallcom.2008.01.137,5,7000,"Transverse mechanical properties of over-aged 7050 Al plate at a strain rate of 1x10-6
s-1",7050,,480,T7,6,FALSE,
10.1016/j.jmatprotec.2018.05.010,AA7075-T6,7000,Mechanical properties of the as-received AA7075-T6. (ASTM E8/B557).,7075,525.5,591,T6,11.15,FALSE,
10.1016/j.jallcom.2018.05.085,Initial material (annealed),7000,Microhardness values and mechanical properties derived from stress-strain curves of the unpressed and ECAPed AA7075 aluminium alloy at different passes.,7075,118,231,O,15.5,FALSE,
10.1016/j.jallcom.2018.05.085,2 passes ECAPed (annealed),7000,Microhardness values and mechanical properties derived from stress-strain curves of the unpressed and ECAPed AA7075 aluminium alloy at different passes.,7075,315,378,O,6.25,FALSE,
10.1016/j.jallcom.2018.05.085,4 passes ECAPed (annealed),7000,Microhardness values and mechanical properties derived from stress-strain curves of the unpressed and ECAPed AA7075 aluminium alloy at different passes.,7075,360,452,O,9,FALSE,
10.1016/j.jallcom.2018.05.085,Initial material (T6),7000,Microhardness values and mechanical properties derived from stress-strain curves of the unpressed and ECAPed AA7075 aluminium alloy at different passes.,7075,498,542,T6,11.39,FALSE,
10.1016/j.jallcom.2018.05.085,1 pass ECAPed (SSS),7000,Microhardness values and mechanical properties derived from stress-strain curves of the unpressed and ECAPed AA7075 aluminium alloy at different passes.,7075,622,664,,8.67,FALSE,
10.1016/j.matchar.2005.04.007,7075 T6,7000,Mechanical properties in transverse direction of the FSP 7075 alloy compared with the parent material,7075,524,587,T6,11,FALSE,
10.1016/j.matchar.2005.04.007,7075 T6 FSP,7000,Mechanical properties in transverse direction of the FSP 7075 alloy compared with the parent material,7075,325,450,T6,7,FALSE,
10.1016/j.matchar.2006.03.003,7150-T6(L),7000,Tensile properties of the alloys,7150,602,643,T6,15.5,FALSE,
10.1016/j.matchar.2018.04.029,Base alloy,7000,Tensile properties of base alloy and FSW joints of 7055 aluminium alloy.,7055,584,630,,12.9,FALSE,
10.1016/j.matchar.2018.04.029,Air-cooled joint,7000,Tensile properties of base alloy and FSW joints of 7055 aluminium alloy.,7055,368,417,,3.4,FALSE,
10.1016/j.matchar.2018.04.029,Water-cooled joint,7000,Tensile properties of base alloy and FSW joints of 7055 aluminium alloy.,7055,440,457,,4,FALSE,
10.1016/s0043-1648(03)00373-9,7075 alloy,7000,Mechanical properties of specimens,7075,460,540,,,FALSE,
10.1016/j.corsci.2008.09.031,Laser peening (1 layer),7000,Summary of slow strain rate test results for 7075 AA tensile samples tested in 3.5% NaCl solution at room temperature.,7075,,347.5,,2.6,FALSE,
10.1016/j.corsci.2008.09.031,Laser peening (3 layers),7000,Summary of slow strain rate test results for 7075 AA tensile samples tested in 3.5% NaCl solution at room temperature.,7075,,360.7,,4.8,FALSE,
10.1016/j.corsci.2008.09.031,Laser peening (6 layers),7000,Summary of slow strain rate test results for 7075 AA tensile samples tested in 3.5% NaCl solution at room temperature.,7075,,368.2,,2.8,FALSE,
10.1016/j.corsci.2008.09.031,Shot peening,7000,Summary of slow strain rate test results for 7075 AA tensile samples tested in 3.5% NaCl solution at room temperature.,7075,,364.7,,2.9,FALSE,
10.1016/j.corsci.2008.09.031,No peening,7000,Summary of slow strain rate test results for 7075 AA tensile samples tested in 3.5% NaCl solution at room temperature.,7075,,368.4,,2.3,FALSE,
10.1016/j.corsci.2012.08.024,Al-Zn-Mg,7000,SSRT results of the studied alloys aged at 120degC for different aging durations.,,416,463,,14.5,FALSE,
10.1016/j.corsci.2012.08.024,Al-Zn-Mg,7000,SSRT results of the studied alloys aged at 120degC for different aging durations.,,411,455,,11.6,FALSE,
10.1016/j.corsci.2012.08.024,Al-Zn-Mg,7000,SSRT results of the studied alloys aged at 120degC for different aging durations.,,442,492,,14.4,FALSE,
10.1016/j.corsci.2012.08.024,Al-Zn-Mg,7000,SSRT results of the studied alloys aged at 120degC for different aging durations.,,437,487,,12.7,FALSE,
10.1016/j.corsci.2012.08.024,Al-Zn-Mg,7000,SSRT results of the studied alloys aged at 120degC for different aging durations.,,450,485,,15.4,FALSE,
10.1016/j.corsci.2012.08.024,Al-Zn-Mg,7000,SSRT results of the studied alloys aged at 120degC for different aging durations.,,445,482,,13.7,FALSE,
10.1016/j.corsci.2012.08.024,Al-Zn-Mg-Sc-Zr,7000,SSRT results of the studied alloys aged at 120degC for different aging durations.,,493,532,,19.4,FALSE,
10.1016/j.corsci.2012.08.024,Al-Zn-Mg-Sc-Zr,7000,SSRT results of the studied alloys aged at 120degC for different aging durations.,,491,531,,16,FALSE,
10.1016/j.corsci.2012.08.024,Al-Zn-Mg-Sc-Zr,7000,SSRT results of the studied alloys aged at 120degC for different aging durations.,,513,540,,19.4,FALSE,
10.1016/j.corsci.2012.08.024,Al-Zn-Mg-Sc-Zr,7000,SSRT results of the studied alloys aged at 120degC for different aging durations.,,509,540,,17.9,FALSE,
10.1016/j.corsci.2012.08.024,Al-Zn-Mg-Sc-Zr,7000,SSRT results of the studied alloys aged at 120degC for different aging durations.,,509,532,,19.6,FALSE,
10.1016/j.corsci.2012.08.024,Al-Zn-Mg-Sc-Zr,7000,SSRT results of the studied alloys aged at 120degC for different aging durations.,,507,532,,18.8,FALSE,
10.1016/j.engfracmech.2006.10.010,71,7000,Properties of aluminium alloy 7075 T6,7075,503,572,T6,,FALSE,
10.1016/j.engfracmech.2006.12.031,AA 7075-T651,7000,Static properties of aluminum alloys 7075-T651 and 7475-T651 (Alcoa),7075,515,762,T651,11.27,FALSE,
10.1016/j.engfracmech.2006.12.031,AA 7475-T651,7000,Static properties of aluminum alloys 7075-T651 and 7475-T651 (Alcoa),7475,496.6,758,T651,14.11,FALSE,
10.1016/j.msea.2018.06.080,Initial condition,7000,Mechanical properties of Al-Zn-Mg-Cu alloy before and after the ECAE process up to two passes.,,187,224,,12.1,FALSE,
10.1016/j.msea.2018.06.080,After the 1st pass,7000,Mechanical properties of Al-Zn-Mg-Cu alloy before and after the ECAE process up to two passes.,,318,359,,3.3,FALSE,
10.1016/j.msea.2018.06.080,After the 2nd pass,7000,Mechanical properties of Al-Zn-Mg-Cu alloy before and after the ECAE process up to two passes.,,384,407,,2.7,FALSE,
10.1016/j.jmatprotec.2018.06.022,419,7000,Mechanical properties of 7075-T73 aluminum alloy.,7075,419,498,T73,10.5,FALSE,
10.1016/j.engfailanal.2013.06.016,Value,7000,Mechanical properties of Aluminum alloy 7B04-T74 (L-S).,,536,598,T74,,FALSE,
10.1007/s11661-009-0069-x,7075-T6 (D),7000,Mechanical Properties of As-Received Aluminum Alloys,7075,475,545,T6,8,FALSE,
10.1016/j.matdes.2015.06.041,AA7005-T6,7000,Mechanical properties of Mg-Y-Zn-Al alloys.,7005,290,350,T6,13,FALSE,
10.1016/j.scriptamat.2008.11.032,7075-T6 Sheet,7000,Summary of tensile test results for the 7075-T6 sheet and 7075-FSP alloy.,7075,502,545,T6,12,FALSE,
10.1016/j.scriptamat.2008.11.032,7075-FSP,7000,Summary of tensile test results for the 7075-T6 sheet and 7075-FSP alloy.,7075,461,514,,16,FALSE,
10.1016/j.compstruct.2015.02.034,7075-O,7000,Tensile test on aluminum and GRP specimen.,7075,111,213,O,13.5,FALSE,
10.1016/j.actamat.2013.06.036,7050,7000,Comparisons of the mechanical properties exhibited by three commercial Al alloys subjected to the T6 and T6I4 heat-treatment schedules .,7050,546,621,T6,14,FALSE,
10.1016/j.actamat.2013.06.036,7050,7000,Comparisons of the mechanical properties exhibited by three commercial Al alloys subjected to the T6 and T6I4 heat-treatment schedules .,7050,527,626,T6I4,16,FALSE,
10.1016/j.jmatprotec.2008.04.020,7075 T65,7000,Material properties of the aluminium alloys 2024 T45 and 7075 T65,7075,505,570,T65,10,FALSE,
10.1016/j.ijfatigue.2010.01.010,Al 7050-T7451,7000,Summary of experimental data under constant amplitude loading.,7050,455,515,T7451,,FALSE,
10.1016/j.ijfatigue.2010.01.010,Al 7075-T6,7000,Summary of experimental data under constant amplitude loading.,7075,520,575,T6,,FALSE,
10.1007/s10853-010-4373-z,7075,7000,Properties of 7075 aluminium alloy plate and Mg-12Gd-3Y-0.5Zr magnesium alloy plate,7075,,502,,,FALSE,
10.1016/j.actamat.2012.08.020,Al7075-T73,7000,Nominal properties of Al5052 and Al7075 .,7075,435,505,T73,13,FALSE,
10.1016/j.matdes.2015.10.123,7075-T6,7000,Comparison of different potential pulley materials density and strength.,7075,,570,T6,,FALSE,
10.1016/j.jmatprotec.2006.03.192,AA7075-T6,7000,The materials mechanical characteristics,7075,,530,T6,,FALSE,
10.1016/j.matdes.2015.08.050,AA7075-T6,7000,Mechanical properties of the base material from tensile tests.,7075,498,560,T6,,FALSE,
10.1007/s11661-011-1044-x,427,7000,Tensile Property of 7050-T7451 Used in this Study,7050,427,496,T7451,9,FALSE,
10.1016/j.matdes.2015.05.074,AA7050-T7451,7000,Nominal composition and mechanical properties for AA6061-T6 and AA7050-T7451 plates.,7050,469,524,T7451,11,FALSE,
10.1016/j.actamat.2012.10.038,AA 7075,7000,Mechanical properties of selected UFG metals and alloys produced by SPD.,7075,105,230,O,17,FALSE,
10.1016/j.actamat.2012.10.038,AA 7075,7000,Mechanical properties of selected UFG metals and alloys produced by SPD.,7075,503,525,T6,9,FALSE,
10.1016/j.actamat.2012.10.038,AA 7075 ECAP 2Bc + NA 1 month,7000,Mechanical properties of selected UFG metals and alloys produced by SPD.,7075,650,720,,8.4,FALSE,
10.1016/j.actamat.2016.08.079,7050/AZ31-3,7000,"Yield strength, ultimate compressive strength of 7050/AZ31 rods under compression along the ED.",7050,311,417,,,FALSE,
10.1016/j.actamat.2016.08.079,7050/AZ31-4,7000,"Yield strength, ultimate compressive strength of 7050/AZ31 rods under compression along the ED.",7050,330,435,,,FALSE,
10.1016/j.actamat.2016.08.079,7050/AZ31-5,7000,"Yield strength, ultimate compressive strength of 7050/AZ31 rods under compression along the ED.",7050,353,463,,,FALSE,
10.1016/s1359-6462(98)00296-6,7075-T6 [10],7000,Tensile Properties of WE43 Alloy at Dynamic Strain Rate. Included are the Data for some Aluminum Alloys [9-11].,7075,,628,T6,11,FALSE,
10.1016/j.msea.2015.11.075,AA7050-T7451,7000,Nominal composition and mechanical properties for AA6061-T6 and AA7050-T7451 plates.,7050,469,524,T7451,11,FALSE,
10.1016/j.msea.2004.01.134,Al 7175-T74,7000,Mechanical properties of test materials,7175,499,554,T74,10.2,FALSE,
10.1016/j.msea.2009.05.039,Wrought 7075-T6,7000,A summary of the ambient tensile testing properties measured for Alumix 431D in the T1 and T6 conditions. Data on wrought 7075 included for comparison purposes [22].,7075,485,550,T6,14,FALSE,
10.1016/j.msea.2015.06.023,TiB2/7050 composite,7000,Tensile properties of the TiB2/7050 composite and the 7050 Al alloy at T6 state.,7050,701,746,T6,6,FALSE,
10.1016/j.msea.2015.06.023,7050 Al alloy,7000,Tensile properties of the TiB2/7050 composite and the 7050 Al alloy at T6 state.,7050,660,711,T6,12.2,FALSE,
10.1016/s0921-5093(02)00942-5,7475+0.2Sc*,7000,Tensile properties of the 2024 and 7475 alloy castings,7475,,290,,0.5,FALSE,
10.1016/s0921-5093(02)00942-5,7475+0.4Sc*,7000,Tensile properties of the 2024 and 7475 alloy castings,7475,,371,,4,FALSE,
10.1016/s0921-5093(02)00942-5,7475+0.6Sc*,7000,Tensile properties of the 2024 and 7475 alloy castings,7475,,382,,3,FALSE,
10.1016/s0921-5093(02)00942-5,7475+0.8Sc*,7000,Tensile properties of the 2024 and 7475 alloy castings,7475,,355,,1.5,FALSE,
10.1016/s0921-5093(99)00069-6,7075-T6,7000,Mechanical properties of AA2024-T3 and 7075-T6[24],7075,505,570,T6,14,FALSE,
10.1016/j.msea.2015.04.104,7050,7000,"Solution and peak-aging tempers for the 6 Al-Zn-Mg-Cu alloys, and the tensile properties and electrical conductivities for the 6 peak-aged aluminum alloys.",7050,540,620,T6,,FALSE,
10.1016/j.msea.2015.04.104,7150,7000,"Solution and peak-aging tempers for the 6 Al-Zn-Mg-Cu alloys, and the tensile properties and electrical conductivities for the 6 peak-aged aluminum alloys.",7150,582,660,T6,,FALSE,
10.1016/j.msea.2015.04.104,7055,7000,"Solution and peak-aging tempers for the 6 Al-Zn-Mg-Cu alloys, and the tensile properties and electrical conductivities for the 6 peak-aged aluminum alloys.",7055,595,673,T6,,FALSE,
10.1016/j.msea.2007.06.047,5.6,7000,Nominal chemical compositions and tensile properties of 7075Al-T651 rolled plate,7075,502,574,T651,12.6,FALSE,
10.1016/j.msea.2007.07.048,AA7039,7000,Mechanical properties of base metals,7039,400,460,,15,FALSE,
10.1016/j.msea.2007.07.048,AA7075,7000,Mechanical properties of base metals,7075,430,520,,10,FALSE,
10.1016/s0924-0136(99)00291-5,7010 chill cast-T6 [41],7000,Tensile properties of conventional and squeeze cast alloys,7010,478,524.5,T6,5.3,FALSE,
10.1016/s0924-0136(99)00291-5,7010 squeeze cast-T6 (50MPa) [41],7000,Tensile properties of conventional and squeeze cast alloys,7010,480,556.5,T6,12,FALSE,
10.1016/j.jmatprotec.2007.12.036,7075 T6,7000,"Tensile properties of the welded joints in all the studied conditions, compared with those of two parent alloys",7075,503,572,T6,11,FALSE,
10.1016/j.jmatprotec.2008.08.028,Al 7075-T6,7000,The mechanical properties of the aluminum 5754-O and 7075-T6 sheets,7075,469,578,T6,11,FALSE,
10.1016/j.jmatprotec.2014.01.003,A7075-a T6 Air,7000,"Room temperature ultimate tensile strength (UTS), yield strength (YS) and elongation (A) of the specimens extruded from powder green compacts heated in air and in nitrogen. The THD of the green compacts was approximately 75%; in the case of the A1050-c powder, the THD was 90%.",7075,409,462,T6,19,FALSE,
10.1016/j.jmatprotec.2014.01.003,A7075-a T6 Nitrogen,7000,"Room temperature ultimate tensile strength (UTS), yield strength (YS) and elongation (A) of the specimens extruded from powder green compacts heated in air and in nitrogen. The THD of the green compacts was approximately 75%; in the case of the A1050-c powder, the THD was 90%.",7075,608,608,T6,14,FALSE,
10.1016/s0924-0136(03)00424-2,AA7015-extruded,7000,Physical and mechanical properties of AA7015-5%CX extruded materials,7015,,502,,23,FALSE,
10.1016/s0924-0136(03)00424-2,AA7015-T6,7000,Physical and mechanical properties of AA7015-5%CX extruded materials,7015,,543,T6,19.6,FALSE,
10.1016/s0924-0136(03)00424-2,AA7015+5% Si 3 N 4,7000,Physical and mechanical properties of AA7015-5%CX extruded materials,7015,,458,,15.6,FALSE,
10.1016/s0924-0136(03)00424-2,AA7015+5% TiB 2,7000,Physical and mechanical properties of AA7015-5%CX extruded materials,7015,,440,,15,FALSE,
10.1016/s0924-0136(03)00424-2,AA7015+5% B 4 C,7000,Physical and mechanical properties of AA7015-5%CX extruded materials,7015,,432,,12,FALSE,
10.1016/j.jallcom.2015.07.088,A7075-T6,7000,Mechanical properties of some aluminum alloys [42].,7075,,572,T6,11,FALSE,
10.1016/j.jallcom.2016.11.389,AA7475-T761,7000,Mechanical and thermal properties of AA7475 and AA2219.,7475,430,468,T761,13,FALSE,
10.1016/j.corsci.2008.08.012,AA7010-T74,7000,Comparison of the tensile properties of OX24 and OX27 with AA5091 and AA7010-T74,7010,425,490,T74,7,FALSE,
10.1016/j.engfracmech.2014.12.016,Value,7000,Mechanical properties of 7075-T6 aluminum alloy [23].,7075,503,572,T6,,FALSE,
10.1016/j.engfailanal.2003.05.016,Typical Value,7000,Typical mechanical properties of AFNOR 7020 aluminium alloy in T6 temper condition,7020,285,372,T6,14,FALSE,
10.1016/j.engfailanal.2006.02.011,460,7000,Tensile strength and composition of the 7050-T7451 alloy used in the shot peening work,7050,460,520,T7451,,FALSE,
10.1016/j.engfailanal.2008.03.002,AL 7075-T6,7000,Mechanical properties of test specimen,7075,503,600,T6,,FALSE,
10.1016/j.scriptamat.2003.12.001,1,8000,Tensile properties of 50 mm thick plates (T8 temper) of 8090 alloys with and without Sc (LT orientation),8090,408,477,T8,,FALSE,
10.1016/j.scriptamat.2003.12.001,2,8000,Tensile properties of 50 mm thick plates (T8 temper) of 8090 alloys with and without Sc (LT orientation),8090,397,465,T8,,FALSE,
10.1016/j.scriptamat.2003.12.001,3,8000,Tensile properties of 50 mm thick plates (T8 temper) of 8090 alloys with and without Sc (LT orientation),8090,387,439,T8,,FALSE,
10.1016/j.scriptamat.2003.12.001,4,8000,Tensile properties of 50 mm thick plates (T8 temper) of 8090 alloys with and without Sc (LT orientation),8090,381,453,T8,,FALSE,
10.1016/j.scriptamat.2003.12.001,Average,8000,Tensile properties of 50 mm thick plates (T8 temper) of 8090 alloys with and without Sc (LT orientation),8090,397,460,T8,,FALSE,
10.1007/s11661-014-2720-4,6,8000,Properties of the Extruded Al-Cu-Mg/TiC Composites after T6 Heat Treatment,,326,442,T6,,FALSE,
10.1007/s11661-014-2720-4,10,8000,Properties of the Extruded Al-Cu-Mg/TiC Composites after T6 Heat Treatment,,372,457,T6,,FALSE,
10.1007/s11661-014-2720-4,12,8000,Properties of the Extruded Al-Cu-Mg/TiC Composites after T6 Heat Treatment,,404,461,T6,,FALSE,