Al,Cu,Mg,Zn,Tensile Strength (MPa),Yield Strength (MPa)
-1.271685559974948,0.8640776699029128,0.5463414634146341,30.667999999999996,1.3214562468983466,1.4068685096087137
-1.271685559974948,0.8640776699029128,0.5463414634146341,30.667999999999996,0.9398011502713448,1.1009518494618145
0.9047769766147968,-0.0970873786407767,-0.4878048780487805,-0.052,-0.016353795823786363,0.17406353351174933
0.8667236059252305,-0.0970873786407767,-0.4878048780487805,-0.052,-0.17773015803393508,0.021757941688968666
0.8191568925632715,-0.0970873786407767,-0.4878048780487805,-0.052,0.003818249452482225,0.13054765013381198
0.7715901792013146,-0.0970873786407767,-0.4878048780487805,-0.052,-0.21807424858647226,-0.17406353351174933
0.24835633221977635,-0.0970873786407767,1.4634146341463414,-0.052,-0.5408269730067696,-0.7397700174249346
0.1532229054958605,-0.0970873786407767,1.4634146341463414,-0.052,0.42743120025412257,0.391642950401436
0.14370956282346997,-0.0970873786407767,1.4634146341463414,-0.052,0.5484634719117342,0.6744961923580286
0.058089478771944654,-0.0970873786407767,1.4634146341463414,-0.052,0.8308721057794943,0.65273825066906
-0.4974897332957235,2.9951456310679614,-0.4829268292682927,2.588,-0.7627194710457241,-0.783285900802872
-0.588817822950681,3.2281553398058254,-0.4829268292682927,2.6679999999999997,-0.7627194710457241,-0.7615279591139033
-0.6021365026920299,3.1941747572815533,-0.4829268292682927,2.988,-0.6416871993881126,-0.6962541340469973
-0.605941839760986,3.2233009708737863,-0.4829268292682927,2.868,-0.7022033352169184,-0.7397700174249346
-0.4499230199337645,-0.0970873786407767,-0.2682926829268293,-0.052,-0.5690678363935457,
-0.4689497052785477,-0.0970873786407767,-0.2682926829268293,-0.052,-0.5448613820620234,
-0.48797639062333087,-0.0970873786407767,-0.2682926829268293,-0.052,-0.536792563951516,
-0.507003075968114,-0.0970873786407767,-0.2682926829268293,-0.052,-0.519444605013925,
-0.5260297613128971,-0.0970873786407767,-0.2682926829268293,-0.052,-0.5811710635593068,
-0.8875367828637775,-0.0970873786407767,0.926829268292678,-0.052,-0.5973086997803218,
-0.9196918810964604,-0.0970873786407767,0.9756097560975607,-0.052,-0.5408269730067696,
-0.9328202939843602,-0.0970873786407767,0.8780487804877999,-0.052,-0.5529302001725308,
-0.9417628360964098,-0.0970873786407767,0.926829268292678,-0.052,-0.4843452462332176,
-0.9748692685963317,-0.0970873786407767,0.8780487804877999,-0.052,-0.5488957911172772,
-1.005882765708331,-0.0970873786407767,1.0243902439024388,-0.052,-0.6053775178908292,
0.9808837179939295,-0.0970873786407767,-0.4878048780487805,-0.052,,-0.65273825066906
0.9618570326491462,-0.0970873786407767,-0.4878048780487805,-0.052,,-0.32636912533453
0.9333170046319704,-0.0970873786407767,-0.4878048780487805,-0.052,,-0.17406353351174933
0.9047769766147968,-0.0970873786407767,-0.4878048780487805,-0.052,,0.0
0.8857502912700136,-0.0970873786407767,-0.4878048780487805,-0.052,,-0.391642950401436
0.8001302072184883,-0.0970873786407767,-0.4878048780487805,-0.052,,-0.41340089209040465
0.7335368085117483,-0.0970873786407767,-0.4878048780487805,-0.052,,-0.4351588337793733
0.8191568925632715,-0.0970873786407767,-0.4878048780487805,-0.052,,0.06527382506690599
-1.2201232426905857,0.7281553398058253,0.853658536585366,26.667999999999996,-0.50855170056474,-0.3829397737258485
0.9656623697181025,-0.0970873786407767,-0.4878048780487805,-0.052,-0.5609990182830382,-0.439510422117167
0.9371223417009267,-0.0970873786407767,-0.4878048780487805,-0.052,-0.41979470134915814,-0.2654468886054177
0.9713703753215368,-0.0970873786407767,-0.4878048780487805,-0.052,,-0.5308937772108354
0.9333170046319704,-0.0970873786407767,-0.4878048780487805,-0.052,,-0.2785016536187989
0.21030296153021003,-0.0970873786407767,1.4634146341463414,-0.052,,-0.28720483029438637
0.9523436899767537,-0.0970873786407767,-0.4878048780487805,-0.052,,-0.22193100522748038
-0.4974897332957235,2.9951456310679614,-0.4829268292682927,2.588,-0.39962265607288955,-0.5657064839131852
-0.588817822950681,3.2281553398058254,-0.4829268292682927,2.6679999999999997,-0.3391065202440838,-0.587464425602154
-0.6021365026920299,3.1941747572815533,-0.4829268292682927,2.988,-0.37945061079662096,-0.5657064839131852
-0.605941839760986,3.2233009708737863,-0.4829268292682927,2.868,-0.41979470134915814,-0.5221906005352479
0.9808837179939295,-0.0970873786407767,-0.4878048780487805,-0.052,,-0.47867471715731064
0.9618570326491462,-0.0970873786407767,-0.4878048780487805,-0.052,,-0.21757941688968666
0.9333170046319704,-0.0970873786407767,-0.4878048780487805,-0.052,,0.021757941688968666
0.8857502912700136,-0.0970873786407767,-0.4878048780487805,-0.052,,-0.26109530026762395
0.8001302072184883,-0.0970873786407767,-0.4878048780487805,-0.052,,-0.2828532419565926
0.7335368085117483,-0.0970873786407767,-0.4878048780487805,-0.052,,-0.30461118364556133
0.001009422737595146,-0.0970873786407767,2.0975609756097557,-0.052,-0.2624527481942632,-0.49172948217069185
-0.056070633296754366,-0.0970873786407767,2.0975609756097557,-0.052,0.3104333376517648,0.4699715404817232
0.058089478771944654,-0.0970873786407767,1.4634146341463414,-0.052,0.8107000605032257,0.6962541340469973
0.9656623697181025,-0.0970873786407767,-0.4878048780487805,-0.052,-0.46820761001220274,-0.26979847694321146
0.9371223417009267,-0.0970873786407767,-0.4878048780487805,-0.052,-0.24228070291799456,-0.08703176675587466
0.8191568925632715,-0.0970873786407767,0.0,-0.052,-0.8595452883718134,-0.9442946693012401
0.7906168645460978,-0.0970873786407767,-0.4878048780487805,-0.052,-0.41576029229390443,-0.19146988686292424
0.762076836528922,-0.0970873786407767,0.0,-0.052,-0.08493874976309956,0.12184447345822452
0.7240234658393556,-0.0970873786407767,-0.4878048780487805,-0.052,-0.00425056865802521,0.21322782855189293
0.9656623697181025,-0.0970873786407767,-0.4878048780487805,-0.052,-0.6739624718301424,-0.49172948217069185
0.9371223417009267,-0.0970873786407767,-0.4878048780487805,-0.052,-0.5045172915094862,-0.2915564186321801
0.8667236059252305,-0.0970873786407767,-0.4878048780487805,-0.052,,0.021757941688968666
0.8191568925632715,-0.0970873786407767,-0.4878048780487805,-0.052,,0.08703176675587466
0.7715901792013146,-0.0970873786407767,-0.4878048780487805,-0.052,,-0.17406353351174933
0.7982275386840102,-0.0970873786407767,-0.3902439024390244,-0.052,-0.4964484733989788,-0.42645565710378586
0.9142903192871873,-0.0970873786407767,-0.4878048780487805,-0.052,,-0.4351588337793733
0.4288195338302265,-0.03637742718446602,0.02464648780487808,0.44825000000000004,-0.6376527903328589,-0.8764098912316578
0.3953525836963912,-0.07279733009708739,0.7326226341463413,0.14814999999999998,-0.5347753594238891,-0.6701446040202349
0.8001302072184883,-0.0970873786407767,-0.1951219512195122,-0.052,-0.9240958332558729,-0.8050438424918406
0.45764987101239124,-0.0970873786407767,0.8292682926829269,-0.052,-0.2584183391390094,-0.34812706702349866
0.2140654314770864,-0.07278514563106796,0.8309166829268292,0.4486256,-0.3391065202440838,-0.5308937772108354
0.0,-0.072791213592233,1.4653678048780485,0.4485004000000001,-0.2543839300837557,-0.4677957463128263
-0.1232303612927811,-0.07280339805825242,1.6840127317073121,0.44825000000000004,-0.3048140432744272,-0.4873778938328981
-0.24189365216882877,-0.07280946601941747,2.0006220975609756,0.44812520000000006,-0.07485272712496527,-0.3111385661522519
0.6431600531240277,-0.04854368932038835,-0.15853658536585366,0.348,-0.7022033352169184,
0.45764987101239124,-0.0970873786407767,0.8292682926829269,-0.052,-0.2987624296915466,-0.587464425602154
0.3149497309265185,-0.0970873786407767,0.853658536585366,-0.052,-0.30597897082031356,-0.5913563730701799
0.2959230455817353,-0.0970873786407767,1.2195121951219512,-0.052,-0.3391065202440838,-0.6309803089800913
0.2959230455817353,-0.0970873786407767,1.2195121951219512,-0.052,-0.3391065202440838,-0.6309803089800913
0.2959230455817353,-0.0970873786407767,1.2195121951219512,-0.052,-0.33379524089488743,-0.6213595172233016
0.2140654314770864,-0.07278514563106796,0.8309166829268292,0.4486256,-0.3976054515452627,-0.6810235748647192
0.14370956282346997,-0.0970873786407767,1.4634146341463414,-0.052,-0.22253016059659161,-0.5613532289170582
0.13419622015107735,-0.0970873786407767,1.4634146341463414,-0.052,-0.21807424858647226,-0.5657064839131852
0.0,-0.072791213592233,1.4653678048780485,0.4485004000000001,-0.3128828613849346,-0.6505624565001631
-0.008503919934795382,-0.0970873786407767,1.6829268292682924,-0.052,-0.11126508029829581,-0.44134065230457115
-0.1232303612927811,-0.07280339805825242,1.6840127317073121,0.44825000000000004,-0.16562693086817393,-0.6222771323045038
-0.16071740269306076,-0.0970873786407767,2.0731707317073167,-0.052,-0.055632540149147904,-0.4113375081514497
-0.24189365216882877,-0.07280946601941747,2.0006220975609756,0.44812520000000006,-0.10511079503936815,-0.5635306897442884
-2.986180176393358,0.3883495145631068,-0.4878048780487805,-0.052,-0.5285091314169051,-0.381334363998328
0.13419622015107735,-0.0970873786407767,1.4634146341463414,-0.052,-0.1373860674813979,-0.23933735857865532
0.010522765409987787,-0.0970873786407767,1.6585365853658534,-0.052,-0.036525841100054954,-0.13054765013381198
0.001009422737595146,-0.0970873786407767,1.9999999999999996,-0.052,0.10467847583382517,-0.021757941688968666
0.9865917235973638,-0.03883495145631068,-0.4878048780487805,-0.052,-0.8635796974270671,-0.6744961923580286
0.8572102632528378,-0.0970873786407767,-0.0975609756097561,-0.052,-0.7425474257694555,-0.5657064839131852
0.8001302072184883,-0.0970873786407767,-0.24390243902439024,-0.052,-0.7022033352169184,-0.5657064839131852
0.7582714994599657,-0.03883495145631068,-0.4878048780487805,-0.052,-0.7828915163219927,-0.587464425602154
0.4288195338302265,-0.03637742718446602,0.02464648780487808,0.44825000000000004,-0.5589818137554114,-0.4460378046238576
0.22398389033383817,-0.07279733009708739,1.0255252195121949,0.3483004,-0.36936458815848666,-0.4090493037526109
0.2140654314770864,-0.07278514563106796,0.8309166829268292,0.4486256,-0.23824629386274085,-0.23933735857865532
0.17679811023916883,-0.07280946601941747,1.2199391219512192,0.3481,-0.23824629386274085,-0.23933735857865532
-0.02354866251725102,-0.06065228155339805,1.7089646341463411,0.44837520000000003,-0.02845702298954752,-0.11314129678263705
0.11516953480629416,-0.0970873786407767,1.5121951219512144,-0.052,-0.1474720901195322,-0.5004326588462793
0.11516953480629416,-0.0970873786407767,1.5121951219512144,-0.052,-0.1474720901195322,-0.5004326588462793
0.020036108082378316,-0.0970873786407767,1.5121951219512144,-0.052,0.10467847583382517,-0.17406353351174933
0.020036108082378316,-0.0970873786407767,1.5121951219512144,-0.052,0.10467847583382517,-0.17406353351174933
-0.0941240039863207,-0.0970873786407767,1.5121951219512144,-0.052,0.41734517761598827,0.23933735857865532
-0.0941240039863207,-0.0970873786407767,1.5121951219512144,-0.052,0.41734517761598827,0.23933735857865532
0.9865917235973638,-0.03883495145631068,-0.4878048780487805,-0.052,-0.8030635615982613,-0.6309803089800913
0.9856225422992712,-0.08494233009708738,-0.4878048780487805,0.14814999999999998,-0.8030635615982613,-0.6309803089800913
0.9333170046319704,-0.0970873786407767,-0.4878048780487805,-0.052,-0.9179369124609407,-0.7413720938357884
0.8572102632528378,-0.08737864077669903,-0.4878048780487805,0.028000000000000008,-0.8066718321626448,-0.6213595172233016
0.8572102632528378,-0.0970873786407767,-0.0975609756097561,-0.052,-0.6618592446643812,-0.47867471715731064
0.8572102632528378,-0.0970873786407767,-0.0975609756097561,-0.052,-0.6675904817897749,-0.4713437964576931
0.8001302072184883,-0.0970873786407767,-0.24390243902439024,-0.052,-0.621515154111844,-0.47867471715731064
0.7811035218737051,-0.0970873786407767,-0.4878048780487805,-0.052,-0.695406751864349,-0.5013469406108148
0.7582714994599657,-0.03883495145631068,-0.4878048780487805,-0.052,-0.7022033352169184,-0.5004326588462793
0.6904875629978312,-0.04850723300970874,-0.09726804878048781,0.44837520000000003,-0.6618592446643812,-0.5004326588462793
0.5999405187762746,-0.072791213592233,-0.4145608780487805,0.3484004,-0.6820312899406498,-0.5221906005352479
0.590627260726968,-0.02423543689320389,-0.24378043902439514,0.7484004000000001,-0.5811710635593068,-0.4764989229884138
0.41900608324989064,-0.060643155339805827,0.5131961463414634,0.2483004,-0.37743340626899413,-0.30243538947666443
0.22398389033383817,-0.07279733009708739,1.0255252195121949,0.3483004,-0.278590384415278,-0.30896277198335503
0.2140654314770864,-0.07278514563106796,0.8309166829268292,0.4486256,-0.13536886295377104,-0.10878970844484333
0.17679811023916883,-0.07280946601941747,1.2199391219512192,0.3481,-0.13536886295377104,-0.10878970844484333
-0.24633748674458394,-0.0970873786407767,2.439024390243902,-0.052,0.3063989285965111,0.21757941688968666
0.9865917235973638,-0.03883495145631068,-0.4878048780487805,-0.052,-0.722375380493187,-0.5221906005352479
0.8572102632528378,-0.0970873786407767,-0.0975609756097561,-0.052,-0.5811710635593068,-0.391642950401436
0.8001302072184883,-0.0970873786407767,-0.24390243902439024,-0.052,-0.520654927730501,-0.391642950401436
0.7582714994599657,-0.03883495145631068,-0.4878048780487805,-0.052,-0.6013431088355754,-0.391642950401436
0.6904875629978312,-0.04850723300970874,-0.09726804878048781,0.44837520000000003,-0.5811710635593068,-0.41340089209040465
0.22398389033383817,-0.07279733009708739,1.0255252195121949,0.3483004,-0.18781618067206937,-0.20887624021409917
-0.02354866251725102,-0.06065228155339805,1.7089646341463411,0.44837520000000003,0.06029997622603427,-0.03698850087124673
1.007521077476625,-0.0970873786407767,-0.4878048780487805,-0.052,-0.8344881022372188,-0.6513626613764232
1.003982114002495,-0.0941747572815534,-0.48487804878048785,-0.04959999999999999,-0.8434076521507985,
0.9865917235973638,-0.03883495145631068,-0.4878048780487805,-0.052,-0.6416871993881126,-0.47867471715731064
0.9713703753215368,-0.07281553398058252,-0.4878048780487805,-0.052,-0.8066718321626448,-0.6213595172233016
0.9656536174428443,-0.08980436893203883,-0.4878048780487805,-0.052,-0.750616243879963,-0.911657756767787
0.9333170046319704,-0.0970873786407767,-0.4878048780487805,-0.052,-0.7788555620880708,-0.5913563730701799
0.9142903192871873,-0.07281553398058252,-0.47317073170731705,0.06799999999999999,-0.723223021938923,-0.6213595172233016
0.861015600321794,-0.07281553398058252,-0.46341463414634143,0.148,-0.722375380493187,
0.8572102632528378,-0.08737864077669903,-0.4878048780487805,0.028000000000000008,-0.6397742117152011,-0.4713437964576931
0.8572102632528378,-0.0970873786407767,-0.0975609756097561,-0.052,-0.5006928613423313,-0.2913249315389628
0.8572102632528378,-0.0970873786407767,-0.0975609756097561,-0.052,-0.5004828824542324,-0.2828532419565926
0.8001302072184883,-0.0970873786407767,-0.24390243902439024,-0.052,-0.43996674662542673,-0.2828532419565926
0.7811035218737051,-0.0970873786407767,-0.4878048780487805,-0.052,-0.5006928613423313,-0.3213280756920846
0.7668335078651172,-0.03640776699029126,-0.4878048780487805,0.348,-0.6416871993881126,
0.7582714994599657,-0.03883495145631068,-0.4878048780487805,-0.052,-0.5004828824542324,-0.32636912533453
0.714510123166965,-0.0970873786407767,-0.3170731707317073,-0.052,-0.33379524089488743,-0.1413092107733543
0.69738610635666,-0.024271844660194174,-0.4878048780487805,-0.052,-0.5004828824542324,
0.6859700951497892,-0.0970873786407767,-0.4878048780487805,-0.052,-0.5006928613423313,-0.3213280756920846
0.6859700951497892,-0.0970873786407767,-0.4878048780487805,-0.052,-0.2987624296915466,-0.13054765013381198
0.5999405187762746,-0.072791213592233,-0.4145608780487805,0.3484004,-0.5004828824542324,-0.34812706702349866
0.590627260726968,-0.02423543689320389,-0.24378043902439514,0.7484004000000001,-0.39962265607288955,-0.2828532419565926
0.5242432697191334,0.0,-0.0975609756097561,0.9480000000000001,-0.5004828824542324,
0.5147299270467407,-0.0970873786407767,0.1463414634146341,-0.052,-0.16689762044744372,0.00870650999225421
0.48143322769336966,-0.03640776699029126,-0.4878048780487805,0.348,-0.5004828824542324,
0.41900608324989064,-0.060643155339805827,0.5131961463414634,0.2483004,-0.17773015803393508,-0.08703176675587466
0.372029786960868,0.04854368932038835,-0.24390243902439024,1.548,-0.43996674662542673,
0.324463073598909,0.04854368932038835,-0.2926829268292683,0.9480000000000001,-0.3391065202440838,
0.22398389033383817,-0.07279733009708739,1.0255252195121949,0.3483004,-0.08695595429072643,-0.09573494343146212
0.012425433944465892,-0.0970873786407767,1.951219512195122,-0.052,0.44760324553039116,0.6309803089800913
-0.018017262607188025,-0.0970873786407767,2.0487804878048776,-0.052,0.44506032119318323,0.63877253720781
-0.02354866251725102,-0.06065228155339805,1.7089646341463411,0.44837520000000003,0.11476449847195946,0.0195821475200718
-0.750544648381339,0.3883495145631068,-0.4878048780487805,-0.052,-0.4172440511186093,-0.23131864323271936
0.9856225422992712,-0.08494233009708738,-0.4878048780487805,0.14814999999999998,-0.5388097684791429,-0.34812706702349866
0.9304353560564477,-0.08494718446601943,-0.4878048780487805,-0.052,-0.6013431088355754,-0.41340089209040465
0.9142903192871873,-0.07281553398058252,-0.47317073170731705,0.06799999999999999,-0.6397742117152011,-0.5013469406108148
0.8572102632528378,-0.08737864077669903,-0.4878048780487805,0.028000000000000008,-0.4728765912677573,-0.4113375081514497
0.7811035218737051,-0.0970873786407767,-0.4878048780487805,-0.052,-0.30597897082031356,-0.17131235492647587
0.48618989902956705,-0.0970873786407767,0.7317073170731707,-0.052,0.027816270074573837,0.2787348073703496
0.4288195338302265,-0.03637742718446602,0.02464648780487808,0.44825000000000004,-0.016353795823786363,-0.017406353351174932
0.3953525836963912,-0.07279733009708739,0.7326226341463413,0.14814999999999998,-0.054680681848696684,-0.06092223672911226
0.22398389033383817,-0.07279733009708739,1.0255252195121949,0.3483004,0.06433438528128799,0.07180120757359659
0.1532229054958605,-0.0970873786407767,1.7073170731707314,-0.052,0.2781627007457395,0.48875681644220137
0.12468287747868681,-0.0970873786407767,1.4634146341463414,-0.052,0.38708710970158544,0.587464425602154
-0.02354866251725102,-0.06065228155339805,1.7089646341463411,0.44837520000000003,0.39112151875683915,0.5787612489265664
-0.018017262607188025,-0.0970873786407767,2.0487804878048776,-0.052,0.5006928613423312,0.7587851138202968
0.9922997292007981,-0.0970873786407767,-0.4878048780487805,-0.052,-0.6618592446643812,-0.7180120757359659
-0.16071740269306076,-0.0970873786407767,2.0731707317073167,-0.052,0.19471389052201754,0.09871594245161942
-0.3557409274770877,-0.04854368932038835,1.9999999999999996,0.9480000000000001,0.18536665693889953,
0.958051695580188,-0.0970873786407767,-0.4292682926829268,-0.052,-0.6675904817897749,-0.5013469406108148
0.9333170046319704,-0.0970873786407767,-0.2926829268292683,-0.052,-0.7788555620880708,-0.6513626613764232
0.8667236059252305,-0.0970873786407767,-0.12195121951219515,-0.052,-0.751039292013497,-0.6513626613764232
0.8572102632528378,-0.0970873786407767,-0.0975609756097561,-0.052,-0.6675904817897749,-0.5313500847639365
0.8572102632528378,-0.0970873786407767,-0.0975609756097561,-0.052,-0.6618592446643812,-0.5221906005352479
0.8381835779080546,-0.04854368932038835,-0.1951219512195122,-0.052,-0.6675904817897749,-0.5313500847639365
0.8001302072184883,-0.0970873786407767,-0.24390243902439024,-0.052,-0.5811710635593068,-0.4351588337793733
0.762076836528922,-0.0970873786407767,0.0,-0.052,-0.5563254014914792,-0.44134065230457115
0.762076836528922,-0.0970873786407767,0.0,-0.052,-0.5811710635593068,-0.4351588337793733
0.7430501511841388,-0.0970873786407767,-0.24390243902439024,-0.052,-0.584141671566053,-0.4113375081514497
0.7430501511841388,-0.04854368932038835,0.0,-0.052,-0.584141671566053,-0.44134065230457115
0.5337566123915239,-0.0970873786407767,0.7317073170731707,-0.052,-0.35927856552035237,-0.391642950401436
0.49570324170195756,-0.04854368932038835,0.7317073170731707,-0.052,-0.3616115109694615,-0.381334363998328
0.324463073598909,-0.07281553398058252,1.2195121951219512,-0.052,-0.19471389052201776,-0.26132178738584105
0.001009422737595146,-0.0970873786407767,1.9999999999999996,-0.052,-0.056697886376323545,-0.41340089209040465
-2.986180176393358,0.3883495145631068,-0.4878048780487805,-0.052,-0.6397742117152011,-0.5013469406108148
0.8381835779080546,-0.04854368932038835,-0.1951219512195122,-0.052,-0.5563254014914792,-0.44134065230457115
0.762076836528922,-0.0970873786407767,0.0,-0.052,-0.5006928613423313,-0.4113375081514497
0.7430501511841388,-0.04854368932038835,0.0,-0.052,-0.5006928613423313,-0.4113375081514497
0.5147299270467407,-0.0970873786407767,0.1463414634146341,-0.052,-0.16689762044744372,-0.021296634160867488
0.9333170046319704,-0.0970873786407767,-0.2926829268292683,-0.052,-0.6675904817897749,-0.5613532289170582
0.8572102632528378,-0.0970873786407767,-0.0975609756097561,-0.052,-0.520654927730501,-0.41340089209040465
0.8572102632528378,-0.0970873786407767,-0.0975609756097561,-0.052,-0.5285091314169051,-0.4113375081514497
0.762076836528922,-0.0970873786407767,0.0,-0.052,-0.4803108371779639,-0.32636912533453
0.7430501511841388,-0.04854368932038835,0.0,-0.052,-0.4728765912677573,-0.3213280756920846
0.5337566123915239,-0.0970873786407767,0.7317073170731707,-0.052,-0.15755811275766649,-0.08703176675587466
0.49570324170195756,-0.04854368932038835,0.7317073170731707,-0.052,-0.16689762044744372,-0.08130292246711077
0.324463073598909,-0.07281553398058252,1.2195121951219512,-0.052,-0.02781627007457361,0.00870650999225421
0.3149497309265185,-0.0970873786407767,0.853658536585366,-0.052,-0.2503464306711657,-0.35133121984520604
-0.16071740269306076,-0.0970873786407767,2.0731707317073167,-0.052,0.0,-0.1413092107733543
0.8572102632528378,-0.0970873786407767,-0.0975609756097561,-0.052,-0.7425474257694555,-0.6309803089800913
0.7430501511841388,-0.0970873786407767,0.1951219512195073,-0.052,-0.621515154111844,-0.5004326588462793
0.5908366684258735,-0.0970873786407767,0.0,-0.052,-0.43996674662542673,-0.391642950401436
0.48618989902956705,-0.0970873786407767,0.7317073170731707,-0.052,-0.37945061079662096,-0.2828532419565926
0.48618989902956705,-0.0970873786407767,0.7317073170731707,-0.052,-0.37945061079662096,-0.2828532419565926
0.45764987101239124,-0.0970873786407767,0.8292682926829269,-0.052,-0.19790220331020367,-0.23933735857865532
0.3953525836963912,-0.07279733009708739,0.7326226341463413,0.14814999999999998,-0.3976054515452627,-0.42645565710378586
0.2959230455817353,-0.0970873786407767,1.2195121951219512,-0.052,-0.21807424858647226,-0.23933735857865532
0.2959230455817353,-0.0970873786407767,1.2195121951219512,-0.052,-0.21807424858647226,-0.23933735857865532
0.2140654314770864,-0.07278514563106796,0.8309166829268292,0.4486256,-0.2543839300837557,-0.3677092145435704
0.14370956282346997,-0.0970873786407767,1.4634146341463414,-0.052,-0.13908135037286987,-0.23131864323271936
0.13419622015107735,-0.0970873786407767,1.4634146341463414,-0.052,-0.04580498192713855,-0.19408083986560046
0.13419622015107735,-0.0970873786407767,1.4634146341463414,-0.052,-0.04580498192713855,-0.19408083986560046
0.13419622015107735,-0.0970873786407767,1.4634146341463414,-0.052,-0.1373860674813979,-0.23933735857865532
0.0,-0.072791213592233,1.4653678048780485,0.4485004000000001,-0.13536886295377104,-0.2915564186321801
0.010522765409987787,-0.0970873786407767,1.6585365853658534,-0.052,-0.036525841100054954,-0.13054765013381198
0.001009422737595146,-0.0970873786407767,1.9999999999999996,-0.052,0.10467847583382517,-0.021757941688968666
-0.008503919934795382,-0.0970873786407767,1.6829268292682924,-0.052,-0.02781627007457361,-0.1413092107733543
-0.1232303612927811,-0.07280339805825242,1.6840127317073121,0.44825000000000004,-0.09704197692886073,-0.23063418190306784
-0.16071740269306076,-0.0970873786407767,2.0731707317073167,-0.052,0.11126508029829581,-0.021296634160867488
-0.24189365216882877,-0.07280946601941747,2.0006220975609756,0.44812520000000006,-0.09704197692886073,-0.21540362272078978
-0.008503919934795382,-0.0970873786407767,1.6829268292682924,-0.052,0.0,-0.051299778313989186
-0.1232303612927811,-0.07280339805825242,1.6840127317073121,0.44825000000000004,0.0098698630353628,-0.0587464425602154
-0.16071740269306076,-0.0970873786407767,2.0731707317073167,-0.052,0.11126508029829581,0.00870650999225421
0.8572102632528378,-0.0970873786407767,-0.0975609756097561,-0.052,-0.6675904817897749,-0.5313500847639365
0.8572102632528378,-0.0970873786407767,-0.0975609756097561,-0.052,-0.6618592446643812,-0.5221906005352479
0.7430501511841388,-0.0970873786407767,0.1951219512195073,-0.052,-0.5408269730067696,-0.41340089209040465
0.7430501511841388,-0.0970873786407767,0.1951219512195073,-0.052,-0.5285091314169051,-0.4113375081514497
0.5908366684258735,-0.0970873786407767,0.0,-0.052,-0.33379524089488743,-0.26132178738584105
0.5908366684258735,-0.0970873786407767,0.0,-0.052,-0.3391065202440838,-0.26109530026762395
0.48618989902956705,-0.0970873786407767,0.7317073170731707,-0.052,-0.2503464306711657,-0.20131549907959767
0.48618989902956705,-0.0970873786407767,0.7317073170731707,-0.052,-0.2584183391390094,-0.195821475200718
0.48618989902956705,-0.0970873786407767,0.7317073170731707,-0.052,-0.2584183391390094,-0.195821475200718
0.45764987101239124,-0.0970873786407767,0.8292682926829269,-0.052,-0.07686993165259214,-0.08703176675587466
0.4288195338302265,-0.03637742718446602,0.02464648780487808,0.44825000000000004,-0.435932337570173,-0.32201753699673624
0.3953525836963912,-0.07279733009708739,0.7326226341463413,0.14814999999999998,-0.3128828613849346,-0.3437754786857049
0.3149497309265185,-0.0970873786407767,0.853658536585366,-0.052,-0.08344881022372197,-0.08130292246711077
0.2959230455817353,-0.0970873786407767,1.2195121951219512,-0.052,-0.13908135037286987,-0.1413092107733543
0.2959230455817353,-0.0970873786407767,1.2195121951219512,-0.052,-0.1373860674813979,-0.13054765013381198
0.2959230455817353,-0.0970873786407767,1.2195121951219512,-0.052,-0.1373860674813979,-0.13054765013381198
0.2140654314770864,-0.07278514563106796,0.8309166829268292,0.4486256,-0.16562693086817393,-0.24804053525424277
0.14370956282346997,-0.0970873786407767,1.4634146341463414,-0.052,0.0,-0.021296634160867488
0.13419622015107735,-0.0970873786407767,1.4634146341463414,-0.052,0.003818249452482225,-0.021757941688968666
0.10089952079770838,-0.04854368932038835,0.8292682926829269,0.9480000000000001,-0.07686993165259214,
0.0,-0.072791213592233,1.4653678048780485,0.4485004000000001,-0.02038820487904008,-0.08703176675587466
-0.02354866251725102,-0.06065228155339805,1.7089646341463411,0.44837520000000003,0.05626556717078056,0.10008653176925586
-0.13217737467588705,-0.04854368932038835,1.4634146341463414,0.9480000000000001,0.003818249452482225,
-0.008503919934795382,-0.0970873786407767,1.6829268292682924,-0.052,0.1390813503728701,0.09871594245161942
-0.1232303612927811,-0.07280339805825242,1.6840127317073121,0.44825000000000004,0.1571257935521235,0.10008653176925586
-0.16071740269306076,-0.0970873786407767,2.0731707317073167,-0.052,0.2503464306711657,0.15872223075786282
-0.24633748674458394,-0.04854368932038835,1.6829268292682924,0.9480000000000001,0.14502256638636235,
0.8572102632528378,-0.0970873786407767,-0.0975609756097561,-0.052,-0.5811710635593068,-0.41340089209040465
0.7430501511841388,-0.0970873786407767,0.1951219512195073,-0.052,-0.4803108371779639,-0.34812706702349866
0.5908366684258735,-0.0970873786407767,0.0,-0.052,-0.2584183391390094,-0.13054765013381198
0.48618989902956705,-0.0970873786407767,0.7317073170731707,-0.052,-0.19790220331020367,-0.08703176675587466
0.48618989902956705,-0.0970873786407767,0.7317073170731707,-0.052,-0.19790220331020367,-0.08703176675587466
0.4288195338302265,-0.03637742718446602,0.02464648780487808,0.44825000000000004,-0.37743340626899413,-0.12837185596491513
0.3953525836963912,-0.07279733009708739,0.7326226341463413,0.14814999999999998,-0.22412586216935282,-0.21540362272078978
0.2959230455817353,-0.0970873786407767,1.2195121951219512,-0.052,-0.056697886376323545,-0.04351588337793733
0.2959230455817353,-0.0970873786407767,1.2195121951219512,-0.052,-0.056697886376323545,-0.04351588337793733
0.0,-0.072791213592233,1.4653678048780485,0.4485004000000001,0.06836879433654171,0.03698850087124673
0.9333170046319704,-0.0970873786407767,-0.2926829268292683,-0.052,-0.6675904817897749,-0.5613532289170582
0.8667236059252305,-0.0970873786407767,-0.12195121951219515,-0.052,-0.6119579416406271,-0.44134065230457115
0.8572102632528378,-0.0970873786407767,-0.0975609756097561,-0.052,-0.5004828824542324,-0.32636912533453
0.8572102632528378,-0.0970873786407767,-0.0975609756097561,-0.052,-0.5006928613423313,-0.3213280756920846
0.8572102632528378,-0.0970873786407767,-0.0975609756097561,-0.052,-0.520654927730501,-0.41340089209040465
0.8572102632528378,-0.0970873786407767,-0.0975609756097561,-0.052,-0.5285091314169051,-0.4113375081514497
0.8381835779080546,-0.04854368932038835,-0.1951219512195122,-0.052,-0.5285091314169051,-0.4113375081514497
0.762076836528922,-0.0970873786407767,0.0,-0.052,-0.4803108371779639,-0.32636912533453
0.762076836528922,-0.0970873786407767,0.0,-0.052,-0.4172440511186093,-0.23131864323271936
0.7430501511841388,-0.04854368932038835,0.0,-0.052,-0.4728765912677573,-0.3213280756920846
0.7430501511841388,-0.0970873786407767,0.1951219512195073,-0.052,-0.4172440511186093,-0.26132178738584105
0.7430501511841388,-0.0970873786407767,0.1951219512195073,-0.052,-0.41979470134915814,-0.26109530026762395
0.5908366684258735,-0.0970873786407767,0.0,-0.052,-0.16689762044744372,-0.051299778313989186
0.5908366684258735,-0.0970873786407767,0.0,-0.052,-0.15755811275766649,-0.04351588337793733
0.5337566123915239,-0.0970873786407767,0.7317073170731707,-0.052,-0.15755811275766649,-0.08703176675587466
0.5242432697191334,0.0,-0.0975609756097561,0.9480000000000001,-0.5004828824542324,
0.49570324170195756,-0.04854368932038835,0.7317073170731707,-0.052,-0.16689762044744372,-0.08130292246711077
0.48618989902956705,-0.0970873786407767,0.7317073170731707,-0.052,-0.1373860674813979,-0.021757941688968666
0.48618989902956705,-0.0970873786407767,0.7317073170731707,-0.052,-0.1373860674813979,-0.021757941688968666
0.48618989902956705,-0.0970873786407767,0.7317073170731707,-0.052,-0.13908135037286987,-0.021296634160867488
0.4288195338302265,-0.03637742718446602,0.02464648780487808,0.44825000000000004,-0.2543839300837557,-0.04134008920904046
0.4005698149780417,0.0,0.21951219512195125,0.9480000000000001,-0.41979470134915814,
0.3953525836963912,-0.07279733009708739,0.7326226341463413,0.14814999999999998,-0.16562693086817393,-0.11966867928932766
0.324463073598909,-0.07281553398058252,1.2195121951219512,-0.052,-0.02781627007457361,0.038709654145376034
0.3054363882541259,-0.04854368932038835,0.7317073170731707,0.348,-0.21807424858647226,
0.2959230455817353,-0.0970873786407767,1.2195121951219512,-0.052,0.027816270074573837,0.038709654145376034
0.2959230455817353,-0.0970873786407767,1.2195121951219512,-0.052,0.023990294728750815,0.04351588337793733
0.2959230455817353,-0.0970873786407767,1.2195121951219512,-0.052,0.023990294728750815,0.04351588337793733
0.2864097029093427,0.024271844660194174,0.024390243902439046,0.9480000000000001,-0.17773015803393508,
0.012425433944465892,-0.0970873786407767,1.951219512195122,-0.052,0.36691506442531685,0.3698850087124673
0.0,-0.072791213592233,1.4653678048780485,0.4485004000000001,0.1571257935521235,0.16536035683616185
-0.018017262607188025,-0.0970873786407767,2.0487804878048776,-0.052,0.3616115109694615,0.3687442398297146
0.9142903192871873,-0.0970873786407767,-0.4878048780487805,-0.052,,-0.41340089209040465
0.9903970606663199,-0.0970873786407767,-0.4878048780487805,-0.052,-0.6376527903328589,-0.5570033072375978
0.9142903192871873,-0.0970873786407767,-0.4878048780487805,-0.052,-0.02038820487904008,0.16536035683616185
0.5337566123915239,-0.0970873786407767,0.4878048780487805,-0.052,0.3104333376517648,0.504784247184073
0.3346233235730239,-0.09611650485436893,0.9609756097560976,-0.027999999999999997,-0.23824629386274085,-0.3829397737258485
0.3129899823360044,-0.09611650485436893,0.9512195121951217,-0.011999999999999993,-0.008284977713278928,-0.0783285900802872
0.24664393053874734,-0.09611650485436893,0.9560975609756097,-0.044,0.003818249452482225,-0.08703176675587466
0.20744895872849287,-0.09563106796116505,0.9121951219512195,-0.023999999999999997,-0.016353795823786363,-0.17406353351174933
1.007521077476625,-0.0970873786407767,-0.4878048780487805,-0.052,-1.1265589380202454,-1.086408251596688
1.003982114002495,-0.0941747572815534,-0.48487804878048785,-0.04959999999999999,-1.1258162860185588,
0.9865917235973638,-0.03883495145631068,-0.4878048780487805,-0.052,-0.9442678785321414,-0.9791073760035899
0.9856225422992712,-0.08494233009708738,-0.4878048780487805,0.14814999999999998,-0.9422506740045146,-0.9573494343146213
0.9713703753215368,-0.07281553398058252,-0.4878048780487805,-0.052,-1.0570182628338103,-1.0414035353670055
0.9656536174428443,-0.08980436893203883,-0.4878048780487805,-0.052,-1.0047840143609472,-0.911657756767787
0.958051695580188,-0.0970873786407767,-0.4292682926829268,-0.052,-0.9457531825355145,-0.981397247060762
0.9333170046319704,-0.0970873786407767,-0.2926829268292683,-0.052,-0.9457531825355145,-0.981397247060762
0.9333170046319704,-0.0970873786407767,-0.4878048780487805,-0.052,-1.0292019927592366,-1.0114003912138838
0.9304353560564477,-0.08494718446601943,-0.4878048780487805,-0.052,-0.9846119690846786,-0.9791073760035899
0.9142903192871873,-0.07281553398058252,-0.47317073170731705,0.06799999999999999,-1.0013857226846625,-1.0114003912138838
0.9142903192871873,-0.07281553398058252,-0.47317073170731705,0.06799999999999999,-1.0013857226846625,-0.981397247060762
0.8667236059252305,-0.0970873786407767,-0.12195121951219515,-0.052,-0.9457531825355145,-1.0114003912138838
0.861015600321794,-0.07281553398058252,-0.46341463414634143,0.148,-1.0047840143609472,
0.8572102632528378,-0.08737864077669903,-0.4878048780487805,0.028000000000000008,-0.9457531825355145,-0.981397247060762
0.8572102632528378,-0.0970873786407767,-0.0975609756097561,-0.052,-0.8030635615982613,-0.9573494343146213
0.8572102632528378,-0.0970873786407767,-0.0975609756097561,-0.052,-0.8623043723117926,-0.9513941029076404
0.8572102632528378,-0.0970873786407767,-0.0975609756097561,-0.052,-0.8066718321626448,-0.9513941029076404
0.8381835779080546,-0.04854368932038835,-0.1951219512195122,-0.052,-0.8623043723117926,-0.9513941029076404
0.8001302072184883,-0.0970873786407767,-0.14634146341463902,-0.052,-0.9457531825355145,-0.9213909587545186
0.8001302072184883,-0.0970873786407767,-0.14634146341463902,-0.052,-0.9457531825355145,-0.9213909587545186
0.8001302072184883,-0.0970873786407767,-0.24390243902439024,-0.052,-0.8434076521507985,-0.8920756092477152
0.8001302072184883,-0.0970873786407767,-0.14634146341463902,-0.052,-0.9442678785321414,-0.913833550936684
0.7906168645460978,0.024271844660194174,-0.1951219512195122,-0.052,-0.8623043723117926,-0.9513941029076404
0.7811035218737051,-0.0970873786407767,-0.4878048780487805,-0.052,-0.8623043723117926,-0.9513941029076404
0.7668335078651172,-0.03640776699029126,-0.4878048780487805,0.348,-0.9442678785321414,
0.762076836528922,-0.0970873786407767,0.0,-0.052,-0.7788555620880708,-0.9213909587545186
0.762076836528922,-0.0970873786407767,0.0,-0.052,-0.7828915163219927,-0.913833550936684
0.7582714994599657,-0.03883495145631068,-0.4878048780487805,-0.052,-0.8635796974270671,-0.9573494343146213
0.7430501511841388,-0.04854368932038835,0.0,-0.052,-0.7788555620880708,-0.9213909587545186
0.7430501511841388,-0.0970873786407767,0.1951219512195073,-0.052,-0.722375380493187,-0.8920756092477152
0.7430501511841388,-0.0970873786407767,0.1951219512195073,-0.052,-0.723223021938923,-0.8913878146013968
0.7238806895925296,-0.07280339805825242,-0.1583718536585366,0.1481,-0.821218402346903,-0.9131808126860148
0.714510123166965,-0.0970873786407767,-0.3170731707317073,-0.052,-0.7788555620880708,-0.8913878146013968
0.69738610635666,-0.024271844660194174,-0.4878048780487805,-0.052,-0.8635796974270671,
0.6904875629978312,-0.04850723300970874,-0.09726804878048781,0.44837520000000003,-0.8232356068745299,-0.9355914926256526
0.6859700951497892,-0.0970873786407767,-0.4878048780487805,-0.052,-0.8623043723117926,-0.9513941029076404
0.6431600531240277,-0.04854368932038835,-0.15853658536585366,0.348,-0.9442678785321414,
0.6193766964430493,0.024271844660194174,0.0,-0.052,-0.8066718321626448,-0.8913878146013968
0.6136686908396128,0.038834951456310676,0.0,-0.052,-0.8030635615982613,-0.8920756092477152
0.5999405187762746,-0.072791213592233,-0.4145608780487805,0.3484004,-0.8837517427033357,-0.9355914926256526
0.5908366684258735,-0.0970873786407767,0.0,-0.052,-0.584141671566053,-0.8313815262951536
0.5908366684258735,-0.0970873786407767,0.0,-0.052,-0.5811710635593068,-0.8268017841808093
0.590627260726968,-0.02423543689320389,-0.24378043902439514,0.7484004000000001,-0.8615624928994402,-0.7375942232560377
0.5813233257534829,-0.0970873786407767,0.1463414634146341,-0.052,-0.8623043723117926,-0.8913878146013968
0.5620729626957859,-0.048519417475728153,-0.2803840975609756,0.3482,-0.9027134652630281,-0.9131808126860148
0.5242432697191334,0.0,-0.0975609756097561,0.9480000000000001,-0.8030635615982613,
0.5147299270467407,-0.0970873786407767,0.1463414634146341,-0.052,-0.5563254014914792,-0.8013783821420317
0.49570324170195756,-0.04854368932038835,0.7317073170731707,-0.052,-0.584141671566053,-0.7713752379889102
0.48618989902956705,-0.0970873786407767,0.7317073170731707,-0.052,-0.5285091314169051,-0.7413720938357884
0.48618989902956705,-0.0970873786407767,0.7317073170731707,-0.052,-0.520654927730501,-0.7397700174249346
0.48618989902956705,-0.0970873786407767,0.7317073170731707,-0.052,-0.520654927730501,-0.7397700174249346
0.4856661324353948,0.08513368932038835,-0.19482897560976098,0.4485004000000001,-0.8171839932916494,-0.879020844234334
0.48143322769336966,-0.03640776699029126,-0.4878048780487805,0.348,-0.8635796974270671,
0.45764987101239124,-0.0970873786407767,0.8292682926829269,-0.052,-0.2987624296915466,-0.6309803089800913
0.42910984299521754,0.024271844660194174,-0.0975609756097561,-0.052,-0.723223021938923,-0.8313815262951536
0.4288195338302265,-0.03637742718446602,0.02464648780487808,0.44825000000000004,-0.6921173125787841,-0.8611793320493798
0.41900608324989064,-0.060643155339805827,0.5131961463414634,0.2483004,-0.5811710635593068,-0.8355049608563967
0.41900608324989064,-0.060643155339805827,0.5131961463414634,0.2483004,-0.5811710635593068,-0.8355049608563967
0.4094832082081416,0.08513368932038835,-0.09717034146341462,0.4485004000000001,-0.7849087208496196,-0.8659660792209528
0.4005698149780417,0.0,0.21951219512195125,0.9480000000000001,-0.722375380493187,
0.3953525836963912,-0.07279733009708739,0.7326226341463413,0.14814999999999998,-0.5771366545040532,-0.8291951577665959
0.372029786960868,0.04854368932038835,-0.24390243902439024,1.548,-0.8232356068745299,
0.324463073598909,-0.07281553398058252,1.2195121951219512,-0.052,-0.3894277810440354,-0.7113689496826666
0.324463073598909,0.04854368932038835,-0.2926829268292683,0.9480000000000001,-0.7828915163219927,
0.3149497309265185,-0.0970873786407767,0.853658536585366,-0.052,-0.30597897082031356,-0.6213595172233016
0.3054363882541259,-0.04854368932038835,0.7317073170731707,0.348,-0.520654927730501,
0.2959230455817353,-0.0970873786407767,1.2195121951219512,-0.052,-0.3391065202440838,-0.6309803089800913
0.2959230455817353,-0.0970873786407767,1.2195121951219512,-0.052,-0.3391065202440838,-0.6309803089800913
0.2959230455817353,-0.0970873786407767,1.2195121951219512,-0.052,-0.33379524089488743,-0.6213595172233016
0.2864097029093427,0.024271844660194174,0.024390243902439046,0.9480000000000001,-0.5811710635593068,
0.23845750890230064,1.1656799514563108,-0.2681828780487805,0.44825000000000004,-0.8393732430955448,-0.8877240209099215
0.22398389033383817,-0.07279733009708739,1.0255252195121949,0.3483004,-0.4661904054845759,-0.6962541340469973
0.2140654314770864,-0.07278514563106796,0.8309166829268292,0.4486256,-0.3976054515452627,-0.751301726520088
0.21030296153021003,0.3398058252427184,0.04878048780487801,-0.052,-0.695406751864349,-0.7713752379889102
0.19127627618542684,0.3883495145631068,0.04878048780487801,-0.052,-0.7022033352169184,-0.7615279591139033
0.17679811023916883,-0.07280946601941747,1.2199391219512192,0.3481,-0.35927856552035237,-0.6505624565001631
0.14370956282346997,-0.0970873786407767,1.4634146341463414,-0.052,-0.2503464306711657,-0.6213595172233016
0.13419622015107735,-0.0970873786407767,1.4634146341463414,-0.052,-0.2584183391390094,-0.6309803089800913
0.10089952079770838,-0.04854368932038835,0.8292682926829269,0.9480000000000001,-0.2987624296915466,
0.058089478771944654,1.8446601941747571,-0.24390243902439024,-0.052,-0.584141671566053,-0.8313815262951536
0.03525745635820528,-0.08495145631067962,1.619512195121951,-0.052,-0.19790220331020367,-0.5221906005352479
0.03525745635820528,-0.08495145631067962,1.619512195121951,-0.052,-0.19790220331020367,-0.5221906005352479
0.02954945075477096,-0.04854368932038835,1.0243902439024388,0.748,-0.3798540517021463,-0.6740610335242493
0.02954945075477096,-0.04854368932038835,1.0243902439024388,0.748,-0.41898781953810743,-0.6718852393553524
0.02954945075477096,-0.04854368932038835,1.0243902439024388,0.748,-0.421811905876785,-0.6823290513660574
0.012425433944465892,-0.0970873786407767,1.951219512195122,-0.052,-0.1373860674813979,-0.47867471715731064
0.010522765409987787,-0.0970873786407767,1.6585365853658534,-0.052,-0.19386779425494996,-0.5918160139399476
0.010522765409987787,-0.0970873786407767,1.6585365853658534,-0.052,-0.1373860674813979,-0.5004326588462793
0.010522765409987787,-0.0970873786407767,1.6585365853658534,-0.052,-0.19386779425494996,-0.5918160139399476
0.001009422737595146,-0.0970873786407767,1.9999999999999996,-0.052,-0.056697886376323545,-0.4351588337793733
0.0,-0.072791213592233,1.4653678048780485,0.4485004000000001,-0.2846419979981586,-0.6875509573714098
-0.008503919934795382,-0.0970873786407767,1.6829268292682924,-0.052,-0.13908135037286987,-0.5013469406108148
-0.018017262607188025,-0.0970873786407767,2.0487804878048776,-0.052,-0.13908135037286987,-0.4713437964576931
-0.02354866251725102,-0.06065228155339805,1.7089646341463411,0.44837520000000003,-0.17773015803393508,-0.5091358355218668
-0.0941240039863207,1.8446601941747571,-0.1951219512195122,-0.052,-0.5811710635593068,-0.8268017841808093
-0.1232303612927811,-0.07280339805825242,1.6840127317073121,0.44825000000000004,-0.236229089335114,-0.6070465731222258
-0.13217737467588705,-0.04854368932038835,1.4634146341463414,0.9480000000000001,-0.2584183391390094,
-0.16071740269306076,-0.0970873786407767,2.0731707317073167,-0.052,-0.055632540149147904,-0.44134065230457115
-0.18925743071023443,2.087378640776699,-0.4878048780487805,-0.052,-0.5006928613423313,-0.7713752379889102
-0.22731080139980078,2.0388349514563107,0.24390243902439018,-0.052,-0.5609990182830382,-0.8050438424918406
-0.22731080139980078,2.0388349514563107,-0.24390243902439024,-0.052,-0.5609990182830382,-0.7180120757359659
-0.24189365216882877,-0.07280946601941747,2.0006220975609756,0.44812520000000006,-0.19386779425494996,-0.6222771323045038
-0.24633748674458394,-0.04854368932038835,1.6829268292682924,0.9480000000000001,-0.1373860674813979,
-0.24633748674458394,2.0388349514563107,-0.24390243902439024,-0.052,-0.5563254014914792,-0.7113689496826666
-0.24633748674458394,2.087378640776699,0.24390243902439018,-0.052,-0.5563254014914792,-0.8013783821420317
-0.24633748674458394,-0.0970873786407767,2.439024390243902,-0.052,0.08450643055755658,-0.391642950401436
-0.2577534979514547,2.9611650485436893,-0.4878048780487805,-0.052,-0.621515154111844,-0.8050438424918406
-0.29390420010654295,2.9611650485436893,-0.4878048780487805,-0.052,-0.6119579416406271,-0.8313815262951536
-0.3557409274770877,-0.04854368932038835,1.9999999999999996,0.9480000000000001,-0.056697886376323545,
-0.3611829019660329,2.0156194660194173,0.244268487804878,0.44825000000000004,-0.5609990182830382,-0.8050438424918406
-0.750544648381339,0.3883495145631068,-0.4878048780487805,-0.052,-0.8344881022372188,-0.9213909587545186
-0.879926108725865,0.6796116504854369,0.7317073170731707,22.34799999999996,-0.37945061079662096,-0.6744961923580286
-0.8932447884672118,0.6796116504854369,0.7317073170731707,22.34799999999996,-0.3894277810440354,-0.681365805529545
-1.0145296711834892,0.6801557281553398,0.7325615609756096,22.3636908,-0.39962265607288955,-0.6744961923580286
-1.2357251246733088,0.8737864077669903,0.8292682926829269,27.148,-0.3894277810440354,-0.681365805529545
-1.2414331302767432,0.8737864077669903,0.8780487804877999,27.148,-0.37945061079662096,-0.6744961923580286
-1.4259919781211405,0.9223300970873788,0.9756097560975607,29.547999999999995,-0.2781627007457396,-0.4713437964576931
-0.4461176828648083,-0.0970873786407767,-0.28780487804878047,-0.052,-0.9216751878227206,-0.7819804243015338
-0.5393484410542461,-0.0970873786407767,-0.33170731707317075,-0.052,-0.9039237879796043,-0.7293262054142297
-0.5488617837266365,-0.0970873786407767,-0.3121951219512195,-0.052,-0.8405835658121209,-0.6788477806958223
-0.4461176828648083,-0.0970873786407767,-0.28780487804878047,-0.052,-0.8260596932132075,-0.6588304743419712
-0.5393484410542461,-0.0970873786407767,-0.33170731707317075,-0.052,-0.7429508666749809,-0.6122684791275782
-0.5488617837266365,-0.0970873786407767,-0.3121951219512195,-0.052,-0.6384596721439096,-0.525671871205483
-0.4974897332957235,2.9951456310679614,-0.4829268292682927,2.588,-0.5408269730067696,-0.5221906005352479
-0.588817822950681,3.2281553398058254,-0.4829268292682927,2.6679999999999997,-0.4601387919016953,-0.5221906005352479
-0.6021365026920299,3.1941747572815533,-0.4829268292682927,2.988,-0.5811710635593068,-0.5004326588462793
-0.605941839760986,3.2233009708737863,-0.4829268292682927,2.868,-0.5609990182830382,-0.5221906005352479
-0.4974897332957235,2.9951456310679614,-0.4829268292682927,2.588,0.14502256638636235,-0.5657064839131852
-0.588817822950681,3.2281553398058254,-0.4829268292682927,2.6679999999999997,0.10467847583382517,-0.5221906005352479
-0.6021365026920299,3.1941747572815533,-0.4829268292682927,2.988,0.14502256638636235,-0.5004326588462793
-0.605941839760986,3.2233009708737863,-0.4829268292682927,2.868,0.10467847583382517,-0.47867471715731064
-0.4974897332957235,2.9951456310679614,-0.4829268292682927,2.588,0.6291516530168085,0.5221906005352479
-0.588817822950681,3.2281553398058254,-0.4829268292682927,2.6679999999999997,0.46777529080665975,0.30461118364556133
-0.6021365026920299,3.1941747572815533,-0.4829268292682927,2.988,0.38708710970158544,0.4351588337793733
-0.605941839760986,3.2233009708737863,-0.4829268292682927,2.868,0.3063989285965111,0.4351588337793733
-1.2201232426905857,0.7281553398058253,0.853658536585366,26.667999999999996,0.8913882416083001,1.1096550261374019
-0.9978915578635202,0.6067961165048544,0.3658536585365854,28.547999999999995,1.024523740431673,1.1662256745287205
-0.9978915578635202,0.6067961165048544,0.3658536585365854,28.547999999999995,0.7461495156191663,0.7397700174249346
-0.9978915578635202,0.6067961165048544,0.3658536585365854,28.547999999999995,1.024523740431673,1.1662256745287205
-0.9978915578635202,0.6067961165048544,0.3658536585365854,28.547999999999995,1.0406613766526878,1.174928851204308
-0.9978915578635202,0.6067961165048544,0.3658536585365854,28.547999999999995,0.8147344695584795,0.8703176675587466
0.9428303473043631,-0.0970873786407767,-0.4878048780487805,-0.052,,-0.30461118364556133
0.8001302072184883,-0.0970873786407767,-0.14634146341463902,-0.052,-0.695406751864349,-0.7413720938357884
0.8001302072184883,-0.0970873786407767,-0.14634146341463902,-0.052,-0.695406751864349,-0.7413720938357884
0.8001302072184883,-0.0970873786407767,-0.14634146341463902,-0.052,-0.7022033352169184,-0.7397700174249346
0.8001302072184883,-0.0970873786407767,-0.14634146341463902,-0.052,-0.7022033352169184,-0.7397700174249346
0.7238806895925296,-0.07280339805825242,-0.1583718536585366,0.1481,-0.8050807661258882,-0.8485597258697779
0.6904875629978312,-0.07279733009708739,-0.24371936585365855,0.14814999999999998,-0.565033427338292,-0.6375076914867819
0.6431600531240277,-0.04854368932038835,-0.15853658536585366,0.348,-0.7022033352169184,
0.6048032258298971,-0.02421718446601942,-0.2193108292682927,0.3483004,-0.565033427338292,-0.6592656331757506
0.5620729626957859,-0.048519417475728153,-0.2803840975609756,0.3482,-0.7001861306892916,-0.7386821203404862
-0.3281522337271531,2.9611650485436893,-0.4878048780487805,-0.052,0.44356883647513745,0.374236597050261
-0.3281522337271531,2.9611650485436893,-0.4878048780487805,-0.052,0.43953442741988374,0.3568302436990861
-0.3281522337271531,2.9611650485436893,-0.4878048780487805,-0.052,0.4758441089171672,0.32201753699673624
-0.3281522337271531,2.9611650485436893,-0.4878048780487805,-0.052,0.5040849723039432,0.3611818320368798
-1.7566757694134707,1.3300970873786409,-0.38048780487804873,4.723999999999999,-0.00425056865802521,-0.5004326588462793
-1.7743705867841209,1.3349514563106795,-0.375609756097561,4.744,-0.00425056865802521,-0.5004326588462793
-1.7762732553185991,1.3398058252427185,-0.375609756097561,4.752,-0.056697886376323545,-0.48302630549510434
-1.793207005275455,1.3572815533980582,-0.38048780487804873,4.8,0.003818249452482225,-0.5221906005352479
0.6431600531240277,-0.04854368932038835,-0.15853658536585366,0.348,-0.6618592446643812,
-0.7885980190709053,0.4854368932038835,0.5365853658536586,20.348,0.7421151065639126,0.7571763707761096
-0.7885980190709053,0.4854368932038835,0.5365853658536586,20.348,0.7542183337296737,0.7919890774784594
-0.7885980190709053,0.4854368932038835,0.5365853658536586,20.348,0.7582527427849275,0.8006922541540469
-0.7885980190709053,0.4854368932038835,0.5365853658536586,20.348,0.721943061287644,0.765879547451697
-0.7885980190709053,0.4854368932038835,0.5365853658536586,20.348,0.6775645616798531,0.7223636640737596
-0.7885980190709053,0.4854368932038835,0.5365853658536586,20.348,0.7340462884534051,0.7354184290871408
0.0676028214443373,1.1650485436893203,-0.4878048780487805,-0.052,0.508119381359197,0.5004326588462793
-0.0370439479519712,2.5728155339805823,-0.4878048780487805,-0.052,0.22571074749143671,0.15230559182278067
-0.13217737467588705,2.087378640776699,0.24390243902439018,-0.052,0.9115602868845687,0.4351588337793733
-0.1731977666781182,1.8949967475728153,0.19573712195121948,0.3483604,0.3386742010385408,0.17841512184954306
-0.22108213055190645,1.9667417475728153,0.19536107317073167,0.2481052,0.42137958667124203,0.15883297432947124
-0.22731080139980078,2.5728155339805823,-0.4878048780487805,-0.052,0.22253016059659161,0.15872223075786282
-0.22731080139980078,2.0388349514563107,0.24390243902439018,-0.052,0.6493236982930771,0.3698850087124673
-0.24633748674458394,2.087378640776699,0.24390243902439018,-0.052,0.6397742117152012,0.3687442398297146
-0.2663155063566083,1.9660194174757282,0.1951219512195073,0.548,0.44356883647513745,0.20017306353851172
-0.2663155063566083,1.9660194174757282,0.1951219512195073,0.548,0.44356883647513745,0.20017306353851172
-0.2663155063566083,1.9660194174757282,0.1951219512195073,0.548,0.44356883647513745,0.20017306353851172
-0.3611829019660329,2.0156194660194173,0.244268487804878,0.44825000000000004,0.44558604100276433,0.21757941688968666
-0.3985509695028493,1.941747572815534,0.2926829268292683,-0.052,0.5484634719117342,0.34812706702349866
-0.3985509695028493,1.941747572815534,0.2926829268292683,-0.052,0.5484634719117342,0.34812706702349866
-0.4832197192871356,2.0145631067961163,0.24390243902439018,0.9480000000000001,0.6493236982930771,0.3698850087124673
-0.4832197192871356,2.0145631067961163,0.24390243902439018,0.9480000000000001,0.6493236982930771,0.3698850087124673
-0.2577534979514547,2.9611650485436893,-0.4878048780487805,-0.052,0.14502256638636235,-0.04351588337793733
-0.29390420010654295,2.9611650485436893,-0.4878048780487805,-0.052,0.19471389052201754,-0.051299778313989186
0.6431600531240277,-0.04854368932038835,-0.15853658536585366,0.348,-0.4803108371779639,
0.6431600531240277,-0.04854368932038835,-0.15853658536585366,0.348,-0.2584183391390094,
0.07331082704777162,0.5339805825242718,-0.14634146341463902,-0.052,0.11274729394433261,-0.1479540034849869
0.07331082704777162,0.5339805825242718,-0.14634146341463902,-0.052,0.6533581073483308,-0.017406353351174932
-0.07890265571049375,0.825242718446602,-0.04878048780487809,-0.052,0.37498388253582426,0.21322782855189293
-0.07890265571049375,0.825242718446602,-0.04878048780487809,-0.052,1.0003172861001506,0.5308937772108354
-0.22731080139980078,2.0388349514563107,0.24390243902439018,-0.052,0.5968763805747788,0.2828532419565926
-0.2442983968761848,1.8944983980582524,0.24437834146341467,0.4483252,0.6957194024284948,0.4460378046238576
-0.24633748674458394,2.087378640776699,0.24390243902439018,-0.052,0.5841416715660531,0.2787348073703496
-0.24633748674458394,0.9466019417475726,0.24390243902439018,0.9480000000000001,0.5121537904144506,0.4743231288195169
-0.24633748674458394,0.9466019417475726,0.24390243902439018,0.9480000000000001,1.0971431034262398,0.7919890774784594
-0.2577534979514547,2.9611650485436893,-0.4878048780487805,-0.052,0.14502256638636235,-0.04351588337793733
-0.29390420010654295,2.9611650485436893,-0.4878048780487805,-0.052,0.19471389052201754,-0.051299778313989186
-0.3611829019660329,2.0156194660194173,0.244268487804878,0.44825000000000004,0.2922784969031231,0.15883297432947124
-0.4651443682095915,2.0388349514563107,0.24390243902439018,-0.052,0.41936238214361515,0.2785016536187989
-0.4651443682095915,2.0388349514563107,0.24390243902439018,-0.052,0.41936238214361515,0.2785016536187989
-0.4651443682095915,2.0388349514563107,0.24390243902439018,-0.052,0.41936238214361515,0.2785016536187989
-0.3611829019660329,2.0156194660194173,0.244268487804878,0.44825000000000004,0.44558604100276433,0.21757941688968666
-0.15057739711215265,1.8224999029126163,0.14703980487804874,0.1482204,0.6231000394339279,0.3677092145435704
-0.1759387509688877,1.820388349514563,0.1463414634146341,0.348,0.693702197900868,0.456916775468342
-0.1759387509688877,1.820388349514563,0.1463414634146341,0.348,0.693702197900868,0.456916775468342
-0.1759387509688877,1.820388349514563,0.1463414634146341,0.348,0.693702197900868,0.456916775468342
-0.3611829019660329,2.0156194660194173,0.244268487804878,0.44825000000000004,0.44558604100276433,0.21757941688968666
-0.24633748674458394,2.087378640776699,0.24390243902439018,-0.052,0.6954067518643489,0.5787662489015666
-0.3611829019660329,2.0156194660194173,0.244268487804878,0.44825000000000004,0.7138742431771365,0.5134874238596605
-0.22731080139980078,2.0388349514563107,0.24390243902439018,-0.052,0.6896677888456143,0.587464425602154
-0.3611829019660329,2.0156194660194173,0.244268487804878,0.44825000000000004,0.5020677677763163,0.41340089209040465
-0.2577534979514547,2.9611650485436893,-0.4878048780487805,-0.052,0.2862268833202425,-0.195821475200718
-0.29390420010654295,2.9611650485436893,-0.4878048780487805,-0.052,0.2781627007457395,0.24873166321722828
-0.22160279579636646,1.8932038834951406,0.24390243902439018,-0.052,0.6130140167957936,0.3698850087124673
-0.22160279579636646,1.8932038834951406,0.24390243902439018,-0.052,0.6130140167957936,0.3698850087124673
-0.22160279579636646,1.8932038834951406,0.24390243902439018,-0.052,0.6130140167957936,0.3698850087124673
-0.30722287984789176,1.8932038834951406,0.24390243902439018,0.9480000000000001,0.6089796077405399,0.47867471715731064
-0.30722287984789176,1.8932038834951406,0.24390243902439018,0.9480000000000001,0.6089796077405399,0.47867471715731064
-0.30722287984789176,1.8932038834951406,0.24390243902439018,0.9480000000000001,0.6089796077405399,0.47867471715731064
0.8001302072184883,-0.0970873786407767,-0.14634146341463902,-0.052,-0.6119579416406271,-0.7413720938357884
0.8001302072184883,-0.0970873786407767,-0.14634146341463902,-0.052,-0.6119579416406271,-0.7413720938357884
0.8001302072184883,-0.0970873786407767,-0.14634146341463902,-0.052,-0.621515154111844,-0.7397700174249346
0.761953105994126,-0.048519417475728153,-0.1583718536585366,0.04805000000000001,-0.7607022665180972,-0.7778464153806298
0.7474793922922375,-0.07278514563106796,-0.25580756097560975,0.24837559999999997,-0.7385130167142019,-0.8485597258697779
0.7238806895925296,-0.07280339805825242,-0.1583718536585366,0.1481,-0.7385130167142019,-0.8015625718216055
0.6939613029945977,-0.03883495145631068,-0.224390243902439,-0.011999999999999993,-0.8232356068745299,-0.8703176675587466
0.6939613029945977,-0.03883495145631068,-0.224390243902439,-0.011999999999999993,-0.6820312899406498,-0.8485597258697779
0.6431600531240277,-0.04854368932038835,-0.15853658536585366,0.348,-0.621515154111844,
0.6193766964430493,0.024271844660194174,0.0,-0.052,-0.33379524089488743,-0.5013469406108148
0.6136686908396128,0.038834951456310676,0.0,-0.052,-0.3391065202440838,-0.5004326588462793
0.6048032258298971,-0.02421718446601942,-0.2193108292682927,0.3483004,-0.45812158737406844,-0.6505624565001631
0.5908366684258735,-0.0970873786407767,-0.1951219512195122,-0.052,-0.2987624296915466,-0.47867471715731064
0.5908366684258735,-0.0970873786407767,-0.1951219512195122,-0.052,-0.13908135037286987,-0.3213280756920846
0.5866931510515986,-0.0679378640776699,-0.20709248780487804,0.44840040000000003,-0.3391065202440838,-0.5134874238596605
0.5620729626957859,-0.048519417475728153,-0.2803840975609756,0.3482,-0.7385130167142019,-0.8250611488456917
0.528639347314674,0.3401337378640777,-0.3047407317073171,0.44837520000000003,-0.29674522516391977,-0.5896402197710509
0.5000778952498017,0.3887138834951456,-0.14608517073170732,0.5484504,-0.3391065202440838,-0.5635306897442884
0.49611560705343505,0.036548106796116496,0.0005127317073170491,0.44852559999999997,-0.407691474183397,-0.6949486575456592
0.4856661324353948,0.08513368932038835,-0.19482897560976098,0.4485004000000001,-0.38146781532424784,-0.5831128372643603
0.4766765563571744,1.116504854368932,-0.3414634146341463,-0.052,-0.11126508029829581,-0.4113375081514497
0.4481365283400007,1.1650485436893203,-0.3170731707317073,-0.052,-0.1172140222051293,-0.41340089209040465
0.4475746703217682,0.24305859223300486,-0.12158497560975608,0.2483004,-0.17773015803393508,-0.4590925696372388
0.4234018373917811,-0.05825242718446602,-0.10731707317073173,0.148,-0.7828915163219927,-0.8703176675587466
0.4234018373917811,-0.05825242718446602,-0.10731707317073173,0.148,-0.621515154111844,-0.8180986075052218
0.4094832082081416,0.08513368932038835,-0.09717034146341462,0.4485004000000001,-0.12528284031563675,-0.3611818320368798
0.40487308040247183,-0.07279733009708739,-0.04845097560975611,0.3483004,-0.4762764281227102,-0.5896402197710509
0.4005698149780417,-0.0970873786407767,-0.4878048780487805,-0.052,0.14098815733110864,-0.13925082680939946
0.4005698149780417,-0.0970873786407767,-0.4878048780487805,-0.052,0.14098815733110864,-0.13925082680939946
0.38154312963325854,1.1650485436893203,-0.2682926829268293,-0.052,0.06433438528128799,-0.2828532419565926
0.3767864582970633,0.24271844660193692,-0.12195121951219515,0.548,-0.12972069027641592,-0.4164470039268602
0.3767864582970633,0.24271844660193692,-0.12195121951219515,0.548,-0.11802090401618001,-0.3903374739000978
0.3767864582970633,0.24271844660193692,-0.12195121951219515,0.548,-0.14142047653665163,-0.4212337510984334
0.23845750890230064,1.1656799514563108,-0.2681828780487805,0.44825000000000004,0.06433438528128799,-0.2850290361254895
0.21030296153021003,0.3398058252427184,0.04878048780487801,-0.052,0.1390813503728701,-0.23131864323271936
0.19127627618542684,0.3883495145631068,0.04878048780487801,-0.052,0.14502256638636235,-0.23933735857865532
0.096142849461511,1.1650485436893203,-0.2682926829268293,0.9480000000000001,0.06433438528128799,
0.058089478771944654,1.8446601941747571,-0.24390243902439024,-0.052,0.4172440511186094,0.06871279829849761
0.025744113685814744,-0.0970873786407767,-0.4878048780487805,-0.052,-0.05750476818737424,0.0
0.025744113685814744,-0.0970873786407767,-0.4878048780487805,-0.052,-0.05750476818737424,0.0
-0.0941240039863207,1.8446601941747571,-0.1951219512195122,-0.052,0.40725915497785403,0.06527382506690599
-0.18896521887670992,1.0200318932038834,0.26870878048780483,0.14811,0.026007499256377672,0.08703176675587466
-0.20889327441301664,1.8456315533980583,-0.19497551219512685,0.44825000000000004,0.3023645195412573,-0.11966867928932766
-0.22731080139980078,2.0388349514563107,0.24390243902439018,-0.052,0.5968763805747788,0.2828532419565926
-0.22731080139980078,2.0388349514563107,-0.24390243902439024,-0.052,0.40725915497785403,0.13054765013381198
-0.23872681260667153,2.087378640776699,-0.3121951219512195,-0.052,1.0527646038184488,0.7745827241272845
-0.23872681260667153,2.087378640776699,-0.3121951219512195,-0.052,1.0527646038184488,0.7745827241272845
-0.24633748674458394,2.0388349514563107,-0.24390243902439024,-0.052,0.4172440511186094,0.128719086604741
-0.24633748674458394,2.087378640776699,0.24390243902439018,-0.052,0.5841416715660531,0.2787348073703496
-0.27868285183071595,1.8398058252427183,-0.47804878048780486,0.148,0.7750358844547828,0.8563490689944288
-0.27868285183071595,1.8398058252427183,-0.47804878048780486,0.148,0.7750358844547828,0.8563490689944288
-0.28439085743415027,-0.0970873786407767,0.019512195121951185,20.228,0.22147461798342025,0.30774432724877293
-0.28439085743415027,-0.0970873786407767,0.019512195121951185,20.228,0.22147461798342025,0.30774432724877293
-0.3611829019660329,2.0156194660194173,0.244268487804878,0.44825000000000004,0.3144677467070185,0.12619606179601825
-0.36186889007945283,2.0652691747572813,-0.24365829268292682,0.4485004000000001,0.2862268833202425,0.04351588337793733
-0.3985509695028493,-0.04854368932038835,0.7317073170731707,17.148,0.5484634719117342,0.6092223672911227
-0.3985509695028493,-0.04854368932038835,0.7317073170731707,17.148,0.5484634719117342,0.6092223672911227
-0.41567498631315436,-0.0970873786407767,0.868292682926829,15.988,0.45776995634963047,0.5176214327805645
-0.41567498631315436,-0.0970873786407767,0.868292682926829,15.988,0.45776995634963047,0.5176214327805645
-0.4213829919165908,2.0485436893203883,0.1756097560975609,-0.052,0.2660548380439739,-0.04351588337793733
-0.4213829919165908,2.0485436893203883,0.1756097560975609,-0.052,0.2660548380439739,-0.04351588337793733
-0.7353233001055121,1.8883495145631066,0.1951219512195073,-0.052,0.14502256638636235,-0.08703176675587466
-0.7353233001055121,1.8883495145631066,0.1951219512195073,-0.052,0.14502256638636235,-0.08703176675587466
-0.8818287772603431,0.645631067961165,0.6048780487804878,23.14799999999996,0.9886174998399149,0.8768450500654372
-1.0264315858806938,1.9223300970873785,0.13658536585365855,-0.052,0.0441623400050194,-0.06527382506690599
-1.0264315858806938,1.9223300970873785,0.13658536585365855,-0.052,0.0441623400050194,-0.06527382506690599
0.5000778952498017,0.3887138834951456,-0.14608517073170732,0.5484504,-0.3391065202440838,-0.5635306897442884
0.4475746703217682,0.24305859223300486,-0.12158497560975608,0.2483004,-0.2160570440588454,-0.4764989229884138
0.49611560705343505,0.036548106796116496,0.0005127317073170491,0.44852559999999997,-0.407691474183397,-0.6949486575456592
-0.20889327441301664,1.8456315533980583,-0.19497551219512685,0.44825000000000004,0.3063989285965111,-0.11966867928932766
-0.2577534979514547,2.9611650485436893,-0.4878048780487805,-0.052,0.14502256638636235,-0.32636912533453
-0.3611829019660329,2.0156194660194173,0.244268487804878,0.44825000000000004,0.09660965772331774,-0.12619606179601825
0.5866931510515986,-0.0679378640776699,-0.20709248780487804,0.44840040000000003,-0.29674522516391977,-0.5526517188998041
0.6193766964430493,0.024271844660194174,0.0,-0.052,-0.33379524089488743,-0.5013469406108148
0.6136686908396128,0.038834951456310676,0.0,-0.052,-0.3391065202440838,-0.5004326588462793
0.5908366684258735,-0.0970873786407767,-0.1951219512195122,-0.052,-0.13908135037286987,-0.3213280756920846
0.49611560705343505,0.036548106796116496,0.0005127317073170491,0.44852559999999997,-0.46417320095694903,-0.6135739556289164
0.21030296153021003,0.3398058252427184,0.04878048780487801,-0.052,0.1390813503728701,-0.23131864323271936
0.19127627618542684,0.3883495145631068,0.04878048780487801,-0.052,0.14502256638636235,-0.23933735857865532
0.058089478771944654,1.8446601941747571,-0.24390243902439024,-0.052,0.4172440511186094,0.06871279829849761
-0.0941240039863207,1.8446601941747571,-0.1951219512195122,-0.052,0.40725915497785403,0.06527382506690599
-0.20889327441301664,1.8456315533980583,-0.19497551219512685,0.44825000000000004,0.3063989285965111,-0.11966867928932766
-0.22731080139980078,2.0388349514563107,-0.24390243902439024,-0.052,0.40725915497785403,0.13054765013381198
-0.24633748674458394,2.0388349514563107,-0.24390243902439024,-0.052,0.4172440511186094,0.128719086604741
0.49611560705343505,0.036548106796116496,0.0005127317073170491,0.44852559999999997,-0.46417320095694903,-0.6135739556289164
0.49611560705343505,0.036548106796116496,0.0005127317073170491,0.44852559999999997,-0.46417320095694903,-0.6135739556289164
0.8001302072184883,-0.0970873786407767,-0.14634146341463902,-0.052,-0.5563254014914792,-0.5013469406108148
0.8001302072184883,-0.0970873786407767,-0.14634146341463902,-0.052,-0.5563254014914792,-0.5013469406108148
0.8001302072184883,-0.0970873786407767,-0.14634146341463902,-0.052,-0.5609990182830382,-0.5004326588462793
0.8001302072184883,-0.0970873786407767,-0.14634146341463902,-0.052,-0.5609990182830382,-0.5004326588462793
0.7238806895925296,-0.07280339805825242,-0.1583718536585366,0.1481,-0.6517732220262469,-0.6135739556289164
0.6904875629978312,-0.07279733009708739,-0.24371936585365855,0.14814999999999998,-0.1716785444510545,0.0
0.6048032258298971,-0.02421718446601942,-0.2193108292682927,0.3483004,-0.19386779425494996,-0.1892940926940274
0.5620729626957859,-0.048519417475728153,-0.2803840975609756,0.3482,-0.41576029229390443,-0.32636912533453
-0.29278286240574847,-0.048514563106796124,0.09791239024389754,17.95880639999996,0.20553870221516812,0.23933735857865532
-2.805426665617919,0.024271844660194174,-0.024390243902439046,0.348,-0.7465818348247093,-0.587464425602154
-2.8910467496694423,0.024271844660194174,0.024390243902439046,0.348,-0.6336183812776052,-0.4656199521439294
-3.0052068617381416,0.024271844660194174,0.024390243902439046,0.348,-0.24228070291799456,-0.13489923847160573
-3.59503410742642,0.024271844660194174,0.04878048780487801,0.348,-0.7465818348247093,-0.5265421888730417
-3.661627506133162,0.024271844660194174,0.04878048780487801,0.348,-0.6618592446643812,-0.4351588337793733
-3.7567609328570755,0.024271844660194174,0.04878048780487801,0.348,-0.35524415646509866,-0.10443812010704959
0.6431600531240277,-0.04854368932038835,-0.15853658536585366,0.348,-0.41979470134915814,
-0.4185289891148715,-0.04854368932038835,0.1951219512195073,17.948,0.2862268833202425,
0.8191568925632715,-0.0970873786407767,-0.24390243902439024,-0.052,-0.4172440511186093,-0.2913249315389628
0.8001302072184883,-0.0970873786407767,-0.14634146341463902,-0.052,-0.33379524089488743,-0.20131549907959767
0.8001302072184883,-0.0970873786407767,-0.14634146341463902,-0.052,-0.3391065202440838,-0.195821475200718
0.8001302072184883,-0.0970873786407767,-0.14634146341463902,-0.052,-0.3391065202440838,-0.195821475200718
0.8001302072184883,-0.0970873786407767,-0.14634146341463902,-0.052,-0.33379524089488743,-0.11130606662023258
0.8001302072184883,-0.0970873786407767,-0.1951219512195122,-0.052,-0.41979470134915814,-0.2828532419565926
0.7906168645460978,0.024271844660194174,-0.1951219512195122,-0.052,-0.22253016059659161,-0.1413092107733543
0.761953105994126,-0.048519417475728153,-0.1583718536585366,0.04805000000000001,-0.4984656779266056,-0.3764123912191579
0.7474793922922375,-0.07278514563106796,-0.25580756097560975,0.24837559999999997,-0.4762764281227102,-0.42427986293488895
0.7394350809686295,-0.08446601941747572,-0.21951219512195125,0.028000000000000008,-0.13778950838692336,0.0400346127077023
0.7394350809686295,-0.08446601941747572,-0.21951219512195125,0.028000000000000008,-0.289483288864463,-0.13272344430270885
0.7394350809686295,-0.08446601941747572,-0.21951219512195125,0.028000000000000008,-0.1357723038592965,0.032636912533452994
0.7394350809686295,-0.08446601941747572,-0.21951219512195125,0.028000000000000008,-0.17127510354552902,0.04917294821706923
0.7394350809686295,-0.08446601941747572,-0.21951219512195125,0.028000000000000008,-0.19548155787705135,-0.013054765013381198
0.7394350809686295,-0.08446601941747572,-0.21951219512195125,0.028000000000000008,-0.4912037416271489,-0.5722338664198758
0.7238806895925296,-0.07280339805825242,-0.1583718536585366,0.1481,-0.4117258832386507,-0.3307207136723237
0.714510123166965,-0.08737864077669903,-0.15121951219512197,0.10800000000000003,-0.08493874976309956,-0.30896277198335503
0.6878727636842674,-0.0970873786407767,-0.12682926829268293,-0.052,-0.2987624296915466,-0.13054765013381198
0.6574300671326155,-0.0970873786407767,-0.1951219512195122,-0.052,0.027816270074573837,0.15872223075786282
0.6574300671326155,0.024271844660194174,0.0,-0.052,-0.37138179268611354,
0.647916724460223,0.04854368932038835,0.0,-0.052,-0.056697886376323545,
0.6431600531240277,-0.04854368932038835,-0.15853658536585366,0.348,-0.3391065202440838,
0.6231820335120054,-0.0970873786407767,-0.2146341463414634,-0.052,-0.056697886376323545,0.08703176675587466
0.6193766964430493,0.024271844660194174,0.0,-0.052,-0.055632540149147904,0.06871279829849761
0.6155713593740909,0.03398058252427185,0.0,-0.052,0.0050285721690583865,0.16536035683616185
0.6155713593740909,0.03398058252427185,0.0,-0.052,0.0050285721690583865,0.16536035683616185
0.6136686908396128,0.038834951456310676,0.0,-0.052,-0.056697886376323545,0.06527382506690599
0.6054872161413574,0.019417475728155328,-0.03414634146341468,-0.052,0.16519461166263094,0.26979847694321146
0.6048032258298971,-0.02421718446601942,-0.2193108292682927,0.3483004,-0.1273000448432636,-0.07180120757359659
0.5908366684258735,-0.0970873786407767,-0.1951219512195122,-0.052,0.055632540149147904,0.15872223075786282
0.5908366684258735,-0.0970873786407767,-0.1951219512195122,-0.052,-0.056697886376323545,0.10878970844484333
0.5813233257534829,-0.0970873786407767,0.1463414634146341,-0.052,-0.2781627007457396,-0.17131235492647587
0.5620729626957859,-0.048519417475728153,-0.2803840975609756,0.3482,-0.236229089335114,-0.21322782855189293
0.5603939718742216,-0.0970873786407767,-0.17560975609756097,-0.052,0.2458827927677053,0.47867471715731064
0.5584913033397414,0.009708737864077674,0.04878048780487801,-0.052,-0.16562693086817393,-0.10878970844484333
0.5584913033397414,0.009708737864077674,0.04878048780487801,-0.052,-0.16562693086817393,-0.10878970844484333
0.5413672865294384,0.053398058252427175,-0.004878048780487775,-0.011999999999999993,-0.09704197692886073,
0.5257654045467154,-0.08640776699029126,-0.11707317073170732,0.0,-0.103900472322792,0.09573494343146212
0.5257654045467154,-0.08640776699029126,-0.11707317073170732,0.0,0.026007499256377672,0.21583878155456926
0.5257654045467154,-0.08640776699029126,-0.11707317073170732,0.0,0.03891760823318952,0.23890219974487584
0.5257654045467154,-0.08640776699029126,-0.11707317073170732,0.0,0.05666900807630602,0.17362837467796985
0.5257654045467154,-0.08640776699029126,-0.11707317073170732,0.0,-0.07283552259733841,0.07267152524115529
0.5257654045467154,-0.08640776699029126,-0.11707317073170732,0.0,-0.31409318410151077,-0.41340089209040465
0.49611560705343505,0.036548106796116496,0.0005127317073170491,0.44852559999999997,-0.04056025015530867,0.0
0.4953227079950615,-0.09660194174757282,0.10243902439024387,-0.047999999999999994,-0.08897315881835328,-0.12619606179601825
0.48592814891927777,-0.012093446601941747,-0.18277429268292683,0.44825000000000004,0.015921476618243377,0.06962541340469973
0.4856661324353948,0.08513368932038835,-0.19482897560976098,0.4485004000000001,0.07643761244704915,0.2197552110585835
0.4580304047192873,0.058737864077669906,-0.04390243902439023,0.66,-0.4803108371779639,-0.7615279591139033
0.45041973058137486,0.07281553398058252,0.034146341463414595,0.11599999999999999,0.09983718496752075,0.30178265122599546
0.45041973058137486,0.07281553398058252,0.034146341463414595,0.11599999999999999,0.10064406677857145,0.31009418495118135
0.45041973058137486,0.07281553398058252,0.034146341463414595,0.11599999999999999,0.12041267114931457,0.2893806244632832
0.45041973058137486,0.07281553398058252,0.034146341463414595,0.11599999999999999,-0.016353795823786363,0.06179255439667096
0.45041973058137486,0.07281553398058252,0.034146341463414595,0.11599999999999999,-0.1172140222051293,-0.23193965840440603
0.45041973058137486,0.07281553398058252,0.034146341463414595,0.11599999999999999,-0.2160570440588454,-0.4212337510984334
0.4481365283400007,-0.0970873786407767,-0.4878048780487805,-0.052,0.2458827927677053,0.13054765013381198
0.4481365283400007,-0.0970873786407767,-0.4878048780487805,-0.052,0.2458827927677053,0.13054765013381198
0.4367205171331299,-0.0970873786407767,-0.4878048780487805,-0.052,0.3225365648175259,0.4612683638061357
0.4367205171331299,-0.0970873786407767,-0.4878048780487805,-0.052,0.3225365648175259,0.4612683638061357
0.42910984299521754,0.024271844660194174,-0.0975609756097561,-0.052,0.2781627007457395,0.4287505281359585
0.4094832082081416,0.08513368932038835,-0.09717034146341462,0.4485004000000001,0.235796770129571,0.44386201045496076
0.40732428827543965,0.03640776699029125,0.0,-0.052,0.16519461166263094,0.26979847694321146
0.40732428827543965,0.03640776699029125,0.0,-0.052,0.16519461166263094,0.26979847694321146
0.40487308040247183,-0.07279733009708739,-0.04845097560975611,0.3483004,-0.018371000351413223,0.0
0.4043751520469979,0.038834951456310676,-0.0975609756097561,-0.052,0.22571074749143671,0.391642950401436
0.39581314364184644,0.0849514563106796,-0.1951219512195122,0.9480000000000001,0.08450643055755658,0.2785016536187989
0.39581314364184644,0.0849514563106796,-0.1951219512195122,0.9480000000000001,0.05626556717078056,0.1566571801605744
0.39581314364184644,0.0849514563106796,-0.1951219512195122,0.9480000000000001,0.05626556717078056,0.1566571801605744
0.3910564723056512,-0.0970873786407767,-0.4878048780487805,-0.052,0.3063989285965111,0.2785016536187989
0.3910564723056512,0.2912621359223301,0.0,-0.052,0.1369537482758549,0.30896277198335503
0.3910564723056512,-0.0970873786407767,-0.4878048780487805,-0.052,0.3063989285965111,0.2785016536187989
0.37773779256430234,0.03640776699029125,0.0,0.9480000000000001,-0.056697886376323545,
0.36822444989191183,0.3737864077669903,-0.009756097560975636,-0.052,0.32657097387277967,0.4351588337793733
0.36822444989191183,0.3737864077669903,-0.009756097560975636,-0.052,0.3548118372595557,0.456916775468342
0.36822444989191183,0.3737864077669903,-0.009756097560975636,-0.052,0.38708710970158544,0.5004326588462793
0.36822444989191183,0.3737864077669903,-0.009756097560975636,-0.052,0.2700892470992276,0.3959945387392297
0.36822444989191183,0.3737864077669903,-0.009756097560975636,-0.052,0.36691506442531685,0.4221040687659921
0.36822444989191183,0.3737864077669903,-0.009756097560975636,-0.052,0.35077742820430197,0.44386201045496076
0.36727311562467274,0.03640776699029125,0.0,0.9480000000000001,0.16519461166263094,0.06962541340469973
0.36099430946089334,0.1844660194174757,0.15609756097560973,-0.052,0.3386742010385408,0.49172948217069185
0.3351180173919877,0.2766990291262136,0.21219512195121948,-0.052,0.3386742010385408,0.49172948217069185
0.3351180173919877,0.2766990291262136,0.21219512195121948,-0.052,0.3386742010385408,0.49172948217069185
0.3237774279658241,0.03654140776698543,-0.07275565853658542,0.4485004000000001,0.13493654374822805,0.3307207136723237
0.3197064022627138,0.0849514563106796,-0.0975609756097561,0.9480000000000001,0.249917201822959,0.4873778938328981
0.3197064022627138,0.0849514563106796,-0.0975609756097561,0.9480000000000001,0.22167633843618298,0.40034612707702344
0.3197064022627138,0.0849514563106796,-0.0975609756097561,0.9480000000000001,0.22167633843618298,0.40034612707702344
0.3191887242078529,0.3158436893203883,0.0003661463414633726,0.44837520000000003,0.2882440878478693,0.3959945387392297
0.3149497309265185,-0.0970873786407767,-0.4878048780487805,-0.052,0.46777529080665975,0.38729136206364223
0.3149497309265185,-0.0970873786407767,-0.4878048780487805,-0.052,0.46777529080665975,0.38729136206364223
0.3086704871489758,0.03615461165048543,-0.0009250731707316969,0.447052,-0.04056025015530867,0.0
0.3006797169179306,0.07281553398058252,-0.18292682926829268,0.9480000000000001,0.023990294728750815,
0.2959230455817353,-0.04854368932038835,-0.04878048780487809,0.748,-0.056697886376323545,0.0
0.24066879027307134,0.037756213592233,0.05420053658536584,0.4530504,0.19948708863228753,0.2828532419565926
0.2293296468749932,0.3155339805825243,0.0,0.9480000000000001,0.1813322478836458,0.43080724544157956
0.2293296468749932,0.3155339805825243,0.0,0.9480000000000001,0.1813322478836458,0.43080724544157956
0.21030296153021003,0.3398058252427184,0.04878048780487801,-0.052,0.2781627007457395,0.4287505281359585
0.19127627618542684,0.3883495145631068,0.04878048780487801,-0.052,0.2862268833202425,0.4351588337793733
0.1532229054958605,1.5048543689320388,0.0975609756097561,-0.052,0.7824591971164497,0.7180120757359659
0.1532229054958605,1.5048543689320388,0.0975609756097561,-0.052,0.7824591971164497,0.7180120757359659
0.10927126234941288,1.8300970873786406,-0.1951219512195122,-0.047999999999999994,0.3386742010385408,0.04351588337793733
-0.04655729062436172,-0.0970873786407767,0.0975609756097561,16.748,0.23781397465719786,0.24804053525424277
-0.07509731864153753,2.0388349514563107,-0.24390243902439024,-0.052,-0.00425056865802521,
-0.07509731864153753,2.0388349514563107,-0.24390243902439024,-0.052,0.6412548801825696,
-0.08651332984840616,2.0145631067961163,-0.3121951219512195,0.028000000000000008,0.721943061287644,0.831153372518603
-0.13217737467588705,2.0388349514563107,-0.4878048780487805,-0.052,0.3063989285965111,-0.021757941688968666
-0.13217737467588705,2.087378640776699,0.24390243902439018,-0.052,0.75018392467442,0.6962541340469973
-0.15120406002067022,2.087378640776699,-0.4878048780487805,-0.052,0.30597897082031356,-0.021296634160867488
-0.16099500203224182,0.8262121844660195,-0.07273492682926834,0.44852559999999997,0.9115602868845687,0.9247125217811683
-0.16832807683097317,1.8009708737864079,-0.25853658536585367,0.18799999999999997,0.12888493016534747,0.2349857702408616
-0.16832807683097317,1.8009708737864079,-0.25853658536585367,0.18799999999999997,-0.16562693086817393,-0.17841512184954306
-0.16832807683097317,1.8009708737864079,-0.25853658536585367,0.18799999999999997,0.6049451986852862,0.6048707789533289
-0.16832807683097317,1.8009708737864079,-0.25853658536585367,0.18799999999999997,0.5242570175802118,0.5787612489265664
-0.18896521887670992,1.0200318932038834,0.26870878048780483,0.14811,0.38708710970158544,0.391642950401436
-0.18925743071023443,2.087378640776699,-0.4878048780487805,-0.052,1.0292019927592364,1.1788291319639999
-0.22731080139980078,2.5728155339805823,-0.4878048780487805,-0.052,0.2781627007457395,0.038709654145376034
-0.22731080139980078,2.0388349514563107,-0.24390243902439024,-0.052,0.6493236982930771,0.6744961923580286
-0.22731080139980078,2.1359223300970873,-0.3170731707317073,-0.052,0.6493236982930771,0.7615279591139033
-0.22731080139980078,2.0388349514563107,0.24390243902439018,-0.052,1.5328592813936412,0.783285900802872
-0.22731080139980078,2.0388349514563107,0.24390243902439018,-0.052,0.6452892892378234,0.7702311357894908
-0.22731080139980078,2.0388349514563107,0.24390243902439018,-0.052,0.7582527427849275,0.5134874238596605
-0.22731080139980078,2.0388349514563107,0.24390243902439018,-0.052,0.6049451986852862,0.7180120757359659
-0.23872681260667153,2.087378640776699,-0.3121951219512195,-0.052,1.5974098262777008,1.827667101873368
-0.23872681260667153,2.087378640776699,-0.3121951219512195,-0.052,1.5974098262777008,1.827667101873368
-0.24633748674458394,2.087378640776699,0.24390243902439018,-0.052,0.6119579416406269,0.5787662489015666
-0.24633748674458394,2.0388349514563107,-0.24390243902439024,-0.052,0.6397742117152012,0.6687756813609318
-0.27868285183071595,1.8398058252427183,-0.47804878048780486,0.148,0.9488382265551131,1.08311033727686
-0.27868285183071595,1.8398058252427183,-0.47804878048780486,0.148,0.9488382265551131,1.08311033727686
-0.28439085743415027,-0.0970873786407767,0.019512195121951185,20.228,0.5550395586717977,0.7425115180777446
-0.28439085743415027,-0.0970873786407767,0.019512195121951185,20.228,0.5550395586717977,0.7425115180777446
-0.29278286240574847,-0.048514563106796124,0.09791239024389754,17.95880639999996,0.22571074749143671,0.32636912533453
-0.2996426674332146,2.0647281553398056,-0.47560058536585365,0.44837520000000003,0.21764192938092927,-0.11966867928932766
-0.3403293123478138,1.5970873786407767,0.5609756097560974,-0.052,0.6251172439615548,0.5134874238596605
-0.3403293123478138,1.5970873786407767,0.5609756097560974,-0.052,0.5161881994697044,0.3437754786857049
-0.3403293123478138,1.5970873786407767,0.5609756097560974,-0.052,0.5121537904144506,0.30461118364556133
-0.3403293123478138,1.5970873786407767,0.5609756097560974,-0.052,0.5807387443537638,0.3437754786857049
-0.3611829019660329,2.0156194660194173,0.244268487804878,0.44825000000000004,0.5061021768315701,0.4482135987927545
-0.36186889007945283,2.0652691747572813,-0.24365829268292682,0.4485004000000001,0.45970647269615234,0.5308937772108354
-0.41567498631315436,-0.0970873786407767,0.868292682926829,15.988,0.8330103425787787,0.9973405311389456
-0.41567498631315436,-0.0970873786407767,0.868292682926829,15.988,0.8330103425787787,0.9973405311389456
-0.4461176828648083,2.0631067961165046,-0.46341463414634143,0.9480000000000001,0.3063989285965111,
-0.4499230199337645,-0.0970873786407767,-0.2682926829268293,-0.052,-0.35927856552035237,
-0.4499230199337645,-0.0970873786407767,-0.2682926829268293,-0.052,-0.35927856552035237,
-0.4556310255371988,2.5728155339805823,-0.4878048780487805,1.1480000000000001,0.2660548380439739,
-0.46324169967511336,-0.0970873786407767,-0.28780487804878047,0.308,-0.531547832179686,-0.3472567493559399
-0.46324169967511336,-0.0970873786407767,-0.28780487804878047,0.308,-0.5936777316305933,-0.3959945387392297
-0.4689497052785477,-0.0970873786407767,-0.2682926829268293,-0.052,-0.3229688840230689,
-0.4689497052785477,-0.0970873786407767,-0.2682926829268293,-0.052,-0.3229688840230689,
-0.474657710881982,2.0631067961165046,-0.24390243902439024,0.9480000000000001,0.6493236982930771,0.6744961923580286
-0.474657710881982,2.0631067961165046,-0.24390243902439024,0.9480000000000001,0.6291516530168085,0.6701446040202349
-0.474657710881982,2.0631067961165046,-0.24390243902439024,0.9480000000000001,0.6493236982930771,0.6744961923580286
-0.4784630479509403,-0.0970873786407767,-0.4292682926829268,-0.052,-0.4803108371779639,-0.2584843472649478
-0.4784630479509403,-0.0970873786407767,-0.4292682926829268,-0.052,-0.5198480459194504,-0.28763998912816574
-0.48797639062333087,-0.0970873786407767,-0.2682926829268293,-0.052,-0.16562693086817393,
-0.48797639062333087,-0.0970873786407767,-0.2682926829268293,-0.052,-0.16562693086817393,
-0.507003075968114,-0.0970873786407767,-0.2682926829268293,-0.052,-0.05185659551001913,
-0.507003075968114,-0.0970873786407767,-0.2682926829268293,-0.052,-0.05185659551001913,
-0.5127110815715483,-0.0970873786407767,-0.14634146341463902,-0.052,-0.50855170056474,
-0.5260297613128971,-0.0970873786407767,-0.2682926829268293,-0.052,-0.3391065202440838,
-0.5260297613128971,-0.0970873786407767,-0.2682926829268293,-0.052,-0.3391065202440838,
-0.5677362555886614,-0.09563106796116505,-0.2780487804878049,0.08,-0.5852054726145606,
-0.5793044802782905,-0.0970873786407767,-0.2926829268292683,0.388,-0.36210265185902996,-0.16927678634017623
-0.5793044802782905,-0.0970873786407767,-0.2926829268292683,0.388,-0.41737405591600596,-0.19669179286827668
-0.5907204914851591,-0.07281553398058252,0.24390243902439018,16.748,0.3063989285965111,
-0.5964284970885956,0.04854368932038835,0.3902439024390243,23.788,0.8833194234977927,
-0.6141042877738982,-0.09368932038834951,-0.06829268292682927,0.09999999999996001,-0.4601387919016953,
-0.6268711936402473,0.1941747572815534,1.121951219512195,17.148,0.8623043723117928,0.9088008345859054
-0.7410313057089464,1.3106796116504804,-0.3414634146341463,0.028000000000000008,-0.2987624296915466,-0.41340089209040465
-0.7410313057089464,1.3106796116504804,-0.3414634146341463,0.028000000000000008,-0.17773015803393508,-0.32636912533453
-0.7743280050623175,0.1941747572815534,1.121951219512195,17.148,0.8712161963320315,
-0.7885980190709053,0.4854368932038835,0.5365853658536586,20.348,0.6493236982930771,0.65273825066906
-0.7885980190709053,0.4854368932038835,0.5365853658536586,20.348,0.6493236982930771,0.65273825066906
-0.7935449572605476,0.7766990291262136,0.473170731707317,22.188,0.8873538325530465,0.9660526109902087
-0.8087663055363745,0.6504854368932039,0.5853658536585364,22.308,0.9155946959398225,1.026974847719321
-0.8087663055363745,0.6504854368932039,0.5853658536585364,22.308,0.9155946959398225,1.026974847719321
-0.8095273729501666,0.587378640776699,0.5902439024390245,22.068,0.6533581073483308,0.5961676022777415
-0.8095273729501666,0.587378640776699,0.5902439024390245,22.068,0.7985968333374647,0.6962541340469973
-0.8230363195449625,-0.09563106796116505,0.2780487804878048,31.227999999999998,0.7703559699506886,
-0.8685100975189942,0.6359223300970874,0.6536585365853659,21.148,,1.0661391427594646
-0.879926108725865,0.6796116504854369,0.7317073170731707,22.34799999999996,0.9922484679896431,1.0661391427594646
-0.8818287772603431,0.645631067961165,0.6048780487804878,23.14799999999996,1.0309787949200788,1.1100901849711813
-0.8875367828637775,-0.0970873786407767,0.926829268292678,-0.052,-0.2987624296915466,
-0.8875367828637775,-0.0970873786407767,0.926829268292678,-0.052,-0.2987624296915466,
-0.8932447884672118,0.6796116504854369,0.7317073170731707,22.34799999999996,1.0013857226846623,1.0588165553515139
-0.9179794794154292,0.6262135922330097,0.7512195121951218,21.588,0.7864936061717035,0.9225367276122713
-0.9179794794154292,0.6262135922330097,0.7512195121951218,21.588,0.7864936061717035,0.9225367276122713
-0.9196918810964604,-0.0970873786407767,0.9756097560975607,-0.052,-0.2543839300837557,
-0.9196918810964604,-0.0970873786407767,0.9756097560975607,-0.052,-0.2543839300837557,
-0.9328202939843602,-0.0970873786407767,0.8780487804877999,-0.052,-0.250349521028502,
-0.9328202939843602,-0.0970873786407767,0.8780487804877999,-0.052,-0.250349521028502,
-0.9417628360964098,-0.0970873786407767,0.926829268292678,-0.052,-0.23824629386274085,
-0.9417628360964098,-0.0970873786407767,0.926829268292678,-0.052,-0.23824629386274085,
-0.9748692685963317,-0.0970873786407767,0.8780487804877999,-0.052,-0.2463151119732483,
-0.9748692685963317,-0.0970873786407767,0.8780487804877999,-0.052,-0.2463151119732483,
-0.9788648725187371,0.6941747572815533,0.6341463414634145,24.348,0.8066656514479721,0.9355914926256526
-0.9876171477773376,0.27572815533980094,0.2829268292682927,31.548,0.9962828770448968,
-1.005882765708331,-0.0970873786407767,1.0243902439024388,-0.052,-0.2906936115810392,
-1.005882765708331,-0.0970873786407767,1.0243902439024388,-0.052,-0.2906936115810392,
-1.0145296711834892,0.6801557281553398,0.7325615609756096,22.3636908,0.7380806975086589,0.8028680483229438
-1.0169182432083035,0.3640776699029126,0.7317073170731707,23.948,0.8510441510557629,
-1.0416529341565208,0.7524271844660195,0.6585365853658536,24.748,0.8913882416083001,0.9791073760035899
-1.0739982992426529,0.9708737864077668,0.6585365853658536,25.548,1.1536248301997918,1.1966867928932765
-1.0739982992426529,0.9708737864077668,0.6585365853658536,25.548,1.1536248301997918,1.1966867928932765
-1.0739982992426529,0.9708737864077668,0.6585365853658536,25.548,1.1536248301997918,1.1966867928932765
-1.110149001397741,0.7524271844660195,0.7073170731707317,24.748,0.8913882416083001,
-1.1345031586390604,0.6990291262135923,0.2878048780487805,31.147999999999996,1.0083861042106579,
-1.1462997035528273,0.6796116504854369,0.7317073170731707,22.34799999999996,0.9922484679896431,1.0443812010704958
-1.189870812992381,0.6601941747572815,0.8829268292682926,27.787999999999997,1.222209784139105,1.4055630331073758
-1.189870812992381,0.6601941747572815,0.8829268292682926,27.787999999999997,1.222209784139105,1.4055630331073758
-1.2201232426905857,0.7281553398058253,0.853658536585366,26.667999999999996,0.8308721057794943,1.0661391427594646
-1.2201232426905857,0.7281553398058253,0.853658536585366,26.667999999999996,0.8308721057794943,1.0661391427594646
-1.2357251246733088,0.8737864077669903,0.8292682926829269,27.148,1.1404670730575321,1.2088322761171226
-1.2414331302767432,0.8737864077669903,0.8780487804877999,27.148,1.1334527849235232,1.2184447345822453
-1.271685559974948,0.8640776699029128,0.5463414634146341,30.667999999999996,1.3214562468983466,1.4068685096087137
-1.3080265289834854,0.6796116504854369,0.5853658536585364,31.348,1.081005467205225,1.1836320278798953
-1.3080265289834854,0.6796116504854369,0.5853658536585364,31.348,1.081005467205225,1.1836320278798953
-1.3097389306645142,0.6213592233009709,0.8487804878048779,30.907999999999998,1.3311388286309553,1.5404622715789815
-1.3097389306645142,0.6213592233009709,0.8487804878048779,30.907999999999998,1.3311388286309553,1.5404622715789815
-1.3456993659661534,0.6553398058252426,0.8585365853658535,31.307999999999996,1.2867603290231644,1.4882432115254567
-1.3456993659661534,0.6553398058252426,0.8585365853658535,31.307999999999996,1.2867603290231644,1.4882432115254567
-1.3460798996730516,0.9029126213592232,1.4585365853658534,23.988,0.935766741216091,1.0400296127327022
-1.3460798996730516,0.9029126213592232,1.4585365853658534,23.988,0.8631473782215241,0.7876374891406657
-1.4259919781211405,0.9223300970873788,0.9756097560975607,29.547999999999995,1.4186297738032718,1.5988731501077054
-1.498293382431317,0.8737864077669903,0.853658536585366,27.148,1.0729366490947174,1.1357645561641643
-1.498293382431317,0.8737864077669903,0.853658536585366,27.148,1.0729366490947174,1.1357645561641643
-1.5049527223019903,0.8737864077669903,0.853658536585366,27.148,1.1536248301997918,
-1.5591787755346227,0.4854368932038835,1.0243902439024388,35.94799999999999,1.8636808239244462,2.0321917537496734
-1.5696434524742522,0.9223300970873788,0.9756097560975607,29.547999999999995,1.4158614187912835,
-1.6352855169137555,1.116504854368932,0.7804878048780488,34.748,1.423930236901791,1.6274940383348562
-1.6352855169137555,1.116504854368932,0.7804878048780488,34.748,1.423930236901791,1.6274940383348562
-1.7037815841549735,0.4854368932038835,0.8292682926829269,40.748,1.8959560963664759,2.0365433420874672
-1.70948958975841,0.4368932038834951,0.8780487804877999,39.948,1.8596464148691925,2.0408949304252606
-1.7399322863100617,0.4854368932038835,0.8780487804877999,41.147999999999996,1.750717370377342,1.8972925152780675
-1.8331630444994995,0.5339805825242718,0.8292682926829269,41.147999999999996,1.8919216873112221,2.0800592254654044
-1.840773718637414,0.5339805825242718,0.926829268292678,40.748,1.8475431877034312,2.006082223722911
-1.8445790557063702,0.3398058252427184,0.0,-0.052,0.22571074749143671,0.23933735857865532
-1.8617030725166752,0.4368932038834951,1.0243902439024388,39.948,1.8193023243166553,2.0974655788165792
-1.8636057410511513,0.3398058252427184,0.04878048780487801,-0.052,0.22253016059659161,0.24873166321722828
-1.939712482430286,0.4854368932038835,1.121951219512195,43.948,0.9276979231055836,
-2.042456583292114,0.4854368932038835,1.2195121951219512,43.147999999999996,1.879818460145461,2.1235751088433417
-2.247944785015773,0.4854368932038835,1.121951219512195,47.94799999999999,2.0008507318030726,2.3063418190306786
-2.805426665617919,0.024271844660194174,-0.024390243902439046,0.348,-0.46417320095694903,-0.2828532419565926
-2.8910467496694423,0.024271844660194174,0.024390243902439046,0.348,-0.21403983953121852,-0.013054765013381198
-3.59503410742642,0.024271844660194174,0.04878048780487801,0.348,-0.38348501985187466,-0.13489923847160573
-3.661627506133162,0.024271844660194174,0.04878048780487801,0.348,-0.2705215663047706,-0.013054765013381198
0.4367205171331299,-0.0970873786407767,-0.4878048780487805,-0.052,0.5605666990774952,0.7745827241272845
0.4367205171331299,-0.0970873786407767,-0.4878048780487805,-0.052,0.5605666990774952,0.7745827241272845
-0.4461176828648083,-0.0970873786407767,-0.28780487804878047,-0.052,-0.531547832179686,-0.3472567493559399
-0.5393484410542461,-0.0970873786407767,-0.33170731707317075,-0.052,-0.4803108371779639,-0.2584843472649478
-0.5488617837266365,-0.0970873786407767,-0.3121951219512195,-0.052,-0.36210265185902996,-0.16927678634017623
-0.4461176828648083,-0.0970873786407767,-0.28780487804878047,-0.052,-0.5936777316305933,-0.3959945387392297
-0.5393484410542461,-0.0970873786407767,-0.33170731707317075,-0.052,-0.5198480459194504,-0.28763998912816574
-0.5488617837266365,-0.0970873786407767,-0.3121951219512195,-0.052,-0.41737405591600596,-0.19669179286827668
-0.46324169967511336,-0.0970873786407767,-0.28780487804878047,-0.052,-0.3072346887075794,-0.20365433420874676
-0.4993924018302016,-0.0970873786407767,-0.33170731707317075,-0.052,-0.4028501833170926,-0.18015575718466056
-0.5793044802782905,-0.0970873786407767,-0.3121951219512195,-0.052,-0.17409918988420683,-0.0195821475200718
0.010522765409987787,1.0194174757281553,0.2926829268292683,-0.052,0.46777529080665975,0.47867471715731064
-0.0941240039863207,1.0194174757281553,0.24390243902439018,-0.052,0.44506032119318323,0.48875681644220137
-0.18896521887670992,1.0200318932038834,0.26870878048780483,0.14811,0.38708710970158544,0.391642950401436
-0.19781943911538802,1.0194174757281553,0.26829268292682923,0.348,0.44760324553039116,
-0.26536417208936713,1.8446601941747571,-0.14634146341463902,-0.052,0.38708710970158544,0.23933735857865532
-0.3700109414856756,-0.0970873786407767,0.8780487804877999,15.948,0.3616115109694615,0.3687442398297146
-0.5412511095887241,-0.04854368932038835,0.8780487804877999,15.948,0.36691506442531685,
-0.8399700695018184,0.6796116504854369,0.5853658536585364,22.748,0.9720764227133745,1.0008653176925586
-0.8399700695018184,0.6796116504854369,0.5853658536585364,22.748,0.7703559699506886,0.8268017841808093
-0.8725874020282682,0.6558292233009708,0.6104700000000001,22.7628296,0.7138742431771365,0.7593521649450063
-0.931298159156778,0.1941747572815534,0.2926829268292683,29.947999999999997,0.7510392920134968,0.9088008345859054
-0.3700109414856756,-0.0970873786407767,0.8780487804877999,15.948,0.3616115109694615,0.3687442398297146
-1.1427438634087963,0.9719428155339805,0.6596840975609756,25.5736256,1.151607625672165,1.2684880004668733
-1.1427438634087963,0.9719428155339805,0.6596840975609756,25.5736256,1.0285581494869265,1.2097415579066577
0.5866931510515986,-0.0679378640776699,-0.20709248780487804,0.44840040000000003,0.003818249452482225,0.13272344430270885
0.528639347314674,0.3401337378640777,-0.3047407317073171,0.44837520000000003,-0.09704197692886073,-0.08703176675587466
0.5000778952498017,0.3887138834951456,-0.14608517073170732,0.5484504,-0.2160570440588454,-0.26109530026762395
0.49611560705343505,0.036548106796116496,0.0005127317073170491,0.44852559999999997,-0.18176456708918878,-0.028285324195659264
0.4856661324353948,0.08513368932038835,-0.19482897560976098,0.4485004000000001,-0.09704197692886073,0.0
0.4475746703217682,0.24305859223300486,-0.12158497560975608,0.2483004,0.14502256638636235,0.26109530026762395
0.25292387830364477,0.3399150970873786,-0.04867068292682931,1.5484,0.2620204289887202,0.4612683638061357
-0.2577534979514547,2.9611650485436893,-0.4878048780487805,-0.052,0.36691506442531685,0.13054765013381198
-0.29390420010654295,2.9611650485436893,-0.4878048780487805,-0.052,0.3616115109694615,0.128719086604741
-0.3611829019660329,2.0156194660194173,0.244268487804878,0.44825000000000004,0.4516376545856449,0.3198417428278394
-0.36186889007945283,2.0652691747572813,-0.24365829268292682,0.4485004000000001,0.43146560930937633,0.5657064839131852
-0.3705085273608124,2.9643796116504855,-0.4829217073170732,0.14821039999996,0.2721064516268545,0.004351588337793733
-0.4280423317872642,2.9611650485436893,-0.47804878048780486,0.348,0.36691506442531685,
-1.0145296711834892,0.6801557281553398,0.7325615609756096,22.3636908,0.736063492981032,0.7136604873981722
-0.4366043401924157,-0.0970873786407767,0.9121951219512195,17.148,0.5323258356907192,0.587464425602154
-0.4366043401924157,-0.0970873786407767,0.9121951219512195,17.148,0.5323258356907192,0.587464425602154
0.6193766964430493,0.024271844660194174,0.0,-0.052,-0.055632540149147904,0.06871279829849761
0.6136686908396128,0.038834951456310676,0.0,-0.052,-0.056697886376323545,0.06527382506690599
0.5908366684258735,-0.0970873786407767,-0.1951219512195122,-0.052,0.055632540149147904,0.15872223075786282
0.49611560705343505,0.036548106796116496,0.0005127317073170491,0.44852559999999997,-0.10914520409462188,0.004351588337793733
0.21030296153021003,0.3398058252427184,0.04878048780487801,-0.052,0.2781627007457395,0.4287505281359585
0.19127627618542684,0.3883495145631068,0.04878048780487801,-0.052,0.2862268833202425,0.4351588337793733
-0.22731080139980078,2.0388349514563107,-0.24390243902439024,-0.052,0.6493236982930771,0.6744961923580286
-0.24062948114114963,2.0679611650485437,-0.4878048780487805,-0.052,0.8994570597188076,1.1183582028129895
-0.24062948114114963,2.0679611650485437,-0.4878048780487805,-0.052,0.8994570597188076,1.1183582028129895
-0.24633748674458394,2.0388349514563107,-0.24390243902439024,-0.052,0.6397742117152012,0.6687756813609318
-0.36186889007945283,2.0652691747572813,-0.24365829268292682,0.4485004000000001,0.45970647269615234,0.5178390121974542
-0.6268711936402473,0.1941747572815534,1.121951219512195,17.148,0.8623043723117928,0.9088008345859054
-0.7315179630365558,0.1941747572815534,1.073170731707317,17.148,0.8712161963320315,0.913833550936684
-0.7315179630365558,0.1941747572815534,1.073170731707317,17.148,0.8712161963320315,0.913833550936684
-0.8399700695018184,0.6796116504854369,0.5853658536585364,22.748,0.8308721057794943,0.8703176675587466
-0.8399700695018184,0.6796116504854369,0.5853658536585364,22.748,1.0527646038184488,1.0878970844484332
-0.8725874020282682,0.6558292233009708,0.6104700000000001,22.7628296,0.9478699683818522,0.9856347585102805
-0.879926108725865,0.6796116504854369,0.7317073170731707,22.34799999999996,0.9922484679896431,1.0661391427594646
-0.8932447884672118,0.6796116504854369,0.7317073170731707,22.34799999999996,1.0013857226846623,1.0588165553515139
-1.0145296711834892,0.6801557281553398,0.7325615609756096,22.3636908,0.6553753118759577,0.6984299282158941
-1.1462997035528273,0.6796116504854369,0.7317073170731707,22.34799999999996,1.0003172861001506,1.057435966083877
-1.1462997035528273,0.6796116504854369,0.7317073170731707,22.34799999999996,,1.0878970844484332
-1.1462997035528273,0.6796116504854369,0.7317073170731707,22.34799999999996,1.0003172861001506,1.057435966083877
-1.2357251246733088,0.8737864077669903,0.8292682926829269,27.148,1.1404670730575321,1.2088322761171226
-1.2414331302767432,0.8737864077669903,0.8780487804877999,27.148,1.1334527849235232,1.2184447345822453
-1.4259919781211405,0.9223300970873788,0.9756097560975607,29.547999999999995,1.4186297738032718,1.5988731501077054
0.49611560705343505,0.036548106796116496,0.0005127317073170491,0.44852559999999997,-0.10914520409462188,0.004351588337793733
-1.0145296711834892,0.6801557281553398,0.7325615609756096,22.3636908,0.75018392467442,0.8050438424918406
0.49611560705343505,0.036548106796116496,0.0005127317073170491,0.44852559999999997,-0.10914520409462188,0.004351588337793733
-0.36186889007945283,2.0652691747572813,-0.24365829268292682,0.4485004000000001,0.45970647269615234,0.5178390121974542
-1.0145296711834892,0.6801557281553398,0.7325615609756096,22.3636908,0.75018392467442,0.8050438424918406
0.49611560705343505,0.036548106796116496,0.0005127317073170491,0.44852559999999997,-0.10914520409462188,0.004351588337793733
-0.36186889007945283,2.0652691747572813,-0.24365829268292682,0.4485004000000001,0.41734517761598827,0.4743231288195169
-1.0145296711834892,0.6801557281553398,0.7325615609756096,22.3636908,0.6815989707351068,0.6831993690336161
-0.9340958429698748,0.6803501941747573,0.732866975609756,22.3693004,0.9599731955476133,0.9986895235236617
0.4481365283400007,-0.0970873786407767,-0.4878048780487805,-0.052,-0.06476670448683097,-0.34812706702349866
0.4481365283400007,-0.0970873786407767,-0.4878048780487805,-0.052,-0.06476670448683097,-0.34812706702349866
0.3910564723056512,-0.0970873786407767,-0.4878048780487805,-0.052,0.048196749060273124,-0.30896277198335503
0.3910564723056512,-0.0970873786407767,-0.4878048780487805,-0.052,0.048196749060273124,-0.30896277198335503
0.3149497309265185,-0.0970873786407767,-0.4878048780487805,-0.052,0.09660965772331774,-0.23933735857865532
0.3149497309265185,-0.0970873786407767,-0.4878048780487805,-0.052,0.09660965772331774,-0.23933735857865532
-0.23872681260667153,2.087378640776699,-0.3121951219512195,-0.052,0.6291516530168085,0.08703176675587466
-0.23872681260667153,2.087378640776699,-0.3121951219512195,-0.052,0.6291516530168085,0.08703176675587466
-0.27868285183071595,1.8398058252427183,-0.47804878048780486,0.148,0.8751699172061803,0.9321537378387954
-0.27868285183071595,1.8398058252427183,-0.47804878048780486,0.148,0.8751699172061803,0.9321537378387954
-0.28439085743415027,-0.0970873786407767,0.019512195121951185,20.228,0.5133641131310268,0.6975160946649576
-0.28439085743415027,-0.0970873786407767,0.019512195121951185,20.228,0.5133641131310268,0.6975160946649576
-0.41567498631315436,-0.0970873786407767,0.868292682926829,15.988,0.8052132641880807,0.9673580874915468
-0.41567498631315436,-0.0970873786407767,0.868292682926829,15.988,0.8052132641880807,0.9673580874915468
-1.6352855169137555,1.116504854368932,0.7804878048780488,34.748,1.3109667833546867,1.5230559182278065
-1.6352855169137555,1.116504854368932,0.7804878048780488,34.748,1.3109667833546867,1.5230559182278065
-2.805426665617919,0.024271844660194174,-0.024390243902439046,0.348,-0.46417320095694903,-0.2828532419565926
-2.8910467496694423,0.024271844660194174,0.024390243902439046,0.348,-0.35524415646509866,-0.16536035683616185
-3.59503410742642,0.024271844660194174,0.04878048780487801,0.348,-0.5771366545040532,-0.3437754786857049
-3.661627506133162,0.024271844660194174,0.04878048780487801,0.348,-0.4117258832386507,-0.16536035683616185
-0.3611829019660329,2.0156194660194173,0.244268487804878,0.44825000000000004,0.38910431422921227,0.2785016536187989
-0.4175776548476325,1.8446601941747571,0.24390243902439018,-0.052,0.027816270074573837,-0.021296634160867488
-0.4175776548476325,1.8446601941747571,0.24390243902439018,-0.052,0.023990294728750815,-0.021757941688968666
-0.7935449572605476,0.7766990291262136,0.473170731707317,22.188,0.6775645616798531,0.8180986075052218
-0.8818287772603431,0.645631067961165,0.6048780487804878,23.14799999999996,0.7796351107777719,0.8276721018483679
-0.8932447884672118,0.6796116504854369,0.7317073170731707,22.34799999999996,0.7232230219389227,0.7587851138202968
-1.0145296711834892,0.6801557281553398,0.7325615609756096,22.3636908,0.5000505632486895,0.5026084530151762
-1.0739982992426529,0.9708737864077668,0.6585365853658536,25.548,0.9115602868845687,1.0661391427594646
-1.0739982992426529,0.9708737864077668,0.6585365853658536,25.548,0.9115602868845687,1.0661391427594646
-1.0739982992426529,0.9708737864077668,0.6585365853658536,25.548,0.9115602868845687,1.0661391427594646
-1.2471411358801796,0.6796116504854369,0.6829268292682926,30.747999999999998,0.7703559699506886,0.8268017841808093
-1.271685559974948,0.8640776699029128,0.5463414634146341,30.667999999999996,0.9398011502713448,1.1009518494618145
-1.3104858041710414,0.6558292233009708,0.7080943902439023,30.768033199999955,0.6392376756549428,0.65273825066906
-1.3348710890695852,0.6560176213592233,0.7083936585365853,30.7757448,0.6392376756549428,0.65273825066906
-1.418381303983228,0.6553398058252426,0.7073170731707317,30.747999999999998,0.8308721057794943,
-1.418381303983228,0.6553398058252426,0.7073170731707317,30.747999999999998,0.7784247880611961,0.8180986075052218
-1.418381303983228,0.6553398058252426,0.7073170731707317,30.747999999999998,0.7784247880611961,0.8180986075052218
-0.8399700695018184,0.6796116504854369,0.5853658536585364,22.748,0.6896677888456143,0.6962541340469973
-0.8725874020282682,0.6558292233009708,0.6104700000000001,22.7628296,0.5827559488813907,0.5483001305620103
-0.9037094654068434,0.6553398058252426,0.6097560975609755,22.748,0.8913882416083001,0.9399430809634464
-0.9037094654068434,0.6553398058252426,0.6097560975609755,22.748,,1.0008653176925586
-0.9037094654068434,0.6553398058252426,0.6097560975609755,22.748,0.8913882416083001,0.9399430809634464
-1.0145296711834892,0.6801557281553398,0.7325615609756096,22.3636908,0.47382690438954034,0.44386201045496076
-1.1063436643287827,1.0194174757281553,0.6097560975609755,24.748,0.9196291049950762,1.0008653176925586
-1.1063436643287827,1.0194174757281553,0.6097560975609755,24.748,0.9196291049950762,1.0008653176925586
-1.3348710890695852,0.6560176213592233,0.7083936585365853,30.7757448,0.5968763805747788,0.65273825066906
-1.0145296711834892,0.6801557281553398,0.7325615609756096,22.3636908,0.5000505632486895,0.5026084530151762
-1.0264315858806938,1.0194174757281553,0.5853658536585364,24.748,0.6896677888456143,0.7615279591139033
-0.9340958429698748,0.6803501941747573,0.732866975609756,22.3693004,0.536360244745973,0.5352453655486291
-1.0145296711834892,0.6801557281553398,0.7325615609756096,22.3636908,0.5000505632486895,0.5026084530151762
-1.0264315858806938,1.0194174757281553,0.5853658536585364,24.748,0.6896677888456143,0.7615279591139033
-1.1046524012951697,1.0205350970873737,0.6108547804878048,24.772824800000002,0.5282914266354656,0.5504759247309072
-1.3104858041710414,0.6558292233009708,0.7080943902439023,30.768033199999955,0.6836161752627337,0.700605722384791
-1.3348710890695852,0.6560176213592233,0.7083936585365853,30.7757448,0.6836161752627337,0.700605722384791
-1.0145296711834892,0.6801557281553398,0.7325615609756096,22.3636908,0.44558604100276433,0.41340089209040465
-1.2471411358801796,0.6796116504854369,0.6829268292682926,30.747999999999998,0.7703559699506886,0.7615279591139033
-1.1472510378200662,1.0194174757281553,0.6097560975609755,24.748,0.9115602868845687,
-1.0663876251047384,0.7524271844660195,0.6585365853658536,24.748,0.8107000605032257,0.8485597258697779
-1.0663876251047384,0.7524271844660195,0.6585365853658536,24.748,0.8107000605032257,0.8485597258697779
-1.1063436643287827,1.0194174757281553,0.6097560975609755,24.748,,0.783285900802872
-0.9340958429698748,0.6803501941747573,0.732866975609756,22.3693004,0.6392376756549428,0.6549140448379568
-1.1046524012951697,1.0205350970873737,0.6108547804878048,24.772824800000002,0.6251172439615548,0.6070465731222258
-0.879926108725865,0.6796116504854369,0.7317073170731707,22.34799999999996,0.8107000605032257,0.8485597258697779
-0.9747442061935614,0.8259811650485438,0.512995756097561,24.767856000000002,0.6130140167957936,0.620101338135607
-1.0264315858806938,1.0194174757281553,0.5853658536585364,24.748,0.8107000605032257,0.913833550936684
-1.0266000671794226,0.7528946601941748,0.6591674146341463,24.7616476,0.5686355171880028,0.5787612489265664
-1.1046524012951697,1.0205350970873737,0.6108547804878048,24.772824800000002,0.6674785390417188,0.7288910465804502
-1.1046524012951697,1.0205350970873737,0.6108547804878048,24.772824800000002,0.5968763805747788,0.6222771323045038
-0.9340958429698748,0.6803501941747573,0.732866975609756,22.3693004,0.5161881994697044,0.4743231288195169
-1.1046524012951697,1.0205350970873737,0.6108547804878048,24.772824800000002,0.5827559488813907,0.5635306897442884
-1.2732454247195706,0.6800779611650485,0.5860101463414633,31.366851199999996,0.6674785390417188,0.6831993690336161
-1.4259919781211405,0.9223300970873788,0.9756097560975607,29.547999999999995,1.0292019927592364,1.0288134111983922
-1.0145296711834892,0.6801557281553398,0.7325615609756096,22.3636908,0.6674785390417188,0.7136604873981722
-1.2414331302767432,0.8737864077669903,0.8780487804877999,27.148,0.9922484679896431,1.0661391427594646
-0.8725874020282682,0.6558292233009708,0.6104700000000001,22.7628296,0.6251172439615548,0.6375076914867819
-0.8725874020282682,0.6558292233009708,0.6104700000000001,22.7628296,0.7138742431771365,0.733242634918244
-0.9037094654068434,0.6553398058252426,0.6097560975609755,22.748,1.0729366490947174,
-1.0145296711834892,0.6801557281553398,0.7325615609756096,22.3636908,0.5968763805747788,0.6375076914867819
-1.0264315858806938,1.0194174757281553,0.5853658536585364,24.748,0.9115602868845687,1.0008653176925586
-1.0266000671794226,0.7528946601941748,0.6591674146341463,24.7616476,0.6674785390417188,0.65273825066906
-1.092073650320197,0.7038834951456311,0.24390243902439018,29.947999999999997,0.7864936061717035,0.9051303742610964
-1.092073650320197,0.7038834951456311,0.24390243902439018,29.947999999999997,0.7864936061717035,0.9051303742610964
-1.1046524012951697,1.0205350970873737,0.6108547804878048,24.772824800000002,0.7804419925888229,0.8202744016741187
-1.2414331302767432,0.8737864077669903,0.8780487804877999,27.148,0.9922484679896431,1.0661391427594646
-1.3390444022331103,0.752979708737864,0.6104700000000001,32.3690736,1.1395043985064037,1.2249721170889358
-1.0145296711834892,0.6801557281553398,0.7325615609756096,22.3636908,0.6957194024284948,0.7288910465804502
-1.0145296711834892,0.6801557281553398,0.7325615609756096,22.3636908,0.6957194024284948,0.7288910465804502
-1.1046524012951697,1.0205350970873737,0.6108547804878048,24.772824800000002,0.7380806975086589,0.8202744016741187
-1.2732454247195706,0.6800779611650485,0.5860101463414633,31.366851199999996,1.0063688996830311,1.172753057035411
-0.23872681260667153,2.087378640776699,-0.3121951219512195,-0.052,1.1536248301997918,0.783285900802872
-0.23872681260667153,2.087378640776699,-0.3121951219512195,-0.052,1.1536248301997918,0.783285900802872
-1.1427438634087963,0.9719428155339805,0.6596840975609756,25.5736256,0.9478699683818522,1.0443812010704958
-1.1853044085096327,0.9708737864077668,0.6585365853658536,25.548,1.0285581494869265,1.2097415579066577
-1.1853044085096327,0.9708737864077668,0.6585365853658536,25.548,1.0285581494869265,1.2097415579066577
-1.4118773931051363,1.0203673300970875,0.5130458536585366,31.975223199999995,1.1415216030340307,1.4077388272762725
-1.4478726662676409,1.0194174757281553,0.5121951219512195,31.947999999999997,1.1697624664208066,1.449078916485313
-1.4478726662676409,1.0194174757281553,0.5121951219512195,31.947999999999997,1.1697624664208066,1.449078916485313
-1.4478726662676409,1.0194174757281553,0.5121951219512195,31.947999999999997,,1.566571801605744
-1.1427438634087963,0.9719428155339805,0.6596840975609756,25.5736256,1.0628506264565831,1.2684880004668733
-1.4118773931051363,1.0203673300970875,0.5130458536585366,31.975223199999995,1.1879173071694484,1.4120904156140663
0.7238806895925296,-0.07280339805825242,-0.1583718536585366,0.1481,-0.2543839300837557,-0.08485597258697779
0.5794206572190048,0.0,-0.2682926829268293,-0.052,,-0.4699715404817232
0.5318539438570458,0.0,-0.2682926829268293,-0.052,,-0.40034612707702344
0.469065882219262,0.0,-0.2682926829268293,-0.052,,-0.23933735857865532
0.4367205171331299,-0.0970873786407767,-0.4878048780487805,-0.052,0.2539516108782127,0.17841512184954306
0.4367205171331299,-0.0970873786407767,-0.4878048780487805,-0.052,0.2539516108782127,0.17841512184954306
0.07331082704777162,0.5339805825242718,-0.14634146341463902,-0.052,0.8470097420005093,0.9660526109902087
0.07331082704777162,0.5339805825242718,-0.14634146341463902,-0.052,1.2665882837468958,1.1183582028129895
-0.0142119255382297,1.3106796116504804,-0.41463414634146345,-0.052,0.9115602868845687,1.0008653176925586
-0.0142119255382297,1.3106796116504804,-0.41463414634146345,-0.052,0.9115602868845687,1.0008653176925586
-0.02374429489596767,1.0922330097087378,-0.3780487804878049,2.1479999999999997,0.3063989285965111,0.3698850087124673
-0.02374429489596767,1.0922330097087378,-0.3780487804878049,2.1479999999999997,0.3063989285965111,0.3698850087124673
-0.0370439479519712,2.5728155339805823,-0.4878048780487805,-0.052,0.32657097387277967,0.21757941688968666
-0.0370439479519712,1.8446601941747571,0.24390243902439018,-0.052,0.8913882416083001,0.5483001305620103
-0.03991697743903157,1.0922330097087378,-0.3780487804878049,2.1479999999999997,0.3063989285965111,0.3698850087124673
-0.07890265571049375,0.825242718446602,-0.04878048780487809,-0.052,1.036626967597434,1.6405488033482374
-0.07890265571049375,0.825242718446602,-0.04878048780487809,-0.052,1.5046184180068654,1.3663987380672322
-0.22731080139980078,2.5728155339805823,-0.4878048780487805,-0.052,0.33379524089488743,0.21872851906410623
-0.24633748674458394,2.087378640776699,0.24390243902439018,-0.052,0.6397742117152012,0.8187914021265402
-0.24633748674458394,0.9466019417475726,0.24390243902439018,0.9480000000000001,0.6331860620720622,0.7180120757359659
-0.24633748674458394,0.9466019417475726,0.24390243902439018,0.9480000000000001,1.1536248301997918,0.9704041993280025
-0.28439085743415027,-0.0970873786407767,0.019512195121951185,20.228,0.47164832349970326,0.6675336510175586
-0.28439085743415027,-0.0970873786407767,0.019512195121951185,20.228,0.47164832349970326,0.6675336510175586
-0.41567498631315436,-0.0970873786407767,0.868292682926829,15.988,0.7496191074066846,0.9373756438441482
-0.41567498631315436,-0.0970873786407767,0.868292682926829,15.988,0.7496191074066846,0.9373756438441482
-0.44421501433033017,2.524271844660194,-0.2926829268292683,-0.052,1.2988635561889257,1.6100876849836812
-0.44421501433033017,2.524271844660194,-0.2926829268292683,-0.052,1.2988635561889257,1.6100876849836812
-1.6352855169137555,1.116504854368932,0.7804878048780488,34.748,0.7058054250666291,0.7876374891406657
-1.6352855169137555,1.116504854368932,0.7804878048780488,34.748,0.7058054250666291,0.7876374891406657
0.7430501511841388,-0.0970873786407767,-0.14634146341463902,-0.052,0.027816270074573837,
0.6431600531240277,-0.04854368932038835,-0.15853658536585366,0.348,-0.2987624296915466,
0.6193766964430493,0.024271844660194174,0.0,-0.052,0.22253016059659161,0.4287505281359585
0.039062793427161485,1.29126213592233,-0.4829268292682927,-0.011999999999999993,1.0689022400394637,1.27066379463577
0.039062793427161485,1.29126213592233,-0.4829268292682927,-0.011999999999999993,1.2827259199679109,1.4229693864585506
-0.24633748674458394,2.087378640776699,0.24390243902439018,-0.052,0.5006928613423312,0.6687756813609318
-0.2577534979514547,2.9611650485436893,-0.4878048780487805,-0.052,0.5282914266354656,0.391642950401436
-0.29390420010654295,2.9611650485436893,-0.4878048780487805,-0.052,0.5285091314169051,0.39874738398283643
-0.3611829019660329,2.0156194660194173,0.244268487804878,0.44825000000000004,0.48794733608292834,0.5939918081088446
-0.3705085273608124,2.9643796116504855,-0.4829217073170732,0.14821039999996,0.4798785179724209,0.3198417428278394
0.6431600531240277,-0.04854368932038835,-0.15853658536585366,0.348,-0.2584183391390094,
-0.2615588350204109,1.6019417475728155,-0.23170731707317072,1.348,0.721943061287644,0.9399430809634464
-0.2615588350204109,1.6019417475728155,-0.23170731707317072,1.348,0.721943061287644,0.9399430809634464
-0.2615588350204109,1.6019417475728155,-0.23170731707317072,1.348,0.721943061287644,0.9399430809634464
0.8001302072184883,-0.0970873786407767,-0.14634146341463902,-0.052,-0.278590384415278,-0.08703176675587466
0.8001302072184883,-0.0970873786407767,-0.14634146341463902,-0.052,-0.2781627007457396,-0.08130292246711077
0.7238806895925296,-0.07280339805825242,-0.1583718536585366,0.1481,-0.278590384415278,-0.08268017841808092
0.039062793427161485,1.29126213592233,-0.4829268292682927,-0.011999999999999993,0.907525877829315,1.0661391427594646
0.039062793427161485,1.29126213592233,-0.4829268292682927,-0.011999999999999993,1.4118270097360297,1.3402892080404698
-0.03306914019664684,1.2145759708737864,-0.42678351219512195,0.14814999999999998,0.6533581073483308,0.7593521649450063
-0.1102966865293846,1.2135922330097089,-0.36585365853658536,0.348,0.8349065148347481,0.9704041993280025
-0.1102966865293846,1.2135922330097089,-0.36585365853658536,0.348,0.8349065148347481,0.9704041993280025
-0.1102966865293846,1.2135922330097089,-0.36585365853658536,0.348,0.8349065148347481,0.9704041993280025
-0.209254477007602,1.2135922330097089,-0.3414634146341463,2.7479999999999603,0.8833194234977927,1.1314129678263705
-0.209254477007602,1.2135922330097089,-0.3414634146341463,2.7479999999999603,0.8833194234977927,1.1314129678263705
-0.3110472436021933,1.2135922330097089,-0.12195121951219515,2.7479999999999603,0.8833194234977927,1.1314129678263705
0.8001302072184883,-0.0970873786407767,-0.14634146341463902,-0.052,-0.4803108371779639,-0.32636912533453
0.8001302072184883,-0.0970873786407767,-0.14634146341463902,-0.052,-0.4728765912677573,-0.3213280756920846
0.7238806895925296,-0.07280339805825242,-0.1583718536585366,0.1481,-0.4722420190674565,-0.32201753699673624
0.8001302072184883,-0.0970873786407767,-0.14634146341463902,-0.052,-0.13908135037286987,0.038709654145376034
0.8001302072184883,-0.0970873786407767,-0.14634146341463902,-0.052,-0.1172140222051293,0.04351588337793733
0.7238806895925296,-0.07280339805825242,-0.1583718536585366,0.1481,-0.13536886295377104,0.0391642950401436
0.8001302072184883,-0.0970873786407767,-0.14634146341463902,-0.052,0.027816270074573837,0.15872223075786282
-0.21399212165845405,1.6262135922330094,-0.2926829268292683,0.9480000000000001,0.8712161963320315,1.0443812010704958
-0.21399212165845405,1.6262135922330094,-0.2926829268292683,0.9480000000000001,0.8712161963320315,1.0443812010704958
-0.21399212165845405,1.6262135922330094,-0.2926829268292683,0.9480000000000001,0.8712161963320315,1.0443812010704958
-0.11315068933110388,1.5048543689320388,0.24390243902439018,0.9480000000000001,0.6291516530168085,
-0.004507688131774574,0.5344542233009709,-0.024042439024390214,0.44837520000000003,0.7300118793981514,0.7941648716473563
-0.10363734665871123,0.5339805825242718,-0.024390243902439046,0.9480000000000001,0.7098398341218828,0.8485597258697779
-0.10363734665871123,0.5339805825242718,-0.024390243902439046,0.9480000000000001,0.7098398341218828,0.8485597258697779
-0.10363734665871123,0.5339805825242718,-0.024390243902439046,0.9480000000000001,0.7098398341218828,0.8485597258697779
-0.22731080139980078,2.0388349514563107,0.24390243902439018,-0.052,0.6493236982930771,0.783285900802872
-0.24633748674458394,2.087378640776699,0.24390243902439018,-0.052,0.6397742117152012,0.8187914021265402
-0.2577534979514547,2.9611650485436893,-0.4878048780487805,-0.052,0.5282914266354656,0.391642950401436
-0.29390420010654295,2.9611650485436893,-0.4878048780487805,-0.052,0.5285091314169051,0.39874738398283643
-0.31425457195076195,2.0166768932038837,0.24463487804878045,0.4485004000000001,0.44558604100276433,0.5504759247309072
-0.3611829019660329,2.0156194660194173,0.244268487804878,0.44825000000000004,0.536360244745973,0.6375076914867819
-0.3705085273608124,2.9643796116504855,-0.4829217073170732,0.14821039999996,0.36086345084243626,0.2197552110585835
-0.3611829019660329,2.0156194660194173,0.244268487804878,0.44825000000000004,0.4798785179724209,0.6048707789533289
-0.3611829019660329,2.0156194660194173,0.244268487804878,0.44825000000000004,0.4798785179724209,0.6048707789533289
-0.3705085273608124,2.9643796116504855,-0.4829217073170732,0.14821039999996,0.3326225874556602,0.10008653176925586
-0.3705085273608124,2.9643796116504855,-0.4829217073170732,0.14821039999996,0.249917201822959,0.17406353351174933
-0.24633748674458394,2.087378640776699,0.24390243902439018,-0.052,0.7788555620880706,0.9988102670452704
-0.3611829019660329,2.0156194660194173,0.244268487804878,0.44825000000000004,0.5827559488813907,0.7441216057627283
0.0716561713567637,1.2631561165048544,-0.42678351219512195,0.0480752,0.42541399572649574,0.5613548955753915
-0.2577534979514547,2.9611650485436893,-0.4878048780487805,-0.052,0.6089796077405399,0.587464425602154
-0.29390420010654295,2.9611650485436893,-0.4878048780487805,-0.052,0.6119579416406269,0.5787662489015666
-0.329974172035713,2.7445655339805826,-0.3779774146341463,0.14813,0.5061021768315701,0.6092223672911227
-0.33005490226163114,2.9757281553398056,-0.4878048780487805,0.028000000000000008,0.5888075624642714,0.5657064839131852
-0.33005490226163114,2.9757281553398056,-0.4878048780487805,0.028000000000000008,0.5888075624642714,0.5657064839131852
-0.3705085273608124,2.9643796116504855,-0.4829217073170732,0.14821039999996,0.3205193602898991,0.3851155678947454
-0.4280423317872642,2.9611650485436893,-0.47804878048780486,0.348,0.6089796077405399,
0.634598044718874,0.038834951456310676,0.0,-0.052,0.3063989285965111,0.5221906005352479
0.4500391968744788,0.024271844660194174,0.0,-0.052,0.30597897082031356,0.5187599605953233
0.3086704871489758,0.03615461165048543,-0.0009250731707316969,0.447052,0.16922902071788465,0.3307207136723237
0.6193766964430493,0.024271844660194174,0.0,-0.052,0.33379524089488743,0.5787662489015666
0.6193766964430493,0.024271844660194174,0.0,-0.052,0.556325401491479,0.848794546279662
0.9047769766147968,-0.0970873786407767,-0.4878048780487805,-0.052,,0.17406353351174933
0.8707762899036675,-0.09635922330097088,-0.4136585365853707,-0.04959999999999999,-0.8635796974270671,-0.6744961923580286
0.3905808051720306,-0.09611650485436893,0.9560975609756097,-0.041999999999999996,-0.520654927730501,-0.879020844234334
0.37537848358154896,-0.09611650485436893,0.926829268292678,-0.047999999999999994,-0.4601387919016953,-0.65273825066906
0.1532229054958605,-0.0970873786407767,1.4634146341463414,-0.052,0.5484634719117342,0.6701446040202349
-0.22731080139980078,-0.0970873786407767,2.439024390243902,-0.052,0.721943061287644,0.7528247824383159
